user_id,name,phone,registration_date
1,Максимова Надежда Петровна,+375 (44) 704-83-39,2025-07-01
2,Богданов Михаил Максимович,+375 (44) 354-36-39,2025-09-13
3,Журавлёва Виктория Максимовна,+375 (25) 268-60-26,2025-01-25
4,Сергеева Наталья Александровна,+375 (25) 398-76-52,2025-02-28
5,Королёв Константин Павлович,+375 (29) 296-66-72,2024-11-10
6,Козлов Тимофей Николаевич,+375 (25) 682-70-79,2025-03-04
7,Шевченко Татьяна Сергеевна,+375 (44) 971-34-80,2024-12-27
8,Тарасова Татьяна Алексеевна,+375 (29) 306-73-07,2026-03-13
9,Королёва Анастасия Андреевна,+375 (29) 797-29-12,2025-09-27
10,Волков Кирилл Николаевич,+375 (29) 948-69-33,2025-08-07
11,Ковалевская Александра Игоревна,+375 (33) 566-14-97,2025-10-28
12,Орлова София Максимовна,+375 (29) 414-90-03,2025-07-27
13,Цветков Олег Иванович,+375 (33) 118-66-51,2025-07-17
14,Данилова Виктория Михайловна,+375 (33) 410-54-04,2024-12-30
15,Сергеева Марина Николаевна,+375 (33) 228-87-09,2025-07-18
16,Козлов Константин Викторович,+375 (33) 496-91-04,2026-09-21
17,Тарасова Лариса Олеговна,+375 (29) 695-66-01,2025-11-25
18,Герасимов Кирилл Игоревич,+375 (33) 779-10-36,2025-04-12
19,Сорокин Ярослав Максимович,+375 (33) 462-96-38,2025-02-10
20,Борисова Наталья Михайловна,+375 (29) 288-86-06,2025-01-06
21,Фёдоров Егор Олегович,+375 (44) 162-99-54,2024-11-04
22,Сорокин Роман Дмитриевич,+375 (29) 869-93-36,2025-02-05
23,Соколов Артём Александрович,+375 (29) 454-46-99,2024-12-28
24,Куликов Даниил Викторович,+375 (44) 422-21-61,2025-07-16
25,Соколова Анастасия Юрьевна,+375 (29) 440-94-29,2025-05-29
26,Лазарева София Викторовна,+375 (29) 980-84-20,2025-06-12
27,Романов Александр Владимирович,+375 (25) 274-49-44,2025-09-07
28,Максимова Светлана Петровна,+375 (29) 161-90-38,2024-10-12
29,Баранова Полина Владимировна,+375 (29) 398-78-65,2025-07-04
30,Волкова Татьяна Ивановна,+375 (25) 333-67-08,2026-09-28
31,Воробьёва Наталья Евгеньевна,+375 (33) 652-51-71,2025-05-23
32,Журавлёв Игорь Николаевич,+375 (25) 207-55-95,2026-08-28
33,Новицкий Руслан Михайлович,+375 (29) 413-78-96,2024-11-05
34,Кузнецов Ярослав Игоревич,+375 (29) 165-29-23,2026-03-27
35,Медведева Светлана Игоревна,+375 (33) 346-67-07,2025-08-25
36,Куликова Ольга Петровна,+375 (29) 926-49-91,2025-05-29
37,Михайлов Роман Максимович,+375 (44) 579-91-93,2025-08-09
38,Степанова Мария Игоревна,+375 (29) 334-37-96,2024-10-01
39,Климович Тимофей Сергеевич,+375 (44) 674-30-06,2025-07-24
40,Семёнов Иван Алексеевич,+375 (33) 773-08-59,2025-06-12
41,Крылова Ксения Петровна,+375 (29) 624-50-30,2025-10-11
42,Соколова Полина Викторовна,+375 (44) 105-67-73,2025-09-21
43,Соболев Григорий Дмитриевич,+375 (33) 702-97-24,2025-09-26
44,Попова Наталья Александровна,+375 (29) 480-29-16,2025-03-27
45,Кузнецов Антон Максимович,+375 (44) 853-81-14,2025-07-08
46,Сидоров Максим Петрович,+375 (33) 163-80-57,2025-08-31
47,Фролова Александра Евгеньевна,+375 (44) 670-84-04,2025-06-16
48,Захаров Ярослав Николаевич,+375 (33) 300-93-15,2025-06-22
49,Ершова Полина Евгеньевна,+375 (33) 583-75-99,2026-04-08
50,Волкова Вера Олеговна,+375 (25) 632-15-37,2026-08-31
51,Ковалевский Артём Юрьевич,+375 (33) 149-04-72,2025-06-10
52,Журавлёв Никита Олегович,+375 (29) 160-58-66,2025-01-16
53,Алексеев Тимофей Дмитриевич,+375 (33) 299-67-16,2025-11-03
54,Мельник Денис Петрович,+375 (44) 399-82-66,2026-08-20
55,Морозов Юрий Александрович,+375 (29) 636-48-55,2025-04-01
56,Белова Ирина Юрьевна,+375 (29) 228-70-46,2026-03-18
57,Смирнова Елена Петровна,+375 (44) 768-71-24,2025-11-03
58,Волкова Евгения Николаевна,+375 (33) 712-84-12,2026-01-14
59,Крылова Виктория Михайловна,+375 (29) 966-40-64,2025-04-14
60,Гусева Евгения Владимировна,+375 (44) 926-73-17,2025-08-17
61,Григорьев Владимир Иванович,+375 (29) 743-95-87,2024-10-20
62,Шевченко Екатерина Алексеевна,+375 (25) 777-45-14,2025-02-28
63,Данилов Даниил Дмитриевич,+375 (29) 526-69-24,2025-09-18
64,Ильин Алексей Михайлович,+375 (33) 395-84-65,2025-03-30
65,Макаров Дмитрий Евгеньевич,+375 (33) 293-22-84,2024-10-27
66,Лебедева Алёна Павловна,+375 (33) 785-33-16,2025-01-02
67,Николаев Владимир Петрович,+375 (29) 326-79-65,2026-08-28
68,Котов Олег Максимович,+375 (44) 420-74-85,2024-11-09
69,Степанова Александра Дмитриевна,+375 (29) 109-79-33,2025-07-25
70,Алексеева Дарья Дмитриевна,+375 (29) 407-95-04,2025-11-20
71,Максимова Милана Максимовна,+375 (44) 350-10-20,2026-06-16
72,Киселёв Александр Олегович,+375 (29) 205-47-09,2026-02-11
73,Гусев Павел Андреевич,+375 (44) 705-48-27,2026-06-15
74,Мельник Алина Ивановна,+375 (44) 180-55-61,2026-05-10
75,Ковалёв Алексей Иванович,+375 (29) 277-97-07,2025-01-30
76,Ковалевская Валерия Владимировна,+375 (29) 839-52-95,2025-06-28
77,Волкова София Владимировна,+375 (29) 596-04-60,2025-09-05
78,Алексеев Алексей Петрович,+375 (25) 305-56-67,2024-11-26
79,Алексеев Антон Иванович,+375 (44) 135-17-92,2026-03-22
80,Комаров Юрий Максимович,+375 (29) 357-20-85,2025-09-18
81,Островская Марина Александровна,+375 (29) 692-76-30,2025-09-12
82,Куликова Людмила Владимировна,+375 (29) 299-08-30,2025-03-10
83,Шевченко Алёна Викторовна,+375 (44) 824-45-12,2025-09-15
84,Богданова Екатерина Дмитриевна,+375 (44) 117-98-73,2025-01-10
85,Макарова Людмила Петровна,+375 (29) 324-17-77,2024-10-20
86,Куликов Кирилл Максимович,+375 (33) 844-15-13,2026-02-21
87,Романов Кирилл Сергеевич,+375 (29) 302-80-09,2025-06-15
88,Воробьёва Анастасия Ивановна,+375 (29) 819-10-46,2025-11-02
89,Комарова Юлия Павловна,+375 (44) 988-76-04,2025-05-23
90,Герасимова Милана Андреевна,+375 (25) 777-03-18,2025-07-05
91,Тарасова Вера Павловна,+375 (44) 462-57-12,2025-08-31
92,Цветков Юрий Михайлович,+375 (33) 316-86-52,2026-09-01
93,Куликова Дарья Александровна,+375 (44) 649-62-59,2024-10-28
94,Островский Артём Николаевич,+375 (33) 384-45-84,2026-07-15
95,Фёдорова Светлана Игоревна,+375 (29) 299-89-24,2024-12-11
96,Крылова Анна Александровна,+375 (29) 696-65-57,2025-08-03
97,Алексеев Андрей Петрович,+375 (29) 725-42-25,2026-02-11
98,Соколова Марина Максимовна,+375 (44) 970-99-66,2025-05-14
99,Никитина Виктория Михайловна,+375 (29) 610-09-35,2025-04-24
100,Богданов Владимир Максимович,+375 (44) 216-66-23,2026-05-21
101,Новикова Алина Алексеевна,+375 (29) 919-67-23,2025-01-18
102,Сорокина Анастасия Дмитриевна,+375 (44) 644-90-86,2025-08-09
103,Жукова Татьяна Николаевна,+375 (29) 195-16-90,2025-03-01
104,Михайлова Милана Дмитриевна,+375 (29) 356-17-29,2024-11-15
105,Герасимов Сергей Сергеевич,+375 (29) 115-02-34,2026-03-10
106,Петрова Марина Дмитриевна,+375 (29) 637-70-59,2026-08-01
107,Павлов Кирилл Иванович,+375 (25) 883-59-66,2025-08-14
108,Цветков Глеб Иванович,+375 (29) 750-17-41,2026-08-09
109,Иванова Юлия Александровна,+375 (33) 506-80-83,2025-04-11
110,Макарова Полина Павловна,+375 (29) 452-29-67,2025-05-25
111,Степанова Лариса Андреевна,+375 (33) 455-97-43,2025-08-22
112,Кузнецова Алина Ивановна,+375 (29) 197-33-55,2026-03-24
113,Котова Наталья Сергеевна,+375 (29) 953-01-57,2025-03-21
114,Степанов Денис Юрьевич,+375 (44) 256-58-12,2024-10-21
115,Киселёва Валерия Викторовна,+375 (25) 463-67-91,2025-02-24
116,Котова Надежда Евгеньевна,+375 (25) 685-99-55,2025-12-11
117,Романов Сергей Максимович,+375 (33) 832-97-32,2024-10-26
118,Медведев Михаил Николаевич,+375 (44) 354-97-77,2025-01-22
119,Соколова Алёна Владимировна,+375 (29) 716-18-97,2025-01-11
120,Волкова Марина Максимовна,+375 (25) 192-18-51,2025-03-05
121,Смирнов Фёдор Петрович,+375 (44) 892-44-07,2024-12-26
122,Яковлева Милана Олеговна,+375 (29) 936-06-58,2025-03-31
123,Крылов Григорий Павлович,+375 (44) 125-90-24,2025-02-15
124,Мельник Никита Сергеевич,+375 (29) 311-32-94,2025-02-17
125,Захаров Григорий Петрович,+375 (44) 503-13-72,2025-11-21
126,Смирнова София Игоревна,+375 (44) 470-12-98,2024-11-07
127,Пономарёва Полина Юрьевна,+375 (44) 366-38-64,2025-06-15
128,Пономарёва Людмила Игоревна,+375 (29) 883-78-65,2025-12-18
129,Борисов Артём Олегович,+375 (29) 537-03-67,2025-09-19
130,Соболев Егор Юрьевич,+375 (33) 926-75-94,2025-03-20
131,Романов Антон Александрович,+375 (33) 170-33-03,2026-06-05
132,Никитин Роман Сергеевич,+375 (29) 158-73-20,2025-02-07
133,Алексеев Николай Павлович,+375 (25) 579-63-09,2025-06-25
134,Морозов Григорий Юрьевич,+375 (44) 526-46-59,2026-06-05
135,Попова София Павловна,+375 (29) 777-59-96,2025-05-23
136,Лукашевич Наталья Андреевна,+375 (33) 313-36-47,2025-04-25
137,Кузьмин Фёдор Дмитриевич,+375 (44) 733-17-20,2025-07-09
138,Орлов Даниил Александрович,+375 (29) 359-72-19,2025-02-14
139,Белова Анна Михайловна,+375 (33) 460-15-97,2025-07-20
140,Смирнов Игорь Иванович,+375 (29) 136-00-50,2025-04-22
141,Новицкая Виктория Игоревна,+375 (33) 851-72-84,2026-03-07
142,Попова Надежда Олеговна,+375 (33) 104-34-41,2026-06-09
143,Богданов Иван Павлович,+375 (29) 740-10-38,2026-07-01
144,Кудрявцева Марина Алексеевна,+375 (44) 747-96-30,2024-10-12
145,Макаров Владимир Сергеевич,+375 (44) 394-09-97,2025-09-25
146,Сидоров Андрей Евгеньевич,+375 (33) 706-04-92,2024-10-15
147,Орлов Фёдор Олегович,+375 (29) 709-00-33,2025-05-25
148,Жукова Ирина Максимовна,+375 (29) 482-15-23,2026-03-20
149,Михайлов Артём Иванович,+375 (44) 487-46-31,2024-10-20
150,Сидоренко Ольга Викторовна,+375 (33) 122-21-59,2025-02-23
151,Макаров Артём Викторович,+375 (33) 367-56-23,2026-08-08
152,Иванова Юлия Олеговна,+375 (29) 685-08-05,2024-12-31
153,Лебедев Евгений Дмитриевич,+375 (33) 768-89-97,2025-07-05
154,Журавлёв Игорь Викторович,+375 (25) 628-63-84,2025-07-28
155,Гусева Виктория Александровна,+375 (44) 115-10-21,2025-05-28
156,Котова Алина Петровна,+375 (44) 328-99-09,2025-10-09
157,Жукова Елена Евгеньевна,+375 (29) 960-06-93,2025-01-02
158,Сидоров Евгений Дмитриевич,+375 (29) 345-06-91,2025-11-03
159,Комаров Иван Евгеньевич,+375 (33) 297-61-04,2026-04-18
160,Рябов Илья Михайлович,+375 (33) 673-23-44,2026-01-06
161,Кузнецов Михаил Игоревич,+375 (44) 725-32-34,2025-09-19
162,Рогова Алёна Максимовна,+375 (29) 610-73-93,2024-10-13
163,Волков Дмитрий Владимирович,+375 (33) 580-25-86,2025-10-10
164,Фролова София Дмитриевна,+375 (33) 761-94-05,2024-11-19
165,Крылов Юрий Петрович,+375 (33) 327-55-05,2025-06-03
166,Степанова Лариса Ивановна,+375 (33) 576-18-76,2026-03-04
167,Фролов Евгений Юрьевич,+375 (29) 259-22-68,2025-01-27
168,Шевченко Елена Петровна,+375 (29) 868-80-37,2026-05-30
169,Рябова Ольга Олеговна,+375 (29) 411-74-99,2025-10-13
170,Никитина Екатерина Максимовна,+375 (44) 767-34-29,2025-01-21
171,Ковалёв Юрий Петрович,+375 (33) 484-76-94,2025-05-05
172,Белов Александр Александрович,+375 (25) 522-05-06,2025-11-18
173,Сидоренко Марина Игоревна,+375 (29) 474-95-83,2025-06-10
174,Воробьёва Лариса Олеговна,+375 (33) 465-30-80,2024-12-11
175,Гусева Ирина Алексеевна,+375 (33) 458-59-78,2025-10-31
176,Степанов Игорь Викторович,+375 (25) 599-76-85,2024-10-01
177,Ильин Владимир Алексеевич,+375 (29) 716-67-33,2024-12-23
178,Андреев Дмитрий Игоревич,+375 (33) 233-70-66,2025-05-26
179,Королёв Дмитрий Максимович,+375 (33) 558-14-92,2024-12-19
180,Орлова Мария Ивановна,+375 (25) 741-87-69,2025-07-03
181,Рогова Марина Александровна,+375 (44) 808-49-22,2024-11-07
182,Зайцев Егор Игоревич,+375 (29) 988-45-76,2025-06-25
183,Ильин Кирилл Сергеевич,+375 (29) 277-96-88,2025-05-06
184,Крылова Людмила Александровна,+375 (44) 375-88-12,2026-04-22
185,Куликов Алексей Павлович,+375 (29) 213-88-46,2026-01-07
186,Никитина София Владимировна,+375 (33) 276-57-10,2025-05-10
187,Григорьева Светлана Алексеевна,+375 (29) 507-91-56,2025-03-14
188,Орлова Евгения Александровна,+375 (44) 681-83-02,2025-09-24
189,Поляков Роман Александрович,+375 (29) 257-22-67,2024-11-26
190,Фёдоров Егор Иванович,+375 (29) 592-07-94,2025-08-20
191,Поляков Андрей Игоревич,+375 (29) 920-00-03,2025-12-02
192,Новиков Станислав Михайлович,+375 (33) 378-19-13,2026-03-25
193,Ершов Григорий Алексеевич,+375 (33) 213-38-59,2025-05-15
194,Козлова Евгения Николаевна,+375 (44) 678-75-96,2026-06-19
195,Сидоренко Константин Олегович,+375 (29) 202-25-15,2026-04-28
196,Пономарёва Елена Алексеевна,+375 (44) 769-04-42,2025-01-06
197,Сидоров Григорий Николаевич,+375 (29) 739-42-99,2025-09-02
198,Лебедева Ольга Андреевна,+375 (29) 410-22-57,2025-08-23
199,Павлова Евгения Ивановна,+375 (29) 351-86-44,2026-02-02
200,Островский Максим Николаевич,+375 (29) 355-40-81,2024-11-18
201,Борисова Мария Петровна,+375 (25) 177-50-94,2025-08-21
202,Тарасова Татьяна Максимовна,+375 (33) 904-40-97,2026-03-13
203,Беляев Игорь Иванович,+375 (44) 949-44-38,2025-03-15
204,Петров Игорь Петрович,+375 (33) 999-64-11,2026-07-24
205,Семёнова Светлана Викторовна,+375 (33) 992-20-80,2025-06-11
206,Максимова Ирина Викторовна,+375 (25) 686-03-49,2026-02-17
207,Королёва Дарья Ивановна,+375 (44) 664-78-12,2026-06-06
208,Андреев Алексей Андреевич,+375 (44) 157-97-95,2025-01-12
209,Петров Денис Александрович,+375 (29) 406-78-30,2025-10-05
210,Киселёва Валерия Евгеньевна,+375 (33) 329-41-15,2025-06-29
211,Ковалёв Денис Андреевич,+375 (44) 358-17-39,2025-04-29
212,Козлов Кирилл Михайлович,+375 (29) 243-30-50,2025-03-29
213,Королёв Кирилл Максимович,+375 (44) 787-15-18,2026-07-17
214,Лазарева Валерия Игоревна,+375 (44) 236-80-17,2025-08-21
215,Рогов Игорь Игоревич,+375 (33) 478-38-19,2025-07-26
216,Макаров Иван Алексеевич,+375 (29) 627-39-12,2024-10-06
217,Беляева Алёна Евгеньевна,+375 (25) 250-26-70,2025-01-10
218,Николаева Виктория Алексеевна,+375 (29) 916-77-90,2025-08-16
219,Макарова Надежда Евгеньевна,+375 (44) 414-82-52,2025-06-13
220,Пономарёва Александра Николаевна,+375 (29) 813-80-54,2025-05-03
221,Поляков Даниил Юрьевич,+375 (33) 729-18-20,2025-11-21
222,Шевченко Игорь Дмитриевич,+375 (33) 865-40-85,2024-11-24
223,Комарова Анна Владимировна,+375 (25) 964-71-50,2024-10-22
224,Герасимов Никита Николаевич,+375 (25) 143-02-17,2026-05-14
225,Новикова Надежда Сергеевна,+375 (25) 774-15-83,2025-09-24
226,Жуков Дмитрий Дмитриевич,+375 (33) 240-34-78,2025-06-25
227,Смирнова Вера Петровна,+375 (33) 761-68-55,2025-03-02
228,Никитин Роман Дмитриевич,+375 (29) 903-91-44,2026-05-11
229,Богданов Глеб Михайлович,+375 (29) 783-38-56,2025-05-30
230,Баранов Артём Викторович,+375 (33) 818-13-68,2026-09-16
231,Попов Алексей Владимирович,+375 (33) 815-43-69,2025-07-02
232,Ершова Алина Юрьевна,+375 (25) 604-00-49,2025-09-29
233,Куликов Станислав Евгеньевич,+375 (29) 429-55-02,2026-09-25
234,Лазарев Фёдор Александрович,+375 (33) 953-59-65,2025-04-27
235,Макарова Лариса Павловна,+375 (25) 628-28-12,2025-02-17
236,Иванов Фёдор Андреевич,+375 (33) 206-14-79,2025-09-26
237,Захарова Надежда Алексеевна,+375 (44) 458-91-18,2026-03-22
238,Никитина Екатерина Петровна,+375 (29) 808-19-33,2024-11-02
239,Лазарев Олег Дмитриевич,+375 (33) 877-29-16,2024-10-04
240,Михайлова Елена Андреевна,+375 (29) 203-81-20,2025-02-08
241,Соболева Татьяна Юрьевна,+375 (44) 423-96-15,2025-03-24
242,Сергеева Полина Владимировна,+375 (33) 960-92-15,2025-03-02
243,Богданов Сергей Михайлович,+375 (29) 418-02-75,2025-05-18
244,Козлов Кирилл Владимирович,+375 (29) 319-59-69,2025-07-19
245,Орлова Ксения Максимовна,+375 (29) 776-86-29,2025-05-16
246,Петров Антон Николаевич,+375 (29) 863-17-12,2026-05-26
247,Соболев Никита Олегович,+375 (29) 196-27-24,2025-10-13
248,Петров Антон Евгеньевич,+375 (29) 753-11-62,2025-01-26
249,Смирнов Кирилл Михайлович,+375 (33) 750-40-90,2025-02-20
250,Волков Артём Петрович,+375 (29) 563-95-74,2025-09-08
251,Орлова Ирина Петровна,+375 (33) 701-75-60,2025-10-11
252,Петрова Ольга Олеговна,+375 (44) 532-14-76,2026-03-03
253,Пономарёв Денис Евгеньевич,+375 (29) 597-16-50,2025-11-14
254,Новикова Марина Максимовна,+375 (44) 420-96-62,2025-03-03
255,Фролова Виктория Юрьевна,+375 (29) 406-94-03,2025-07-11
256,Романова Дарья Владимировна,+375 (29) 204-21-54,2024-12-15
257,Соколова Анна Николаевна,+375 (29) 245-81-17,2025-04-19
258,Ильин Владимир Павлович,+375 (25) 135-56-12,2025-06-27
259,Морозова Екатерина Игоревна,+375 (33) 371-05-72,2025-04-05
260,Котов Артём Петрович,+375 (29) 580-31-56,2026-03-31
261,Борисов Тимофей Иванович,+375 (29) 679-94-88,2024-10-27
262,Журавлёва Наталья Петровна,+375 (44) 775-65-17,2025-01-17
263,Андреева Валерия Михайловна,+375 (25) 825-54-40,2026-07-01
264,Морозова София Александровна,+375 (29) 118-99-18,2024-12-15
265,Воробьёв Евгений Павлович,+375 (44) 692-23-68,2026-09-09
266,Титова Лариса Николаевна,+375 (29) 397-06-62,2025-05-13
267,Данилов Олег Викторович,+375 (29) 373-32-82,2026-05-09
268,Кузьмина Наталья Николаевна,+375 (44) 178-94-52,2025-09-22
269,Ковалевская Александра Игоревна,+375 (44) 177-82-90,2025-01-15
270,Андреева Виктория Юрьевна,+375 (29) 673-20-09,2024-12-06
271,Воробьёва Евгения Дмитриевна,+375 (44) 562-26-83,2025-02-26
272,Алексеева Людмила Владимировна,+375 (44) 668-43-12,2025-07-17
273,Козлов Станислав Александрович,+375 (33) 168-15-71,2024-12-31
274,Медведева Елена Павловна,+375 (29) 962-51-04,2025-05-30
275,Лебедев Игорь Юрьевич,+375 (33) 804-20-96,2026-04-17
276,Григорьев Андрей Николаевич,+375 (44) 827-24-73,2025-02-13
277,Ковалёв Кирилл Евгеньевич,+375 (25) 166-72-79,2025-08-27
278,Макаров Илья Петрович,+375 (44) 455-50-98,2025-08-25
279,Королёва Мария Владимировна,+375 (29) 912-95-29,2026-03-18
280,Никитин Сергей Николаевич,+375 (29) 684-44-13,2025-09-04
281,Ковалевская Людмила Михайловна,+375 (33) 658-45-76,2025-06-13
282,Тарасов Алексей Петрович,+375 (44) 928-21-33,2026-03-14
283,Журавлёва Полина Юрьевна,+375 (33) 955-05-74,2024-10-23
284,Крылов Игорь Евгеньевич,+375 (29) 232-16-07,2026-02-12
285,Рогов Илья Алексеевич,+375 (29) 762-66-59,2025-07-29
286,Островский Станислав Андреевич,+375 (25) 161-67-48,2025-06-09
287,Жукова Людмила Олеговна,+375 (33) 397-91-87,2025-01-03
288,Белов Руслан Евгеньевич,+375 (44) 180-44-98,2026-02-04
289,Никитин Тимофей Андреевич,+375 (29) 494-40-25,2025-03-02
290,Жукова Ксения Павловна,+375 (29) 456-54-88,2024-10-04
291,Тарасова Юлия Николаевна,+375 (29) 269-38-24,2025-02-13
292,Журавлёва Анна Андреевна,+375 (44) 580-19-42,2025-01-29
293,Никитина София Олеговна,+375 (33) 315-50-04,2025-03-31
294,Алексеев Станислав Михайлович,+375 (25) 838-72-22,2025-03-23
295,Сидоренко Алина Юрьевна,+375 (44) 764-47-21,2025-06-16
296,Соколов Владимир Юрьевич,+375 (25) 960-84-24,2025-03-24
297,Ершов Алексей Юрьевич,+375 (44) 400-65-10,2024-10-30
298,Жуков Даниил Сергеевич,+375 (29) 363-36-93,2025-05-16
299,Сидоров Ярослав Павлович,+375 (44) 117-27-04,2025-08-13
300,Гусев Артём Николаевич,+375 (44) 860-97-61,2025-02-24
301,Яковлев Алексей Максимович,+375 (33) 640-37-91,2024-12-18
302,Семёнова Ирина Павловна,+375 (44) 846-88-13,2024-10-16
303,Шевченко Дмитрий Юрьевич,+375 (44) 281-30-43,2025-03-17
304,Пономарёв Михаил Алексеевич,+375 (33) 141-91-88,2024-12-17
305,Беляева Марина Андреевна,+375 (29) 166-75-41,2025-07-01
306,Кузьмин Сергей Игоревич,+375 (33) 183-13-30,2025-04-29
307,Козлов Егор Владимирович,+375 (29) 823-98-48,2025-05-01
308,Соколова Ирина Максимовна,+375 (33) 921-89-83,2026-01-27
309,Поляков Александр Дмитриевич,+375 (44) 266-60-97,2025-01-12
310,Котов Ярослав Павлович,+375 (44) 233-01-56,2026-08-13
311,Беляева Валерия Сергеевна,+375 (33) 576-61-45,2025-06-03
312,Фёдорова Марина Владимировна,+375 (33) 602-89-83,2025-08-12
313,Ершова София Павловна,+375 (33) 651-62-30,2024-12-03
314,Степанов Максим Алексеевич,+375 (44) 606-86-84,2026-04-30
315,Морозова Марина Павловна,+375 (44) 574-91-28,2024-10-24
316,Медведев Владимир Николаевич,+375 (25) 375-54-94,2025-06-29
317,Богданов Олег Олегович,+375 (29) 534-79-21,2025-01-11
318,Козлов Виктор Игоревич,+375 (29) 345-09-30,2025-01-12
319,Баранова Милана Алексеевна,+375 (29) 148-32-44,2024-12-16
320,Полякова Людмила Петровна,+375 (44) 385-23-75,2024-12-10
321,Яковлева Ксения Алексеевна,+375 (33) 591-72-94,2024-10-18
322,Григорьева Надежда Игоревна,+375 (29) 970-88-08,2025-11-15
323,Фёдорова Надежда Андреевна,+375 (33) 699-98-69,2025-09-03
324,Алексеева Валерия Петровна,+375 (33) 186-42-18,2025-07-22
325,Соболева Екатерина Максимовна,+375 (29) 408-76-83,2026-06-21
326,Сорокин Игорь Игоревич,+375 (44) 712-69-74,2024-11-26
327,Фёдорова Анна Дмитриевна,+375 (29) 547-72-20,2025-09-26
328,Новицкая Евгения Павловна,+375 (33) 274-34-33,2025-05-19
329,Кузнецов Алексей Викторович,+375 (29) 346-67-72,2025-07-03
330,Лукашевич Иван Олегович,+375 (33) 708-96-16,2025-06-05
331,Рябов Виктор Юрьевич,+375 (44) 159-43-18,2025-02-09
332,Козлов Глеб Владимирович,+375 (29) 983-14-48,2025-10-10
333,Михайлова Полина Николаевна,+375 (25) 943-32-67,2025-04-08
334,Андреев Артём Дмитриевич,+375 (29) 799-45-50,2025-04-25
335,Новицкий Антон Сергеевич,+375 (44) 212-59-85,2025-02-08
336,Яковлев Денис Сергеевич,+375 (44) 533-35-65,2025-01-24
337,Михайлов Александр Дмитриевич,+375 (44) 557-33-68,2026-09-17
338,Ковалевская София Викторовна,+375 (44) 897-36-90,2025-08-11
339,Козлова Юлия Алексеевна,+375 (44) 541-22-00,2025-05-29
340,Журавлёв Руслан Николаевич,+375 (25) 388-82-07,2025-04-24
341,Николаев Руслан Сергеевич,+375 (44) 301-89-70,2024-10-02
342,Ковалёва Алина Андреевна,+375 (44) 796-32-24,2024-11-09
343,Смирнова Лариса Павловна,+375 (29) 955-66-35,2026-04-29
344,Шевченко Алина Олеговна,+375 (44) 402-76-97,2025-09-17
345,Островская Дарья Игоревна,+375 (25) 494-03-13,2026-01-31
346,Ковалёва Ксения Викторовна,+375 (33) 780-48-40,2025-04-17
347,Павлов Николай Николаевич,+375 (29) 762-95-74,2026-03-15
348,Беляева Виктория Михайловна,+375 (29) 572-52-47,2026-03-05
349,Новикова Вера Павловна,+375 (44) 484-20-95,2026-05-16
350,Королёва Полина Максимовна,+375 (29) 610-53-85,2024-11-10
351,Яковлев Глеб Александрович,+375 (33) 908-69-21,2025-04-03
352,Макаров Илья Викторович,+375 (33) 940-21-07,2025-02-26
353,Григорьев Даниил Евгеньевич,+375 (29) 494-42-27,2025-09-16
354,Герасимов Станислав Игоревич,+375 (33) 550-06-98,2024-12-04
355,Иванов Кирилл Дмитриевич,+375 (29) 203-91-76,2025-12-23
356,Гусев Антон Петрович,+375 (29) 762-66-95,2026-07-03
357,Сидоренко Артём Владимирович,+375 (33) 203-26-83,2025-06-06
358,Фролова Юлия Николаевна,+375 (33) 496-94-20,2025-05-25
359,Максимов Юрий Евгеньевич,+375 (33) 247-23-44,2026-03-25
360,Новицкая Наталья Юрьевна,+375 (29) 714-96-75,2026-06-30
361,Кузнецов Андрей Сергеевич,+375 (29) 457-60-70,2024-12-11
362,Беляева Надежда Павловна,+375 (25) 795-55-30,2024-11-11
363,Баранова Мария Павловна,+375 (29) 740-13-03,2026-02-18
364,Степанова Татьяна Михайловна,+375 (25) 166-02-90,2025-03-11
365,Жуков Илья Максимович,+375 (29) 986-63-95,2025-04-16
366,Рябов Игорь Максимович,+375 (44) 981-36-02,2026-05-29
367,Никитина Мария Александровна,+375 (29) 652-34-90,2026-05-12
368,Волков Артём Сергеевич,+375 (25) 192-27-25,2026-03-19
369,Медведева Наталья Юрьевна,+375 (29) 584-84-61,2025-11-12
370,Фролов Илья Игоревич,+375 (29) 584-80-04,2025-09-09
371,Цветкова Валерия Петровна,+375 (33) 823-89-84,2025-07-22
372,Захарова Полина Евгеньевна,+375 (44) 856-02-56,2024-11-09
373,Соколов Григорий Алексеевич,+375 (29) 851-19-53,2024-11-12
374,Морозов Станислав Петрович,+375 (44) 635-67-04,2024-12-06
375,Поляков Даниил Игоревич,+375 (29) 440-09-61,2025-05-19
376,Сидоренко Илья Сергеевич,+375 (33) 785-90-61,2025-04-17
377,Николаев Иван Викторович,+375 (29) 701-02-59,2025-09-21
378,Титова Надежда Игоревна,+375 (33) 955-49-95,2025-06-21
379,Борисова Валерия Николаевна,+375 (29) 569-70-87,2025-01-08
380,Зайцев Григорий Андреевич,+375 (29) 177-57-79,2025-05-28
381,Борисова Валерия Юрьевна,+375 (29) 514-48-97,2025-04-08
382,Семёнов Глеб Михайлович,+375 (44) 368-15-78,2025-12-29
383,Фролова Ирина Андреевна,+375 (33) 624-69-25,2025-04-02
384,Жукова Людмила Олеговна,+375 (44) 219-74-77,2025-01-10
385,Смирнова София Петровна,+375 (44) 396-18-42,2026-06-27
386,Климович Егор Евгеньевич,+375 (25) 562-84-17,2025-03-11
387,Фролов Егор Михайлович,+375 (29) 712-94-96,2024-11-01
388,Ковалёва Анна Олеговна,+375 (29) 152-61-00,2025-07-07
389,Кудрявцева Алина Андреевна,+375 (29) 270-93-51,2025-06-13
390,Попова Наталья Максимовна,+375 (29) 548-12-61,2025-02-15
391,Климович Мария Максимовна,+375 (33) 695-69-57,2025-04-08
392,Лебедева Лариса Дмитриевна,+375 (44) 910-78-35,2024-10-08
393,Ковалевский Иван Дмитриевич,+375 (44) 813-99-43,2025-09-09
394,Лазарева Лариса Михайловна,+375 (44) 695-55-85,2025-08-17
395,Ковалевская Полина Олеговна,+375 (33) 303-40-18,2025-05-29
396,Андреева Валерия Евгеньевна,+375 (29) 461-61-98,2025-10-11
397,Мельник Ксения Андреевна,+375 (29) 899-23-66,2024-11-09
398,Титова Вера Павловна,+375 (33) 605-94-62,2025-04-03
399,Макаров Антон Андреевич,+375 (29) 609-17-13,2025-04-24
400,Киселёв Николай Александрович,+375 (44) 341-44-27,2025-08-01
401,Новицкий Олег Дмитриевич,+375 (29) 697-28-31,2025-04-25
402,Баранова София Павловна,+375 (29) 483-14-72,2026-03-01
403,Куликов Александр Олегович,+375 (29) 135-87-39,2026-01-01
404,Григорьев Владимир Дмитриевич,+375 (29) 780-71-11,2025-02-21
405,Романов Константин Игоревич,+375 (29) 978-55-19,2025-04-27
406,Сорокин Руслан Юрьевич,+375 (33) 982-76-00,2026-06-29
407,Ковалёва Татьяна Олеговна,+375 (33) 918-13-97,2025-08-06
408,Волков Руслан Олегович,+375 (29) 676-71-06,2025-08-05
409,Рогов Тимофей Алексеевич,+375 (29) 531-44-56,2025-02-17
410,Алексеев Руслан Владимирович,+375 (29) 460-63-59,2024-11-22
411,Котов Денис Алексеевич,+375 (29) 701-17-32,2024-11-12
412,Баранов Максим Юрьевич,+375 (29) 647-08-23,2025-06-09
413,Королёва Мария Дмитриевна,+375 (29) 606-43-33,2026-03-07
414,Сергеев Дмитрий Игоревич,+375 (33) 615-97-18,2025-02-12
415,Островский Тимофей Максимович,+375 (33) 612-98-85,2025-09-16
416,Лебедев Роман Игоревич,+375 (44) 124-26-35,2025-02-14
417,Яковлев Кирилл Александрович,+375 (44) 610-38-11,2025-05-14
418,Волкова Ирина Сергеевна,+375 (44) 571-72-62,2024-11-28
419,Сидоренко Ольга Евгеньевна,+375 (29) 528-44-82,2025-02-14
420,Сорокина Валерия Сергеевна,+375 (29) 171-03-18,2025-01-03
421,Ковалевский Глеб Павлович,+375 (33) 628-57-50,2025-05-05
422,Беляев Егор Николаевич,+375 (29) 878-98-39,2024-11-28
423,Волков Артём Николаевич,+375 (29) 449-41-66,2025-03-23
424,Пономарёв Игорь Юрьевич,+375 (29) 899-21-56,2025-02-14
425,Морозов Иван Дмитриевич,+375 (33) 790-99-87,2025-05-22
426,Андреева Ксения Дмитриевна,+375 (25) 393-97-03,2025-11-29
427,Комаров Игорь Николаевич,+375 (29) 607-70-68,2025-11-19
428,Богданов Тимофей Викторович,+375 (33) 751-54-44,2025-05-10
429,Новиков Даниил Павлович,+375 (25) 753-77-96,2025-09-23
430,Лазарев Егор Александрович,+375 (44) 994-65-07,2025-05-15
431,Цветков Павел Сергеевич,+375 (29) 532-10-16,2025-05-10
432,Ильина Виктория Дмитриевна,+375 (44) 522-10-62,2025-05-01
433,Тарасов Никита Александрович,+375 (33) 279-32-98,2025-09-05
434,Волков Юрий Михайлович,+375 (44) 891-07-24,2025-08-14
435,Медведева Екатерина Владимировна,+375 (29) 984-63-75,2025-06-04
436,Журавлёва Вера Дмитриевна,+375 (29) 275-55-88,2025-04-29
437,Сергеева Валерия Игоревна,+375 (44) 803-73-92,2025-09-20
438,Кузьмина Александра Максимовна,+375 (29) 532-95-84,2026-07-29
439,Григорьев Даниил Андреевич,+375 (44) 699-31-62,2026-08-27
440,Лукашевич Полина Александровна,+375 (33) 140-22-71,2025-09-18
441,Рогова Вера Ивановна,+375 (33) 455-32-05,2025-10-06
442,Павлов Юрий Евгеньевич,+375 (29) 552-72-41,2025-06-22
443,Куликова Татьяна Максимовна,+375 (44) 425-11-36,2026-07-15
444,Шевченко Николай Олегович,+375 (44) 864-43-50,2026-07-13
445,Пономарёва Юлия Михайловна,+375 (25) 850-73-83,2025-09-04
446,Журавлёва Елена Алексеевна,+375 (29) 331-75-05,2026-02-20
447,Рогов Юрий Юрьевич,+375 (29) 252-48-16,2026-09-05
448,Лебедев Кирилл Олегович,+375 (29) 749-36-77,2025-10-25
449,Герасимов Андрей Александрович,+375 (25) 306-30-07,2026-05-22
450,Сорокин Сергей Олегович,+375 (44) 638-51-54,2025-03-16
451,Тарасова Татьяна Петровна,+375 (33) 937-81-21,2024-12-27
452,Лазарев Тимофей Максимович,+375 (33) 761-36-12,2026-05-06
453,Лебедева Елена Петровна,+375 (33) 189-88-64,2025-07-16
454,Алексеева Алина Сергеевна,+375 (29) 796-22-35,2024-12-14
455,Гусева Людмила Юрьевна,+375 (44) 628-82-73,2025-04-15
456,Ильин Станислав Юрьевич,+375 (44) 744-66-89,2025-08-26
457,Герасимова Полина Викторовна,+375 (29) 948-61-34,2025-02-19
458,Климович Марина Александровна,+375 (29) 181-11-46,2024-10-09
459,Новицкая Ольга Николаевна,+375 (33) 883-46-08,2025-08-10
460,Никитин Алексей Николаевич,+375 (25) 235-00-21,2025-09-25
461,Орлова Марина Максимовна,+375 (25) 915-90-61,2025-12-20
462,Островский Антон Владимирович,+375 (44) 126-25-90,2025-02-25
463,Рогова Наталья Юрьевна,+375 (29) 463-74-74,2025-07-13
464,Крылов Алексей Евгеньевич,+375 (29) 406-80-98,2024-12-15
465,Сидоренко Марина Олеговна,+375 (44) 855-83-66,2026-05-29
466,Журавлёв Юрий Михайлович,+375 (29) 904-37-70,2025-06-01
467,Цветкова Анастасия Сергеевна,+375 (29) 479-49-75,2025-06-17
468,Рябова Елена Олеговна,+375 (33) 503-82-86,2025-02-24
469,Пономарёва Алёна Михайловна,+375 (29) 630-05-20,2025-08-12
470,Григорьева Надежда Петровна,+375 (25) 847-02-53,2025-05-21
471,Ильина Светлана Александровна,+375 (33) 650-51-40,2026-04-23
472,Шевченко Александра Николаевна,+375 (44) 871-51-06,2025-09-08
473,Пономарёв Константин Максимович,+375 (33) 797-65-01,2024-12-26
474,Герасимов Руслан Павлович,+375 (33) 837-14-51,2026-01-01
475,Полякова Александра Викторовна,+375 (33) 415-13-50,2024-10-15
476,Попова Ксения Михайловна,+375 (44) 347-19-92,2026-02-14
477,Ковалевская Анастасия Владимировна,+375 (29) 245-36-07,2025-05-23
478,Захарова Светлана Алексеевна,+375 (33) 318-84-54,2025-08-26
479,Климович Ксения Максимовна,+375 (29) 941-48-63,2026-03-24
480,Лебедева Лариса Александровна,+375 (29) 315-62-05,2025-02-20
481,Воробьёва Юлия Алексеевна,+375 (44) 854-02-50,2025-08-30
482,Новицкий Руслан Максимович,+375 (29) 631-77-30,2026-02-11
483,Ершов Денис Сергеевич,+375 (44) 439-72-85,2024-12-23
484,Григорьев Михаил Олегович,+375 (29) 842-64-44,2025-04-17
485,Гусева Дарья Александровна,+375 (33) 640-79-54,2025-08-20
486,Романов Кирилл Алексеевич,+375 (33) 375-05-16,2025-01-21
487,Сергеева Ольга Ивановна,+375 (44) 700-19-30,2025-07-24
488,Семёнова Татьяна Ивановна,+375 (33) 107-65-68,2025-09-24
489,Романов Юрий Александрович,+375 (29) 898-08-42,2025-10-04
490,Яковлева Ксения Владимировна,+375 (29) 580-60-98,2025-06-24
491,Комарова Светлана Андреевна,+375 (44) 290-23-40,2025-09-20
492,Киселёв Тимофей Максимович,+375 (29) 589-30-16,2026-06-15
493,Данилов Константин Николаевич,+375 (44) 996-11-14,2025-02-24
494,Медведев Алексей Евгеньевич,+375 (33) 134-00-41,2026-07-11
495,Баранова Анастасия Максимовна,+375 (33) 992-28-30,2025-04-08
496,Королёва Мария Викторовна,+375 (29) 135-68-05,2026-07-29
497,Фёдоров Сергей Петрович,+375 (29) 211-22-36,2024-11-27
498,Алексеева Светлана Александровна,+375 (44) 759-14-82,2025-09-01
499,Романова Вера Игоревна,+375 (29) 637-43-68,2026-02-08
500,Михайлова Светлана Дмитриевна,+375 (44) 198-28-64,2024-12-13
501,Зайцев Сергей Иванович,+375 (29) 953-40-79,2025-06-16
502,Яковлев Илья Игоревич,+375 (44) 373-29-49,2024-11-11
503,Климович Екатерина Михайловна,+375 (29) 858-93-65,2025-06-19
504,Баранов Игорь Сергеевич,+375 (29) 952-89-08,2025-05-03
505,Мельник Милана Максимовна,+375 (44) 860-26-65,2024-11-07
506,Максимов Руслан Викторович,+375 (29) 424-81-54,2025-07-04
507,Полякова Анна Игоревна,+375 (29) 307-31-01,2024-10-12
508,Мельник Евгения Игоревна,+375 (33) 975-55-73,2025-09-14
509,Гусева Анастасия Петровна,+375 (29) 496-61-33,2025-06-25
510,Цветков Фёдор Максимович,+375 (29) 947-38-76,2025-02-27
511,Морозов Егор Петрович,+375 (29) 896-44-39,2025-02-26
512,Орлов Григорий Николаевич,+375 (44) 140-88-33,2024-11-02
513,Романова Валерия Максимовна,+375 (29) 424-12-28,2024-10-15
514,Сидорова Алина Дмитриевна,+375 (25) 261-08-46,2025-01-26
515,Данилова Ирина Владимировна,+375 (33) 241-02-57,2025-02-02
516,Ковалевская Наталья Алексеевна,+375 (33) 356-87-72,2025-06-07
517,Лебедева Дарья Максимовна,+375 (29) 680-57-32,2024-12-10
518,Рогов Егор Сергеевич,+375 (29) 544-83-86,2025-02-08
519,Соколов Никита Александрович,+375 (33) 498-71-01,2025-09-22
520,Новиков Дмитрий Юрьевич,+375 (29) 782-92-78,2026-03-21
521,Цветкова Надежда Петровна,+375 (29) 147-98-69,2025-05-22
522,Ершова Дарья Ивановна,+375 (44) 420-16-65,2025-04-10
523,Климович Иван Дмитриевич,+375 (44) 896-85-33,2025-04-06
524,Титова Юлия Максимовна,+375 (25) 806-99-58,2024-12-05
525,Захаров Сергей Петрович,+375 (44) 255-38-48,2025-06-25
526,Морозов Константин Александрович,+375 (33) 971-71-57,2025-05-10
527,Ершова Екатерина Ивановна,+375 (29) 396-46-45,2025-09-16
528,Рогова Юлия Александровна,+375 (29) 647-37-66,2025-05-26
529,Борисов Игорь Михайлович,+375 (29) 750-14-52,2026-06-22
530,Климович Дмитрий Алексеевич,+375 (29) 371-19-20,2026-07-04
531,Ильин Максим Дмитриевич,+375 (44) 824-11-38,2024-11-08
532,Котов Егор Олегович,+375 (29) 426-76-90,2025-04-14
533,Сорокин Тимофей Олегович,+375 (25) 130-81-98,2025-11-07
534,Морозова Валерия Викторовна,+375 (29) 630-46-37,2024-10-09
535,Андреев Алексей Игоревич,+375 (29) 373-42-20,2026-06-15
536,Алексеев Иван Викторович,+375 (25) 211-72-62,2025-03-26
537,Кузнецова Татьяна Михайловна,+375 (29) 268-93-11,2025-10-07
538,Мельник Алёна Александровна,+375 (29) 946-58-24,2025-10-17
539,Фёдоров Руслан Павлович,+375 (44) 821-98-77,2024-12-01
540,Медведев Александр Александрович,+375 (33) 109-40-69,2025-05-09
541,Ковалевская Людмила Михайловна,+375 (29) 395-51-86,2025-09-10
542,Кузьмин Иван Евгеньевич,+375 (25) 401-12-71,2025-03-15
543,Королёв Владимир Викторович,+375 (44) 616-12-22,2025-07-19
544,Яковлев Павел Максимович,+375 (44) 330-20-01,2026-01-23
545,Данилова Анна Андреевна,+375 (29) 972-23-12,2025-03-31
546,Сидорова Елена Максимовна,+375 (33) 933-33-56,2025-01-10
547,Макарова Людмила Михайловна,+375 (29) 194-98-23,2026-04-22
548,Герасимов Кирилл Иванович,+375 (29) 345-53-84,2025-05-15
549,Соколов Алексей Евгеньевич,+375 (25) 889-85-33,2025-09-06
550,Максимова Ирина Ивановна,+375 (29) 375-30-42,2026-09-28
551,Пономарёв Никита Юрьевич,+375 (44) 258-38-49,2025-03-03
552,Иванова Лариса Олеговна,+375 (29) 291-93-32,2025-02-17
553,Иванов Павел Александрович,+375 (44) 753-56-30,2025-06-15
554,Волкова Наталья Владимировна,+375 (44) 106-66-51,2025-12-04
555,Лазарев Владимир Александрович,+375 (33) 761-81-02,2025-03-04
556,Яковлев Руслан Владимирович,+375 (33) 322-13-65,2025-02-03
557,Куликов Тимофей Павлович,+375 (29) 255-61-12,2025-08-30
558,Романова Полина Петровна,+375 (33) 579-57-14,2025-03-30
559,Алексеева Полина Ивановна,+375 (44) 371-61-14,2026-05-09
560,Киселёва Валерия Николаевна,+375 (44) 519-47-86,2025-04-18
561,Иванов Никита Евгеньевич,+375 (29) 568-25-32,2025-10-26
562,Сидорова Ирина Игоревна,+375 (29) 929-20-86,2025-01-11
563,Ершов Ярослав Петрович,+375 (44) 694-44-56,2025-01-13
564,Поляков Сергей Владимирович,+375 (29) 545-16-86,2026-02-25
565,Фёдорова Анна Дмитриевна,+375 (29) 310-11-15,2025-07-04
566,Фёдорова Татьяна Андреевна,+375 (44) 926-49-75,2024-11-26
567,Гусева Милана Викторовна,+375 (44) 422-62-19,2026-09-07
568,Григорьев Кирилл Александрович,+375 (33) 441-86-12,2025-05-17
569,Борисов Иван Павлович,+375 (29) 583-82-54,2024-12-17
570,Романова Ксения Петровна,+375 (29) 683-05-91,2026-08-13
571,Сидоров Роман Иванович,+375 (44) 636-96-91,2025-09-03
572,Кузьмина Наталья Михайловна,+375 (29) 734-04-84,2025-01-13
573,Цветкова Лариса Владимировна,+375 (44) 848-34-80,2025-02-01
574,Борисов Ярослав Александрович,+375 (29) 392-62-25,2025-03-02
575,Журавлёв Глеб Игоревич,+375 (29) 832-81-27,2025-08-09
576,Никитина Елена Андреевна,+375 (29) 344-51-92,2025-02-12
577,Мельник Максим Петрович,+375 (44) 816-20-19,2025-07-20
578,Захаров Владимир Владимирович,+375 (33) 765-69-52,2025-03-12
579,Романов Илья Олегович,+375 (25) 760-11-43,2025-03-29
580,Романов Сергей Владимирович,+375 (29) 901-91-85,2024-12-22
581,Беляева Милана Андреевна,+375 (33) 383-25-46,2024-10-09
582,Кузьмина Надежда Максимовна,+375 (29) 917-62-90,2025-07-23
583,Зайцев Владимир Викторович,+375 (29) 215-13-09,2025-08-20
584,Титов Артём Евгеньевич,+375 (44) 952-25-27,2025-03-12
585,Морозова Елена Владимировна,+375 (44) 359-39-06,2026-04-04
586,Алексеева Дарья Петровна,+375 (29) 891-53-53,2025-08-04
587,Новицкая Александра Игоревна,+375 (44) 310-69-06,2025-04-06
588,Кудрявцева Лариса Олеговна,+375 (29) 822-52-11,2026-07-15
589,Полякова Наталья Михайловна,+375 (29) 445-57-94,2025-06-06
590,Кузьмина Надежда Сергеевна,+375 (44) 260-52-02,2025-01-31
591,Лукашевич Алина Ивановна,+375 (44) 167-88-72,2025-06-15
592,Богданов Роман Петрович,+375 (29) 902-55-35,2025-04-04
593,Крылов Евгений Сергеевич,+375 (33) 630-78-91,2024-11-26
594,Рябова Анна Сергеевна,+375 (25) 124-11-40,2025-05-15
595,Шевченко Ирина Николаевна,+375 (33) 252-96-90,2025-09-23
596,Новикова Валерия Юрьевна,+375 (29) 773-54-68,2025-10-05
597,Мельник Николай Олегович,+375 (29) 809-98-49,2026-07-13
598,Лукашевич Павел Дмитриевич,+375 (44) 156-53-98,2024-12-22
599,Белов Олег Андреевич,+375 (29) 786-14-54,2024-12-26
600,Герасимов Антон Викторович,+375 (29) 841-60-16,2025-03-22
601,Борисова Евгения Максимовна,+375 (33) 565-06-46,2026-04-24
602,Смирнова Ксения Андреевна,+375 (29) 335-72-49,2024-10-19
603,Яковлева Юлия Владимировна,+375 (33) 435-41-59,2025-01-25
604,Лазарева Лариса Михайловна,+375 (33) 430-40-83,2025-04-29
605,Семёнова Мария Дмитриевна,+375 (33) 265-34-25,2024-11-23
606,Андреев Дмитрий Николаевич,+375 (33) 382-29-46,2024-12-17
607,Борисова Виктория Юрьевна,+375 (44) 805-12-21,2024-12-27
608,Ковалевский Руслан Алексеевич,+375 (29) 180-59-04,2025-07-31
609,Кузнецова Полина Михайловна,+375 (29) 270-82-62,2026-06-02
610,Климович Алёна Павловна,+375 (29) 106-24-02,2025-06-18
611,Журавлёв Кирилл Андреевич,+375 (33) 966-70-93,2025-09-02
612,Крылова Наталья Павловна,+375 (44) 175-87-47,2025-05-30
613,Смирнова Анна Игоревна,+375 (44) 270-93-67,2025-08-24
614,Романова Мария Михайловна,+375 (33) 107-93-64,2025-08-23
615,Андреев Игорь Александрович,+375 (29) 290-85-97,2025-01-08
616,Ковалевская Ксения Ивановна,+375 (25) 198-27-53,2025-03-31
617,Поляков Максим Евгеньевич,+375 (33) 446-05-77,2025-05-08
618,Григорьев Станислав Андреевич,+375 (44) 124-49-00,2025-07-22
619,Сидоров Андрей Олегович,+375 (25) 673-70-20,2024-12-23
620,Шевченко Валерия Игоревна,+375 (44) 593-54-50,2025-02-11
621,Алексеев Дмитрий Петрович,+375 (44) 128-59-23,2025-03-01
622,Волкова Ольга Андреевна,+375 (33) 761-20-45,2025-07-23
623,Сидоренко Максим Олегович,+375 (44) 227-70-35,2025-08-16
624,Лукашевич Виктор Михайлович,+375 (29) 574-59-56,2025-08-16
625,Алексеева Александра Николаевна,+375 (29) 381-07-84,2025-11-16
626,Лазарева Юлия Дмитриевна,+375 (29) 422-73-09,2025-11-04
627,Королёв Артём Николаевич,+375 (29) 819-47-17,2025-11-16
628,Белов Алексей Владимирович,+375 (25) 522-30-18,2025-02-02
629,Поляков Егор Олегович,+375 (29) 339-57-58,2024-10-07
630,Рогова Лариса Ивановна,+375 (44) 346-37-49,2024-10-24
631,Климович Григорий Игоревич,+375 (33) 771-90-52,2026-03-08
632,Ершов Владимир Максимович,+375 (33) 782-92-33,2025-11-19
633,Макаров Андрей Алексеевич,+375 (33) 320-41-48,2026-01-29
634,Лукашевич Елена Евгеньевна,+375 (29) 245-02-90,2026-06-05
635,Ковалевский Юрий Викторович,+375 (33) 852-17-16,2024-12-24
636,Иванов Артём Юрьевич,+375 (29) 124-09-13,2026-03-21
637,Киселёва Людмила Ивановна,+375 (29) 877-38-40,2026-06-30
638,Сергеева Валерия Александровна,+375 (33) 707-13-51,2025-03-11
639,Захарова Милана Александровна,+375 (44) 615-91-74,2026-03-20
640,Соболева Алёна Сергеевна,+375 (29) 754-17-58,2025-09-25
641,Степанов Виктор Андреевич,+375 (25) 389-06-68,2026-09-15
642,Иванова Александра Александровна,+375 (29) 841-79-36,2025-10-22
643,Волков Никита Викторович,+375 (33) 212-32-09,2025-01-08
644,Цветкова Надежда Викторовна,+375 (25) 377-33-49,2025-02-16
645,Ершов Владимир Алексеевич,+375 (29) 814-72-39,2025-08-28
646,Григорьев Иван Юрьевич,+375 (25) 456-44-78,2026-05-08
647,Кузьмин Даниил Алексеевич,+375 (33) 880-21-89,2025-10-18
648,Беляев Алексей Олегович,+375 (33) 224-08-26,2025-04-03
649,Комарова Алёна Петровна,+375 (44) 339-73-74,2026-03-09
650,Ершов Фёдор Михайлович,+375 (33) 404-05-70,2025-02-17
651,Степанов Никита Андреевич,+375 (33) 562-83-67,2025-08-17
652,Новикова Мария Олеговна,+375 (25) 559-37-50,2025-06-29
653,Ильин Даниил Дмитриевич,+375 (33) 804-98-62,2024-12-15
654,Николаева Виктория Евгеньевна,+375 (44) 679-03-56,2024-10-10
655,Королёв Руслан Владимирович,+375 (29) 345-01-75,2025-06-24
656,Сидоренко Елена Павловна,+375 (25) 139-51-92,2025-05-07
657,Степанов Антон Максимович,+375 (44) 984-21-33,2024-10-31
658,Куликова Ксения Андреевна,+375 (29) 453-95-37,2026-07-30
659,Новицкая Лариса Евгеньевна,+375 (29) 803-36-24,2025-06-27
660,Степанова Людмила Павловна,+375 (29) 108-77-30,2026-03-03
661,Новиков Кирилл Сергеевич,+375 (33) 990-70-59,2025-07-07
662,Ильина София Сергеевна,+375 (33) 244-52-48,2025-02-10
663,Григорьев Григорий Андреевич,+375 (25) 571-25-89,2025-05-26
664,Киселёв Максим Петрович,+375 (44) 991-40-54,2024-10-07
665,Гусев Тимофей Максимович,+375 (33) 412-14-29,2024-11-09
666,Сидоренко Юлия Олеговна,+375 (33) 592-66-84,2024-11-08
667,Кузьмин Юрий Евгеньевич,+375 (29) 813-60-13,2025-01-08
668,Белов Олег Николаевич,+375 (44) 868-97-27,2025-01-17
669,Лебедева Алина Владимировна,+375 (33) 365-18-31,2025-03-28
670,Гусева Юлия Игоревна,+375 (29) 298-29-80,2024-10-04
671,Данилов Алексей Викторович,+375 (44) 800-77-35,2026-05-01
672,Белова Лариса Евгеньевна,+375 (29) 261-47-25,2025-01-10
673,Баранова Ирина Евгеньевна,+375 (33) 372-26-72,2026-02-06
674,Лазарева Милана Петровна,+375 (29) 733-90-89,2025-12-13
675,Ковалевский Роман Михайлович,+375 (29) 152-34-18,2026-06-18
676,Журавлёв Павел Николаевич,+375 (25) 809-88-74,2026-05-19
677,Тарасов Глеб Владимирович,+375 (33) 703-38-41,2024-12-17
678,Волков Павел Иванович,+375 (29) 812-80-44,2025-09-01
679,Медведева Наталья Игоревна,+375 (44) 889-57-33,2025-02-23
680,Михайлова Александра Павловна,+375 (44) 601-49-84,2026-02-23
681,Ильина Мария Викторовна,+375 (44) 900-94-08,2025-09-02
682,Лебедева Анастасия Александровна,+375 (29) 355-72-22,2025-05-01
683,Данилова Людмила Игоревна,+375 (44) 978-58-07,2026-09-22
684,Волков Глеб Павлович,+375 (44) 129-51-33,2025-07-19
685,Ковалёва Евгения Олеговна,+375 (33) 170-83-92,2025-05-11
686,Гусева Виктория Павловна,+375 (44) 167-76-93,2024-10-17
687,Смирнова София Евгеньевна,+375 (33) 681-00-67,2025-05-27
688,Данилова Светлана Викторовна,+375 (29) 874-09-11,2024-10-02
689,Герасимова Ольга Николаевна,+375 (29) 348-36-78,2026-03-06
690,Сорокина Надежда Александровна,+375 (29) 217-43-81,2025-05-18
691,Зайцева Евгения Сергеевна,+375 (44) 366-60-70,2025-03-04
692,Смирнов Артём Олегович,+375 (29) 426-37-89,2025-01-15
693,Кузнецов Константин Игоревич,+375 (25) 741-71-26,2025-04-14
694,Пономарёв Иван Викторович,+375 (29) 197-40-47,2025-05-05
695,Поляков Даниил Владимирович,+375 (44) 473-52-70,2025-12-27
696,Фролов Григорий Юрьевич,+375 (29) 687-35-38,2026-06-08
697,Фролов Владимир Александрович,+375 (25) 842-13-56,2025-09-21
698,Ильин Сергей Александрович,+375 (29) 550-98-86,2025-05-31
699,Иванов Денис Дмитриевич,+375 (29) 825-34-01,2024-12-14
700,Фёдорова Светлана Викторовна,+375 (29) 946-90-83,2025-07-07
701,Жукова Милана Николаевна,+375 (44) 466-53-49,2025-07-27
702,Данилова Анна Александровна,+375 (29) 139-20-40,2025-06-03
703,Степанова Алёна Павловна,+375 (44) 160-89-38,2025-02-24
704,Петров Егор Павлович,+375 (29) 994-68-21,2026-05-10
705,Данилова Алина Викторовна,+375 (29) 895-29-35,2025-07-12
706,Журавлёв Юрий Максимович,+375 (33) 750-62-07,2025-10-26
707,Воробьёв Тимофей Николаевич,+375 (33) 674-30-96,2025-06-01
708,Фролова Мария Петровна,+375 (25) 275-02-07,2026-01-10
709,Григорьева Виктория Олеговна,+375 (29) 470-57-10,2024-12-01
710,Шевченко София Юрьевна,+375 (29) 338-72-46,2024-11-04
711,Пономарёва Мария Алексеевна,+375 (29) 603-95-90,2025-10-10
712,Соколов Дмитрий Михайлович,+375 (29) 582-60-97,2026-05-19
713,Григорьев Тимофей Павлович,+375 (33) 258-87-23,2025-08-30
714,Лебедев Виктор Викторович,+375 (29) 431-07-22,2025-06-04
715,Михайлов Константин Викторович,+375 (44) 497-57-83,2025-04-14
716,Сидоренко Николай Алексеевич,+375 (29) 558-68-68,2025-03-22
717,Островский Тимофей Юрьевич,+375 (29) 525-38-44,2025-06-11
718,Куликова Анастасия Петровна,+375 (44) 638-06-18,2026-01-04
719,Тарасова Виктория Андреевна,+375 (44) 670-03-08,2025-06-19
720,Ильина Полина Владимировна,+375 (29) 808-94-73,2025-03-26
721,Фёдоров Илья Иванович,+375 (25) 806-45-61,2025-01-19
722,Захаров Павел Сергеевич,+375 (29) 290-19-99,2025-09-15
723,Титов Роман Петрович,+375 (33) 493-71-64,2025-04-09
724,Кузнецов Денис Петрович,+375 (33) 104-67-59,2025-02-06
725,Королёв Денис Петрович,+375 (29) 753-80-69,2025-01-28
726,Григорьева Ксения Михайловна,+375 (44) 774-11-63,2025-03-09
727,Медведева Александра Владимировна,+375 (33) 287-59-89,2025-12-15
728,Новицкий Руслан Михайлович,+375 (29) 479-51-66,2025-01-25
729,Никитин Антон Игоревич,+375 (44) 579-92-35,2026-09-23
730,Медведев Фёдор Юрьевич,+375 (33) 556-38-42,2025-03-07
731,Богданова Ольга Ивановна,+375 (29) 587-76-51,2025-06-06
732,Баранов Дмитрий Олегович,+375 (29) 296-54-47,2025-04-24
733,Кузьмин Андрей Андреевич,+375 (44) 501-47-17,2025-08-16
734,Островский Руслан Николаевич,+375 (25) 860-74-38,2025-05-26
735,Куликова Ирина Ивановна,+375 (33) 788-94-60,2025-08-10
736,Ершов Виктор Иванович,+375 (44) 507-88-39,2025-07-10
737,Сорокин Иван Олегович,+375 (29) 892-68-40,2025-04-30
738,Кузнецов Тимофей Игоревич,+375 (44) 586-46-61,2025-04-01
739,Климович Николай Алексеевич,+375 (29) 910-34-06,2024-10-22
740,Медведев Николай Евгеньевич,+375 (29) 351-63-09,2025-09-21
741,Воробьёв Илья Юрьевич,+375 (33) 189-36-54,2024-11-07
742,Кузнецов Владимир Юрьевич,+375 (29) 343-37-39,2025-06-03
743,Климович Татьяна Михайловна,+375 (29) 648-65-43,2025-01-09
744,Комарова Надежда Михайловна,+375 (44) 828-37-89,2025-01-26
745,Петрова Ксения Владимировна,+375 (25) 610-98-11,2025-11-17
746,Герасимов Олег Павлович,+375 (29) 839-47-03,2025-08-22
747,Петрова Евгения Михайловна,+375 (29) 411-19-80,2024-10-12
748,Богданова Наталья Александровна,+375 (33) 549-24-78,2026-03-19
749,Мельник Юрий Юрьевич,+375 (44) 875-12-55,2024-11-14
750,Сидоров Дмитрий Петрович,+375 (25) 300-59-26,2026-03-02
751,Цветкова Александра Алексеевна,+375 (29) 558-51-17,2026-09-20
752,Герасимова Надежда Ивановна,+375 (44) 620-02-80,2025-05-08
753,Комаров Станислав Олегович,+375 (33) 294-85-72,2025-08-27
754,Тарасова Полина Олеговна,+375 (44) 778-20-17,2024-12-12
755,Куликова Юлия Андреевна,+375 (44) 868-72-60,2025-10-14
756,Сорокина Евгения Александровна,+375 (29) 829-94-34,2024-10-23
757,Мельник Светлана Юрьевна,+375 (29) 646-65-33,2025-01-07
758,Михайлов Виктор Сергеевич,+375 (33) 823-14-82,2024-10-16
759,Борисова Людмила Олеговна,+375 (33) 836-88-52,2024-11-11
760,Ершов Тимофей Николаевич,+375 (29) 470-72-55,2026-08-20
761,Иванова Светлана Николаевна,+375 (33) 244-12-15,2025-01-17
762,Мельник Марина Ивановна,+375 (29) 972-68-18,2025-06-26
763,Рогова Лариса Николаевна,+375 (29) 476-97-68,2025-12-29
764,Соколов Игорь Дмитриевич,+375 (33) 217-70-57,2025-02-20
765,Михайлова София Алексеевна,+375 (29) 941-72-61,2025-04-23
766,Жукова София Дмитриевна,+375 (29) 718-41-13,2025-10-05
767,Журавлёва Вера Владимировна,+375 (29) 764-30-52,2026-02-06
768,Волков Артём Дмитриевич,+375 (29) 155-66-59,2026-05-18
769,Ковалевская Ольга Игоревна,+375 (44) 576-18-74,2025-04-10
770,Орлов Руслан Андреевич,+375 (44) 915-29-02,2025-06-05
771,Белов Антон Евгеньевич,+375 (44) 667-99-63,2024-10-09
772,Макаров Илья Иванович,+375 (44) 177-93-65,2026-04-20
773,Медведев Илья Викторович,+375 (33) 784-37-09,2024-12-28
774,Семёнова Алёна Ивановна,+375 (33) 791-77-94,2025-07-16
775,Сергеев Никита Николаевич,+375 (29) 588-43-80,2025-07-11
776,Попов Ярослав Иванович,+375 (29) 338-31-91,2025-08-05
777,Морозова Валерия Александровна,+375 (33) 677-04-77,2025-08-24
778,Данилов Роман Николаевич,+375 (25) 544-69-24,2025-08-16
779,Ковалёва Алина Максимовна,+375 (29) 543-44-57,2024-12-01
780,Фролов Глеб Иванович,+375 (33) 631-13-42,2026-04-25
781,Поляков Константин Александрович,+375 (29) 786-36-63,2026-08-15
782,Рогов Фёдор Алексеевич,+375 (33) 396-76-80,2025-09-25
783,Новикова София Алексеевна,+375 (33) 443-06-73,2024-11-19
784,Климович Фёдор Петрович,+375 (29) 310-11-04,2026-07-14
785,Мельник Ярослав Дмитриевич,+375 (29) 887-10-95,2025-03-24
786,Кузьмина Ольга Ивановна,+375 (44) 852-72-56,2024-10-20
787,Новиков Дмитрий Николаевич,+375 (29) 909-12-44,2025-05-04
788,Новиков Артём Николаевич,+375 (25) 681-67-01,2025-05-22
789,Степанов Сергей Алексеевич,+375 (29) 965-50-33,2024-12-20
790,Иванов Виктор Сергеевич,+375 (29) 215-80-87,2025-03-22
791,Соколова Лариса Владимировна,+375 (29) 330-21-86,2025-01-12
792,Сорокина Наталья Павловна,+375 (44) 832-55-73,2025-01-20
793,Романова Александра Петровна,+375 (33) 584-71-28,2024-11-28
794,Максимова Светлана Максимовна,+375 (44) 400-20-80,2026-03-19
795,Котова Дарья Андреевна,+375 (29) 717-57-42,2026-07-10
796,Беляев Глеб Максимович,+375 (29) 225-86-85,2025-04-09
797,Орлова Екатерина Владимировна,+375 (44) 835-31-64,2025-02-06
798,Семёнов Игорь Петрович,+375 (33) 743-35-86,2024-12-06
799,Воробьёва Ирина Олеговна,+375 (44) 713-35-34,2025-06-25
800,Кузьмина Анна Петровна,+375 (29) 229-13-08,2025-01-01
801,Рогов Виктор Петрович,+375 (44) 389-89-01,2024-12-01
802,Мельник Игорь Викторович,+375 (33) 925-08-89,2024-12-09
803,Лукашевич Вера Александровна,+375 (29) 353-53-52,2026-02-18
804,Кудрявцев Никита Михайлович,+375 (29) 980-66-55,2026-06-14
805,Лазарева Светлана Михайловна,+375 (29) 831-62-76,2025-02-01
806,Рябова Александра Петровна,+375 (29) 207-99-18,2025-05-18
807,Фёдорова Александра Михайловна,+375 (33) 181-71-79,2025-04-24
808,Баранов Никита Павлович,+375 (29) 651-18-79,2025-01-01
809,Сергеева Александра Дмитриевна,+375 (29) 228-79-77,2025-07-06
810,Андреев Никита Андреевич,+375 (33) 575-20-79,2025-02-22
811,Куликов Илья Александрович,+375 (29) 182-58-70,2025-10-20
812,Кузьмина Ирина Ивановна,+375 (44) 296-40-95,2025-01-30
813,Кузнецов Михаил Александрович,+375 (25) 674-93-99,2026-05-12
814,Данилова Светлана Игоревна,+375 (44) 420-02-35,2025-01-03
815,Мельник Анастасия Евгеньевна,+375 (44) 695-73-53,2025-09-04
816,Цветкова Анастасия Владимировна,+375 (25) 124-24-31,2024-12-31
817,Климович Милана Михайловна,+375 (33) 550-21-45,2024-12-08
818,Кузьмина Алёна Николаевна,+375 (33) 601-07-43,2024-11-11
819,Кузнецова Елена Александровна,+375 (29) 667-92-03,2026-07-21
820,Беляев Илья Игоревич,+375 (44) 804-01-72,2025-05-26
821,Максимова Екатерина Сергеевна,+375 (29) 953-62-84,2025-09-14
822,Морозова Лариса Дмитриевна,+375 (25) 606-51-24,2025-02-04
823,Сергеев Антон Павлович,+375 (44) 429-66-81,2025-08-29
824,Иванова Виктория Дмитриевна,+375 (29) 663-31-39,2025-06-20
825,Орлов Александр Владимирович,+375 (29) 122-30-91,2025-01-17
826,Козлов Юрий Петрович,+375 (44) 235-32-22,2026-09-22
827,Козлова Полина Евгеньевна,+375 (44) 683-78-42,2025-02-21
828,Волкова Вера Петровна,+375 (29) 919-32-24,2024-12-30
829,Сорокина Александра Николаевна,+375 (25) 623-19-91,2025-08-01
830,Ершова Виктория Павловна,+375 (44) 969-78-46,2025-10-13
831,Тарасов Юрий Павлович,+375 (44) 682-51-73,2025-02-28
832,Журавлёв Руслан Сергеевич,+375 (29) 494-59-40,2025-04-30
833,Ильин Никита Максимович,+375 (29) 557-99-53,2025-04-14
834,Полякова Светлана Юрьевна,+375 (29) 128-42-15,2025-03-29
835,Сорокин Владимир Алексеевич,+375 (44) 125-95-56,2025-03-14
836,Рябова Лариса Игоревна,+375 (29) 402-91-71,2025-06-01
837,Котов Руслан Евгеньевич,+375 (29) 172-50-36,2025-07-11
838,Рогов Александр Алексеевич,+375 (25) 698-75-53,2025-07-31
839,Борисова Елена Петровна,+375 (33) 888-20-70,2025-05-29
840,Островская Евгения Павловна,+375 (25) 799-89-18,2025-11-20
841,Никитина Анна Олеговна,+375 (44) 972-67-71,2025-12-28
842,Беляев Глеб Михайлович,+375 (33) 750-70-57,2024-11-02
843,Климович Юлия Михайловна,+375 (25) 730-97-79,2025-08-22
844,Морозов Илья Евгеньевич,+375 (44) 369-82-54,2025-06-10
845,Баранов Андрей Николаевич,+375 (33) 941-62-07,2026-02-11
846,Волкова Милана Юрьевна,+375 (44) 239-87-76,2024-10-10
847,Жуков Максим Владимирович,+375 (44) 883-95-25,2025-01-18
848,Мельник Екатерина Дмитриевна,+375 (25) 877-23-92,2025-07-04
849,Журавлёва Екатерина Алексеевна,+375 (44) 182-87-68,2026-06-18
850,Лебедев Кирилл Сергеевич,+375 (25) 574-85-66,2025-01-10
851,Беляева Татьяна Максимовна,+375 (29) 612-41-56,2024-10-16
852,Киселёв Роман Михайлович,+375 (33) 169-57-87,2026-05-02
853,Козлов Егор Владимирович,+375 (33) 149-86-02,2025-06-24
854,Сорокина Вера Александровна,+375 (44) 711-99-04,2026-03-15
855,Сидоров Антон Павлович,+375 (29) 565-84-04,2025-01-23
856,Герасимова Валерия Петровна,+375 (33) 821-84-17,2025-02-07
857,Захаров Артём Дмитриевич,+375 (25) 118-49-01,2025-12-10
858,Борисов Руслан Олегович,+375 (33) 413-10-76,2025-01-16
859,Лукашевич Максим Максимович,+375 (44) 945-67-95,2025-09-23
860,Жуков Алексей Михайлович,+375 (29) 564-75-58,2024-11-04
861,Михайлова Татьяна Андреевна,+375 (29) 284-06-41,2024-11-13
862,Захаров Артём Михайлович,+375 (33) 200-26-05,2025-03-09
863,Фролова Мария Андреевна,+375 (33) 423-60-44,2025-02-07
864,Максимов Александр Викторович,+375 (44) 613-46-89,2025-09-06
865,Григорьева Людмила Евгеньевна,+375 (29) 172-46-57,2024-11-15
866,Соколова Лариса Викторовна,+375 (44) 222-70-66,2025-06-24
867,Кузьмина Светлана Сергеевна,+375 (44) 619-39-48,2025-06-27
868,Максимова Марина Александровна,+375 (44) 732-06-44,2025-01-15
869,Попова Ксения Сергеевна,+375 (25) 137-58-50,2024-10-23
870,Борисова Лариса Андреевна,+375 (33) 949-79-68,2026-09-12
871,Сорокин Михаил Петрович,+375 (29) 876-02-41,2025-03-29
872,Воробьёв Егор Дмитриевич,+375 (33) 112-69-89,2025-03-14
873,Киселёва Надежда Сергеевна,+375 (33) 178-78-05,2025-06-16
874,Котов Кирилл Максимович,+375 (29) 232-32-47,2026-01-18
875,Борисова Юлия Игоревна,+375 (25) 438-04-36,2024-10-15
876,Климович Виктор Андреевич,+375 (44) 159-60-02,2025-05-14
877,Баранова Надежда Ивановна,+375 (25) 798-20-31,2024-12-22
878,Крылов Сергей Максимович,+375 (29) 719-51-27,2024-12-22
879,Герасимова Надежда Юрьевна,+375 (44) 725-57-95,2025-11-22
880,Лукашевич Юлия Владимировна,+375 (29) 687-96-00,2026-04-17
881,Орлов Иван Алексеевич,+375 (33) 948-78-01,2024-10-29
882,Ковалёв Кирилл Владимирович,+375 (44) 222-88-85,2025-01-13
883,Сидоров Владимир Владимирович,+375 (25) 524-65-58,2024-10-09
884,Воробьёва Екатерина Юрьевна,+375 (25) 569-51-31,2025-01-12
885,Новиков Владимир Андреевич,+375 (33) 666-22-61,2026-02-15
886,Павлов Руслан Юрьевич,+375 (44) 871-81-03,2024-11-10
887,Комарова Ольга Алексеевна,+375 (29) 848-14-31,2024-10-07
888,Сидоренко Валерия Павловна,+375 (25) 921-38-73,2025-02-25
889,Ковалёва Ольга Ивановна,+375 (29) 253-05-72,2026-01-29
890,Николаева Дарья Александровна,+375 (29) 814-09-49,2024-10-13
891,Журавлёва Надежда Михайловна,+375 (29) 793-26-19,2025-05-15
892,Котова Татьяна Олеговна,+375 (33) 287-14-34,2025-08-18
893,Степанов Сергей Петрович,+375 (29) 659-14-13,2024-11-12
894,Максимов Виктор Викторович,+375 (25) 244-00-55,2025-02-12
895,Титов Владимир Михайлович,+375 (33) 758-49-63,2025-11-04
896,Пономарёв Антон Максимович,+375 (29) 840-79-04,2026-04-13
897,Журавлёва Полина Ивановна,+375 (29) 570-18-22,2025-10-25
898,Морозов Константин Сергеевич,+375 (29) 802-49-32,2025-11-20
899,Кузнецов Владимир Иванович,+375 (33) 769-63-56,2025-06-26
900,Волков Максим Евгеньевич,+375 (29) 992-91-61,2025-06-17
901,Соболева Лариса Игоревна,+375 (33) 872-19-54,2024-10-12
902,Куликов Максим Сергеевич,+375 (29) 671-33-01,2025-03-14
903,Тарасов Михаил Петрович,+375 (44) 702-99-19,2026-07-10
904,Данилов Владимир Олегович,+375 (29) 506-55-79,2025-05-20
905,Петров Евгений Алексеевич,+375 (33) 790-49-09,2026-02-17
906,Зайцев Олег Дмитриевич,+375 (33) 514-60-10,2024-11-03
907,Баранов Фёдор Александрович,+375 (25) 511-57-79,2025-06-16
908,Лукашевич Глеб Алексеевич,+375 (29) 788-55-90,2025-05-23
909,Поляков Константин Петрович,+375 (25) 807-31-07,2025-06-01
910,Ершов Юрий Павлович,+375 (29) 811-74-80,2025-07-28
911,Соболева Марина Алексеевна,+375 (29) 230-77-22,2024-12-20
912,Комаров Глеб Иванович,+375 (29) 296-21-00,2025-03-04
913,Кудрявцева Людмила Владимировна,+375 (33) 435-25-26,2025-12-08
914,Шевченко Александра Алексеевна,+375 (25) 406-64-62,2025-05-09
915,Рябова Ксения Евгеньевна,+375 (33) 228-00-77,2025-01-30
916,Королёва Людмила Алексеевна,+375 (25) 290-93-93,2026-09-22
917,Попова Алёна Олеговна,+375 (33) 589-77-45,2024-10-25
918,Рябова Валерия Юрьевна,+375 (29) 165-75-37,2025-12-25
919,Андреева Юлия Ивановна,+375 (44) 611-58-06,2025-07-09
920,Ковалёв Михаил Владимирович,+375 (33) 914-19-00,2025-03-18
921,Медведев Игорь Игоревич,+375 (44) 864-69-40,2024-11-24
922,Ильин Глеб Юрьевич,+375 (44) 525-69-34,2025-07-29
923,Захарова Анастасия Андреевна,+375 (44) 768-41-96,2026-09-04
924,Иванова Елена Николаевна,+375 (29) 913-24-76,2026-04-22
925,Павлов Константин Алексеевич,+375 (33) 534-54-48,2024-12-09
926,Сорокина Анна Дмитриевна,+375 (33) 525-09-70,2025-03-07
927,Новицкий Руслан Иванович,+375 (33) 452-02-85,2025-01-05
928,Цветков Иван Евгеньевич,+375 (29) 115-15-64,2024-12-22
929,Титов Алексей Викторович,+375 (29) 601-85-60,2026-09-26
930,Островская Анастасия Павловна,+375 (25) 477-36-14,2025-05-22
931,Беляева София Николаевна,+375 (44) 436-07-41,2025-01-17
932,Мельник Дмитрий Иванович,+375 (33) 413-84-72,2025-07-02
933,Гусева Екатерина Ивановна,+375 (44) 446-97-11,2026-07-16
934,Соколов Виктор Алексеевич,+375 (25) 845-18-30,2025-10-31
935,Иванов Руслан Николаевич,+375 (25) 784-43-58,2025-06-15
936,Котова Полина Викторовна,+375 (33) 412-69-48,2025-03-10
937,Григорьева Вера Дмитриевна,+375 (44) 922-36-60,2024-12-04
938,Морозова Надежда Петровна,+375 (44) 353-94-74,2025-09-21
939,Рогова Ирина Михайловна,+375 (44) 851-68-06,2025-01-16
940,Сидоров Владимир Николаевич,+375 (33) 854-84-27,2024-12-05
941,Киселёв Руслан Владимирович,+375 (33) 597-17-72,2024-11-17
942,Поляков Андрей Игоревич,+375 (44) 237-18-84,2025-07-21
943,Смирнова София Александровна,+375 (44) 392-31-08,2024-12-28
944,Лукашевич Александра Владимировна,+375 (33) 622-94-27,2024-12-18
945,Медведев Денис Павлович,+375 (29) 417-86-91,2025-09-29
946,Новицкий Глеб Игоревич,+375 (29) 711-18-55,2025-01-16
947,Крылов Глеб Михайлович,+375 (29) 676-18-03,2026-09-11
948,Николаев Игорь Павлович,+375 (29) 874-54-82,2024-10-12
949,Воробьёв Павел Сергеевич,+375 (29) 396-76-42,2025-09-15
950,Семёнова Екатерина Алексеевна,+375 (29) 803-21-51,2024-10-13
951,Фёдорова Ксения Максимовна,+375 (44) 357-68-35,2025-03-06
952,Волков Ярослав Юрьевич,+375 (44) 193-19-64,2025-06-22
953,Лазарева Ксения Викторовна,+375 (29) 963-00-90,2025-05-12
954,Кузнецов Руслан Петрович,+375 (29) 481-15-91,2026-05-22
955,Титова Екатерина Максимовна,+375 (33) 169-34-00,2024-10-02
956,Захарова Алина Дмитриевна,+375 (29) 186-62-59,2025-06-07
957,Сорокина Вера Павловна,+375 (33) 284-82-07,2024-10-06
958,Алексеев Владимир Петрович,+375 (29) 562-16-65,2025-02-13
959,Воробьёв Тимофей Андреевич,+375 (33) 589-93-86,2025-07-22
960,Лебедева Александра Николаевна,+375 (44) 968-81-15,2026-05-23
961,Рогова Полина Сергеевна,+375 (29) 453-58-76,2024-12-12
962,Баранова Анастасия Николаевна,+375 (33) 643-76-78,2025-09-11
963,Борисова Анна Максимовна,+375 (29) 162-71-31,2025-09-02
964,Романов Кирилл Андреевич,+375 (33) 410-74-29,2025-09-29
965,Андреева Алина Ивановна,+375 (29) 296-27-08,2026-07-06
966,Рябова Алина Сергеевна,+375 (44) 793-85-09,2025-09-09
967,Ковалёва Наталья Павловна,+375 (29) 834-53-99,2024-10-25
968,Гусев Алексей Иванович,+375 (33) 211-14-60,2025-08-15
969,Фролов Максим Дмитриевич,+375 (29) 985-58-64,2025-09-04
970,Комаров Антон Павлович,+375 (44) 502-37-48,2025-06-28
971,Никитин Андрей Юрьевич,+375 (25) 245-89-23,2024-12-26
972,Лазарев Николай Дмитриевич,+375 (29) 306-55-05,2024-11-03
973,Сидорова Екатерина Павловна,+375 (25) 365-25-71,2026-03-04
974,Ершов Александр Дмитриевич,+375 (44) 295-65-02,2025-03-25
975,Фролов Николай Петрович,+375 (44) 290-66-10,2024-12-22
976,Беляева Юлия Юрьевна,+375 (44) 640-32-40,2024-12-14
977,Лукашевич Константин Николаевич,+375 (29) 538-54-40,2025-08-06
978,Петров Евгений Игоревич,+375 (29) 263-00-16,2025-11-28
979,Зайцев Сергей Дмитриевич,+375 (29) 948-80-27,2024-11-18
980,Новицкая Евгения Алексеевна,+375 (29) 850-27-69,2025-10-29
981,Максимова Марина Александровна,+375 (29) 230-98-39,2026-05-11
982,Цветков Игорь Петрович,+375 (33) 216-11-87,2025-05-11
983,Королёва Надежда Николаевна,+375 (29) 457-03-83,2024-11-10
984,Семёнова Ксения Викторовна,+375 (29) 773-64-65,2026-09-22
985,Алексеева Ксения Максимовна,+375 (29) 133-89-25,2025-03-25
986,Романова Елена Петровна,+375 (29) 405-85-11,2025-01-03
987,Соколов Даниил Николаевич,+375 (29) 769-28-43,2026-03-12
988,Борисов Илья Сергеевич,+375 (29) 350-57-26,2026-06-10
989,Соколов Андрей Алексеевич,+375 (44) 608-30-92,2025-08-29
990,Новикова Евгения Алексеевна,+375 (44) 190-64-29,2024-11-05
991,Зайцева Алина Николаевна,+375 (29) 989-58-19,2025-03-26
992,Павлова Дарья Максимовна,+375 (29) 978-38-61,2026-05-19
993,Попова Евгения Николаевна,+375 (29) 134-39-73,2025-07-23
994,Новицкий Александр Юрьевич,+375 (25) 249-93-12,2025-03-22
995,Фролова Виктория Алексеевна,+375 (44) 613-04-34,2025-09-29
996,Степанова Милана Сергеевна,+375 (25) 695-51-25,2026-04-30
997,Андреев Ярослав Алексеевич,+375 (33) 859-84-10,2026-08-11
998,Павлов Михаил Игоревич,+375 (44) 104-57-45,2025-04-18
999,Новицкая Надежда Петровна,+375 (29) 490-37-58,2024-11-29
1000,Фролов Николай Николаевич,+375 (33) 174-57-59,2026-04-27
1001,Цветков Юрий Викторович,+375 (44) 924-17-26,2026-06-10
1002,Баранов Юрий Михайлович,+375 (33) 969-38-64,2025-09-11
1003,Петров Антон Сергеевич,+375 (33) 869-37-96,2025-06-30
1004,Пономарёва Ирина Викторовна,+375 (44) 981-33-90,2025-09-30
1005,Алексеева Светлана Сергеевна,+375 (29) 399-82-16,2025-03-05
1006,Белова София Николаевна,+375 (29) 828-38-53,2025-03-22
1007,Комаров Кирилл Алексеевич,+375 (25) 887-64-72,2025-03-18
1008,Кузнецов Иван Дмитриевич,+375 (29) 281-06-46,2025-09-04
1009,Сидоренко Алексей Петрович,+375 (29) 248-82-70,2025-12-27
1010,Волков Игорь Дмитриевич,+375 (44) 539-96-44,2024-10-09
1011,Журавлёва Ксения Юрьевна,+375 (33) 575-20-02,2025-02-27
1012,Котова Мария Ивановна,+375 (29) 611-38-42,2025-09-28
1013,Смирнова Лариса Дмитриевна,+375 (25) 172-95-12,2025-05-09
1014,Герасимова Валерия Петровна,+375 (33) 967-88-55,2025-01-11
1015,Кузнецов Юрий Павлович,+375 (29) 297-28-60,2024-12-31
1016,Николаев Глеб Владимирович,+375 (29) 552-19-27,2025-07-04
1017,Степанова Екатерина Павловна,+375 (29) 157-38-21,2024-12-04
1018,Петров Илья Владимирович,+375 (44) 236-95-72,2026-09-06
1019,Данилова Виктория Сергеевна,+375 (29) 337-38-11,2025-03-29
1020,Данилов Андрей Александрович,+375 (33) 280-17-20,2026-08-19
1021,Ковалевская Марина Николаевна,+375 (33) 388-05-76,2026-02-26
1022,Куликов Глеб Андреевич,+375 (44) 837-24-94,2026-02-09
1023,Климович София Николаевна,+375 (44) 319-68-95,2025-03-23
1024,Лазарева Ольга Юрьевна,+375 (29) 755-18-69,2025-09-21
1025,Яковлев Иван Николаевич,+375 (29) 268-25-28,2025-09-18
1026,Макарова Ирина Ивановна,+375 (44) 502-11-76,2025-03-13
1027,Белова Татьяна Павловна,+375 (44) 470-47-04,2025-03-28
1028,Герасимова Александра Викторовна,+375 (29) 348-25-81,2026-08-31
1029,Поляков Евгений Максимович,+375 (29) 643-01-54,2025-03-29
1030,Сидорова Алёна Юрьевна,+375 (29) 970-84-04,2026-05-18
1031,Гусев Артём Евгеньевич,+375 (29) 648-68-24,2024-12-10
1032,Смирнов Фёдор Александрович,+375 (29) 454-31-54,2025-05-30
1033,Ильин Антон Иванович,+375 (44) 605-49-65,2024-10-27
1034,Фролова Татьяна Игоревна,+375 (44) 565-61-83,2025-04-07
1035,Ершов Роман Павлович,+375 (29) 233-36-25,2025-02-25
1036,Козлова Мария Павловна,+375 (29) 703-43-64,2025-08-25
1037,Соболев Павел Дмитриевич,+375 (29) 316-72-54,2025-07-15
1038,Петрова Анна Павловна,+375 (29) 148-38-45,2025-03-24
1039,Иванов Антон Андреевич,+375 (33) 457-46-00,2025-06-23
1040,Лукашевич Евгений Викторович,+375 (29) 495-15-35,2026-04-04
1041,Сидорова Наталья Михайловна,+375 (29) 368-20-21,2025-09-01
1042,Беляева Дарья Олеговна,+375 (29) 900-52-71,2025-07-01
1043,Новикова Анна Павловна,+375 (29) 809-75-72,2025-01-31
1044,Захаров Роман Михайлович,+375 (29) 316-67-88,2025-02-19
1045,Яковлева Мария Андреевна,+375 (29) 866-64-34,2024-10-06
1046,Крылов Кирилл Николаевич,+375 (29) 599-70-85,2024-11-06
1047,Рогов Егор Иванович,+375 (44) 776-08-70,2026-02-20
1048,Поляков Роман Владимирович,+375 (25) 840-32-61,2025-09-30
1049,Баранова Надежда Дмитриевна,+375 (44) 890-01-60,2025-02-23
1050,Смирнова Евгения Павловна,+375 (29) 219-22-69,2025-07-09
1051,Ковалевская Анастасия Викторовна,+375 (29) 534-86-31,2025-06-25
1052,Романов Станислав Максимович,+375 (33) 635-89-64,2025-07-16
1053,Богданова Анастасия Алексеевна,+375 (29) 925-10-52,2025-04-17
1054,Сергеева Елена Олеговна,+375 (44) 175-18-51,2025-08-16
1055,Ильина Светлана Андреевна,+375 (29) 585-38-62,2025-03-20
1056,Макаров Егор Сергеевич,+375 (44) 452-52-96,2025-08-01
1057,Кудрявцев Сергей Петрович,+375 (33) 583-20-67,2025-04-01
1058,Цветкова Ксения Петровна,+375 (33) 987-18-10,2025-02-14
1059,Волкова Наталья Дмитриевна,+375 (29) 232-63-44,2025-07-27
1060,Островская Людмила Павловна,+375 (44) 603-58-17,2025-08-24
1061,Кузнецова Виктория Андреевна,+375 (44) 892-37-06,2024-12-10
1062,Морозов Тимофей Владимирович,+375 (44) 308-92-80,2025-01-04
1063,Медведева Ирина Андреевна,+375 (29) 860-29-44,2025-12-28
1064,Морозов Игорь Александрович,+375 (44) 902-43-00,2024-11-11
1065,Данилов Никита Евгеньевич,+375 (29) 794-88-33,2025-07-12
1066,Рябов Фёдор Максимович,+375 (33) 131-29-80,2025-11-02
1067,Титова София Петровна,+375 (25) 770-94-10,2025-11-30
1068,Кудрявцев Евгений Александрович,+375 (25) 288-89-56,2025-02-02
1069,Рогова Вера Евгеньевна,+375 (44) 526-45-85,2025-09-24
1070,Фролова Дарья Олеговна,+375 (33) 165-76-68,2025-07-20
1071,Пономарёв Григорий Викторович,+375 (33) 879-36-32,2026-01-10
1072,Морозова Виктория Олеговна,+375 (25) 331-08-84,2025-08-30
1073,Борисова Елена Максимовна,+375 (29) 997-51-61,2026-03-29
1074,Сидорова Александра Максимовна,+375 (25) 634-43-48,2025-07-08
1075,Михайлова Лариса Андреевна,+375 (29) 723-26-16,2025-10-10
1076,Никитин Станислав Андреевич,+375 (29) 464-46-25,2024-10-14
1077,Гусев Иван Петрович,+375 (29) 715-45-46,2024-10-07
1078,Рогов Андрей Петрович,+375 (29) 491-47-55,2024-10-14
1079,Климович Екатерина Ивановна,+375 (29) 596-95-12,2025-08-05
1080,Соколова Евгения Михайловна,+375 (33) 259-64-03,2025-05-14
1081,Шевченко Марина Максимовна,+375 (29) 819-43-61,2025-06-03
1082,Сидоренко Григорий Игоревич,+375 (33) 704-69-53,2025-06-04
1083,Лебедев Даниил Олегович,+375 (44) 242-54-16,2025-05-01
1084,Ковалёв Павел Максимович,+375 (29) 533-36-25,2026-04-10
1085,Новицкий Владимир Андреевич,+375 (44) 830-91-00,2026-04-06
1086,Петров Фёдор Алексеевич,+375 (44) 225-83-66,2025-06-16
1087,Кузнецова Дарья Петровна,+375 (33) 565-17-39,2024-10-08
1088,Степанов Руслан Олегович,+375 (29) 872-09-59,2024-10-08
1089,Новицкий Андрей Викторович,+375 (33) 580-43-26,2025-12-27
1090,Тарасов Денис Алексеевич,+375 (33) 477-47-72,2025-07-12
1091,Данилова Екатерина Викторовна,+375 (33) 217-91-94,2025-03-20
1092,Ершов Игорь Максимович,+375 (33) 644-67-97,2026-05-18
1093,Морозова Алина Максимовна,+375 (44) 636-37-83,2025-10-11
1094,Тарасов Григорий Андреевич,+375 (29) 206-60-38,2025-04-27
1095,Герасимов Станислав Андреевич,+375 (29) 553-64-77,2025-09-16
1096,Куликов Фёдор Викторович,+375 (44) 620-23-06,2025-08-16
1097,Фёдорова Елена Ивановна,+375 (29) 816-78-13,2025-10-26
1098,Семёнова Анастасия Викторовна,+375 (29) 994-96-61,2025-05-14
1099,Романов Даниил Иванович,+375 (44) 710-49-07,2025-06-07
1100,Николаев Юрий Александрович,+375 (29) 601-18-57,2024-11-22
1101,Гусев Фёдор Сергеевич,+375 (29) 484-69-23,2024-11-09
1102,Ковалевская Ольга Сергеевна,+375 (44) 901-56-43,2025-08-10
1103,Медведев Станислав Дмитриевич,+375 (44) 229-18-66,2024-10-21
1104,Гусев Олег Павлович,+375 (44) 981-66-99,2026-04-09
1105,Никитина Марина Максимовна,+375 (25) 858-63-66,2026-03-26
1106,Кудрявцева Наталья Александровна,+375 (33) 362-43-87,2025-05-05
1107,Цветков Никита Владимирович,+375 (44) 729-47-03,2026-05-16
1108,Котова Евгения Александровна,+375 (44) 393-39-10,2025-07-30
1109,Жуков Никита Олегович,+375 (29) 566-31-26,2024-11-18
1110,Морозов Даниил Павлович,+375 (25) 222-63-67,2025-09-26
1111,Попова Марина Михайловна,+375 (25) 151-15-36,2026-04-13
1112,Журавлёва Екатерина Александровна,+375 (29) 600-27-69,2025-10-21
1113,Максимов Илья Владимирович,+375 (25) 543-23-55,2026-03-15
1114,Романов Владимир Иванович,+375 (44) 512-17-41,2026-05-17
1115,Фёдоров Юрий Андреевич,+375 (29) 627-00-52,2026-07-27
1116,Шевченко Павел Алексеевич,+375 (29) 385-23-98,2025-05-16
1117,Кудрявцев Антон Дмитриевич,+375 (33) 129-49-98,2026-09-29
1118,Белов Игорь Михайлович,+375 (33) 420-86-00,2024-12-09
1119,Андреев Иван Алексеевич,+375 (29) 301-87-10,2024-11-12
1120,Белов Тимофей Юрьевич,+375 (25) 673-11-45,2025-01-11
1121,Тарасова Наталья Ивановна,+375 (33) 863-56-01,2025-03-24
1122,Орлова София Андреевна,+375 (25) 809-83-18,2024-10-20
1123,Медведев Игорь Александрович,+375 (29) 515-90-59,2025-05-26
1124,Петрова Анна Юрьевна,+375 (29) 189-47-89,2025-04-28
1125,Андреев Олег Михайлович,+375 (29) 887-15-50,2025-09-25
1126,Зайцев Глеб Петрович,+375 (29) 547-83-71,2026-05-19
1127,Григорьева Мария Павловна,+375 (44) 964-49-25,2025-08-28
1128,Рогова Елена Юрьевна,+375 (44) 660-23-84,2025-01-31
1129,Жуков Дмитрий Сергеевич,+375 (44) 766-26-13,2024-12-19
1130,Фёдорова Анастасия Павловна,+375 (29) 557-32-12,2025-07-13
1131,Степанов Руслан Петрович,+375 (29) 778-31-09,2025-02-19
1132,Петров Николай Петрович,+375 (29) 747-15-14,2026-03-02
1133,Гусева Евгения Владимировна,+375 (29) 984-70-26,2025-05-08
1134,Тарасов Павел Михайлович,+375 (29) 513-35-86,2025-03-21
1135,Степанов Ярослав Юрьевич,+375 (44) 378-92-12,2026-06-29
1136,Гусева Надежда Петровна,+375 (25) 504-59-94,2024-12-14
1137,Ершова Татьяна Алексеевна,+375 (29) 206-67-49,2025-11-02
1138,Сергеева Ирина Алексеевна,+375 (44) 945-71-72,2025-04-15
1139,Климович Евгений Викторович,+375 (29) 680-97-54,2026-05-09
1140,Кузнецова Полина Олеговна,+375 (29) 378-71-43,2025-07-09
1141,Новицкая Мария Евгеньевна,+375 (29) 634-93-71,2025-11-27
1142,Жукова Марина Михайловна,+375 (44) 498-94-41,2024-10-03
1143,Соболева Мария Андреевна,+375 (44) 347-86-44,2026-03-15
1144,Николаева Юлия Алексеевна,+375 (44) 537-04-69,2025-11-13
1145,Смирнов Николай Павлович,+375 (44) 680-87-30,2025-06-19
1146,Богданова Полина Владимировна,+375 (29) 411-04-96,2025-10-27
1147,Иванов Алексей Александрович,+375 (33) 333-97-36,2024-12-27
1148,Фролова Надежда Викторовна,+375 (44) 232-92-28,2024-12-09
1149,Макарова Дарья Дмитриевна,+375 (29) 864-15-01,2025-12-21
1150,Андреева Анастасия Евгеньевна,+375 (44) 273-81-24,2024-11-28
1151,Королёв Даниил Сергеевич,+375 (29) 298-24-66,2025-05-10
1152,Титов Сергей Викторович,+375 (29) 147-69-99,2024-12-14
1153,Пономарёва Полина Михайловна,+375 (33) 912-83-33,2024-11-13
1154,Климович Денис Владимирович,+375 (33) 363-60-49,2026-07-29
1155,Орлова Валерия Игоревна,+375 (29) 769-00-12,2024-10-23
1156,Мельник Егор Дмитриевич,+375 (29) 763-79-36,2025-02-12
1157,Сорокин Денис Дмитриевич,+375 (29) 189-64-24,2025-01-07
1158,Ковалёва Ирина Михайловна,+375 (33) 641-42-33,2024-12-28
1159,Ковалевская Ольга Михайловна,+375 (44) 352-61-46,2025-10-05
1160,Алексеева Дарья Андреевна,+375 (44) 158-37-43,2026-01-28
1161,Новиков Владимир Андреевич,+375 (29) 932-44-54,2025-07-15
1162,Тарасова Алина Владимировна,+375 (33) 643-23-89,2025-06-23
1163,Крылов Николай Сергеевич,+375 (29) 143-82-80,2025-08-19
1164,Яковлева Валерия Дмитриевна,+375 (33) 434-70-90,2025-07-26
1165,Романов Глеб Максимович,+375 (44) 480-15-30,2024-10-08
1166,Ершова Ольга Ивановна,+375 (44) 659-61-72,2025-06-03
1167,Семёнов Антон Евгеньевич,+375 (25) 153-58-15,2025-05-12
1168,Соколова Мария Александровна,+375 (29) 893-70-55,2025-04-08
1169,Кузьмина Александра Ивановна,+375 (33) 983-50-18,2025-01-13
1170,Ковалевская Татьяна Юрьевна,+375 (29) 844-91-40,2025-03-05
1171,Новиков Олег Сергеевич,+375 (29) 454-26-59,2025-11-08
1172,Соболева Полина Дмитриевна,+375 (44) 839-39-17,2024-11-29
1173,Котов Никита Максимович,+375 (44) 302-90-96,2025-04-02
1174,Соколов Егор Владимирович,+375 (29) 113-53-70,2026-05-21
1175,Новикова Юлия Сергеевна,+375 (29) 990-22-93,2026-09-11
1176,Сидоренко Ольга Максимовна,+375 (44) 946-18-38,2025-01-27
1177,Лебедева Алина Сергеевна,+375 (29) 820-17-43,2025-09-18
1178,Полякова Людмила Петровна,+375 (29) 408-56-94,2025-06-26
1179,Фролова Лариса Дмитриевна,+375 (44) 596-12-27,2025-02-17
1180,Комаров Даниил Иванович,+375 (44) 567-98-07,2025-04-09
1181,Тарасова Ирина Максимовна,+375 (44) 345-48-75,2025-06-19
1182,Яковлева Юлия Владимировна,+375 (25) 586-17-41,2025-05-31
1183,Степанов Андрей Петрович,+375 (29) 801-26-82,2025-09-02
1184,Максимова Татьяна Максимовна,+375 (29) 671-71-17,2026-06-23
1185,Борисов Олег Викторович,+375 (44) 997-96-36,2024-12-19
1186,Островский Антон Игоревич,+375 (33) 720-98-48,2026-04-16
1187,Фёдорова Дарья Павловна,+375 (29) 911-22-58,2025-12-05
1188,Тарасов Сергей Иванович,+375 (44) 305-33-44,2026-04-12
1189,Фёдоров Олег Олегович,+375 (44) 689-20-98,2024-12-10
1190,Григорьев Андрей Юрьевич,+375 (44) 209-87-85,2025-12-11
1191,Сидоров Артём Дмитриевич,+375 (29) 536-43-77,2024-12-02
1192,Максимов Фёдор Юрьевич,+375 (25) 638-21-19,2025-03-06
1193,Данилов Владимир Иванович,+375 (29) 787-15-20,2026-09-24
1194,Рогов Михаил Максимович,+375 (25) 358-23-28,2025-09-08
1195,Островский Ярослав Павлович,+375 (29) 379-99-73,2024-12-13
1196,Попов Владимир Алексеевич,+375 (25) 159-43-23,2025-06-24
1197,Поляков Алексей Николаевич,+375 (44) 701-29-99,2026-04-26
1198,Степанова Полина Максимовна,+375 (44) 792-41-15,2025-09-14
1199,Рябов Юрий Николаевич,+375 (29) 582-80-35,2024-10-17
1200,Сидоренко Ксения Юрьевна,+375 (44) 907-91-55,2026-04-03
1201,Захарова Вера Игоревна,+375 (33) 551-69-88,2024-10-07
1202,Иванова Алёна Сергеевна,+375 (33) 901-45-93,2025-03-07
1203,Сидоренко Светлана Максимовна,+375 (29) 108-62-92,2025-08-04
1204,Кузьмин Руслан Викторович,+375 (33) 381-08-66,2026-09-24
1205,Баранова Светлана Николаевна,+375 (33) 814-99-36,2025-04-23
1206,Борисов Руслан Викторович,+375 (29) 125-35-16,2025-08-08
1207,Лукашевич Иван Сергеевич,+375 (44) 465-97-18,2024-10-26
1208,Яковлева Ксения Андреевна,+375 (29) 237-28-28,2026-09-10
1209,Семёнова Екатерина Игоревна,+375 (44) 604-17-89,2025-03-09
1210,Рябов Павел Павлович,+375 (33) 499-74-23,2025-03-01
1211,Пономарёв Антон Александрович,+375 (44) 641-13-59,2026-08-17
1212,Кузнецова Алёна Игоревна,+375 (29) 676-36-52,2025-01-26
1213,Сорокина Татьяна Игоревна,+375 (29) 221-57-48,2025-09-08
1214,Жукова Дарья Дмитриевна,+375 (44) 434-62-25,2025-03-21
1215,Шевченко Александра Николаевна,+375 (44) 910-47-77,2026-01-14
1216,Тарасова Милана Дмитриевна,+375 (25) 654-24-81,2024-12-10
1217,Яковлев Егор Евгеньевич,+375 (29) 737-29-96,2025-02-25
1218,Николаева Вера Владимировна,+375 (29) 118-68-86,2024-11-07
1219,Борисова Елена Михайловна,+375 (44) 700-00-24,2025-03-01
1220,Титов Иван Сергеевич,+375 (33) 986-96-29,2025-10-04
1221,Павлов Михаил Викторович,+375 (33) 574-20-01,2025-04-22
1222,Смирнова Татьяна Евгеньевна,+375 (29) 749-21-71,2025-01-22
1223,Ершов Тимофей Викторович,+375 (44) 670-64-72,2025-11-21
1224,Островский Сергей Владимирович,+375 (44) 742-97-70,2025-07-09
1225,Королёва Ксения Юрьевна,+375 (44) 377-05-31,2025-06-15
1226,Жукова Людмила Олеговна,+375 (29) 272-85-93,2025-02-05
1227,Медведев Артём Юрьевич,+375 (44) 374-39-03,2024-12-26
1228,Макаров Максим Михайлович,+375 (25) 422-33-79,2025-05-08
1229,Яковлев Николай Николаевич,+375 (29) 939-00-31,2025-02-08
1230,Беляева София Олеговна,+375 (29) 925-86-83,2025-09-28
1231,Воробьёв Алексей Николаевич,+375 (44) 783-90-68,2025-06-16
1232,Борисова София Павловна,+375 (33) 152-87-94,2024-10-17
1233,Григорьев Кирилл Дмитриевич,+375 (33) 114-49-25,2025-03-04
1234,Рогов Андрей Алексеевич,+375 (29) 672-36-19,2024-11-18
1235,Фёдорова Юлия Игоревна,+375 (44) 353-25-59,2026-07-01
1236,Тарасова Ирина Александровна,+375 (29) 999-70-52,2025-06-16
1237,Волков Егор Александрович,+375 (33) 741-24-05,2025-11-24
1238,Новицкий Виктор Александрович,+375 (33) 482-35-40,2024-10-01
1239,Жукова Алёна Алексеевна,+375 (25) 434-93-95,2026-09-09
1240,Орлов Андрей Олегович,+375 (33) 946-59-53,2025-06-07
1241,Островская Виктория Михайловна,+375 (33) 900-00-95,2024-12-12
1242,Никитина Виктория Сергеевна,+375 (33) 853-90-90,2025-04-16
1243,Куликова Ирина Владимировна,+375 (29) 959-14-78,2024-11-26
1244,Ковалёв Михаил Дмитриевич,+375 (29) 370-32-56,2024-11-24
1245,Романова Юлия Игоревна,+375 (33) 925-02-45,2025-04-25
1246,Соколов Руслан Павлович,+375 (29) 276-78-13,2026-05-30
1247,Зайцева Ксения Сергеевна,+375 (29) 997-60-57,2024-10-10
1248,Климович Фёдор Олегович,+375 (33) 423-27-75,2026-07-15
1249,Семёнов Константин Игоревич,+375 (44) 809-26-70,2026-07-01
1250,Волкова Елена Юрьевна,+375 (33) 286-26-13,2026-09-19
1251,Максимова Валерия Викторовна,+375 (44) 139-56-49,2024-10-24
1252,Новицкая Елена Игоревна,+375 (44) 143-03-00,2025-08-14
1253,Журавлёва Алёна Владимировна,+375 (29) 313-64-26,2024-10-06
1254,Лебедев Владимир Андреевич,+375 (33) 512-87-07,2025-04-29
1255,Крылов Юрий Евгеньевич,+375 (44) 202-72-93,2026-01-29
1256,Беляева Валерия Павловна,+375 (25) 217-58-28,2025-06-10
1257,Иванов Константин Дмитриевич,+375 (25) 377-37-48,2025-04-15
1258,Ковалевская Алина Павловна,+375 (44) 273-14-47,2025-01-26
1259,Беляева Марина Михайловна,+375 (25) 755-04-28,2026-09-30
1260,Лазарева Юлия Олеговна,+375 (29) 750-79-72,2025-08-12
1261,Попова Ирина Владимировна,+375 (29) 924-07-85,2025-04-05
1262,Павлов Артём Петрович,+375 (33) 797-40-05,2026-07-23
1263,Шевченко Александра Викторовна,+375 (29) 596-81-01,2026-05-20
1264,Борисов Павел Евгеньевич,+375 (44) 465-32-38,2025-01-14
1265,Рогова Алина Павловна,+375 (33) 527-66-10,2026-07-17
1266,Зайцев Денис Николаевич,+375 (33) 823-29-68,2026-01-16
1267,Мельник Полина Дмитриевна,+375 (29) 221-24-05,2025-02-23
1268,Сидоренко Лариса Владимировна,+375 (29) 168-95-27,2026-06-22
1269,Ковалевская София Ивановна,+375 (44) 956-73-93,2025-05-31
1270,Смирнова София Ивановна,+375 (33) 483-37-35,2025-01-13
1271,Лебедева Мария Алексеевна,+375 (33) 693-50-96,2025-07-02
1272,Сорокина Татьяна Владимировна,+375 (29) 209-76-50,2024-12-25
1273,Козлов Алексей Андреевич,+375 (33) 177-94-70,2025-05-07
1274,Кузнецова Вера Андреевна,+375 (29) 668-15-19,2025-08-27
1275,Журавлёв Даниил Евгеньевич,+375 (29) 886-12-44,2024-12-15
1276,Никитин Фёдор Александрович,+375 (33) 944-33-50,2024-11-24
1277,Крылов Михаил Николаевич,+375 (44) 478-08-36,2025-03-09
1278,Климович Григорий Николаевич,+375 (25) 196-62-52,2025-01-09
1279,Морозова Валерия Викторовна,+375 (29) 470-41-39,2025-08-08
1280,Николаев Руслан Петрович,+375 (44) 897-43-14,2025-05-30
1281,Смирнов Станислав Михайлович,+375 (29) 216-26-63,2025-05-26
1282,Андреев Александр Дмитриевич,+375 (44) 533-18-01,2026-04-01
1283,Белова Евгения Викторовна,+375 (29) 192-53-11,2025-05-25
1284,Фёдоров Кирилл Иванович,+375 (33) 552-38-07,2025-12-13
1285,Соболева Вера Юрьевна,+375 (25) 507-09-34,2025-06-11
1286,Козлова Надежда Александровна,+375 (29) 550-88-66,2025-02-23
1287,Журавлёва Наталья Александровна,+375 (44) 460-84-15,2025-10-18
1288,Сидоренко Полина Ивановна,+375 (44) 338-31-02,2026-08-07
1289,Лазарев Роман Сергеевич,+375 (33) 414-20-83,2025-09-01
1290,Попов Сергей Владимирович,+375 (33) 544-22-57,2025-01-05
1291,Борисова Евгения Олеговна,+375 (29) 372-88-68,2025-09-20
1292,Пономарёв Даниил Максимович,+375 (44) 722-98-63,2024-10-01
1293,Андреев Денис Викторович,+375 (29) 341-26-12,2026-04-03
1294,Андреев Станислав Сергеевич,+375 (33) 206-77-05,2026-06-03
1295,Баранов Никита Андреевич,+375 (29) 244-72-80,2024-11-03
1296,Рогова Дарья Игоревна,+375 (33) 772-58-51,2024-12-09
1297,Иванова Надежда Николаевна,+375 (44) 890-63-49,2025-08-09
1298,Степанов Глеб Николаевич,+375 (29) 650-78-39,2025-01-02
1299,Комарова Виктория Петровна,+375 (25) 371-86-19,2025-05-16
1300,Сергеев Александр Николаевич,+375 (44) 633-74-45,2024-11-22
1301,Иванов Юрий Николаевич,+375 (29) 716-98-06,2024-11-19
1302,Ковалевский Глеб Андреевич,+375 (29) 576-25-15,2024-10-17
1303,Кудрявцева Наталья Дмитриевна,+375 (44) 365-00-82,2025-04-19
1304,Островский Антон Дмитриевич,+375 (25) 478-77-76,2025-07-22
1305,Волков Алексей Евгеньевич,+375 (44) 271-92-64,2026-04-16
1306,Борисова Милана Алексеевна,+375 (44) 253-25-99,2025-08-01
1307,Медведева Алина Алексеевна,+375 (33) 891-01-08,2024-10-03
1308,Фролова Анастасия Ивановна,+375 (29) 387-92-53,2025-02-28
1309,Иванова Дарья Олеговна,+375 (29) 960-65-55,2025-05-25
1310,Пономарёв Максим Сергеевич,+375 (29) 585-96-82,2025-04-20
1311,Морозов Александр Сергеевич,+375 (33) 285-11-45,2025-07-29
1312,Титова Анастасия Игоревна,+375 (29) 413-68-77,2025-03-06
1313,Смирнов Дмитрий Сергеевич,+375 (25) 613-61-89,2026-02-26
1314,Кузнецова Надежда Ивановна,+375 (33) 188-34-56,2024-12-13
1315,Данилова Алина Игоревна,+375 (25) 968-81-28,2025-09-23
1316,Соболева Виктория Викторовна,+375 (44) 478-20-65,2024-10-25
1317,Мельник Виктор Михайлович,+375 (44) 647-25-15,2026-08-09
1318,Никитин Денис Дмитриевич,+375 (33) 636-28-19,2026-06-28
1319,Борисов Григорий Игоревич,+375 (25) 286-48-11,2025-05-29
1320,Козлов Никита Сергеевич,+375 (33) 648-37-90,2025-01-11
1321,Данилова Алёна Максимовна,+375 (29) 916-97-32,2025-02-02
1322,Воробьёв Фёдор Дмитриевич,+375 (29) 997-56-73,2026-09-29
1323,Лебедева Вера Николаевна,+375 (33) 789-39-21,2025-04-04
1324,Рябова Юлия Олеговна,+375 (33) 365-18-41,2025-03-19
1325,Борисов Павел Михайлович,+375 (33) 890-73-01,2025-04-14
1326,Морозова Евгения Александровна,+375 (29) 205-81-44,2025-09-23
1327,Сергеева Дарья Викторовна,+375 (29) 723-88-34,2026-04-18
1328,Ершова Татьяна Андреевна,+375 (33) 577-48-18,2025-03-31
1329,Алексеева Юлия Юрьевна,+375 (29) 272-87-15,2025-06-27
1330,Соболев Михаил Дмитриевич,+375 (25) 924-21-28,2025-03-15
1331,Степанова Алёна Игоревна,+375 (44) 202-13-13,2025-08-02
1332,Макаров Тимофей Сергеевич,+375 (33) 500-04-01,2025-01-05
1333,Воробьёв Игорь Юрьевич,+375 (25) 275-53-84,2025-07-24
1334,Михайлов Александр Викторович,+375 (29) 486-01-40,2026-04-14
1335,Журавлёва Ольга Петровна,+375 (44) 564-02-62,2024-11-29
1336,Андреев Алексей Олегович,+375 (44) 724-68-77,2025-05-23
1337,Соболева Екатерина Михайловна,+375 (44) 387-73-72,2025-08-11
1338,Макарова Алина Андреевна,+375 (25) 712-92-60,2025-09-28
1339,Яковлев Иван Николаевич,+375 (44) 526-61-78,2025-05-22
1340,Королёва Ольга Михайловна,+375 (29) 442-23-65,2025-08-19
1341,Куликов Артём Иванович,+375 (33) 418-67-45,2024-11-13
1342,Полякова Анастасия Максимовна,+375 (29) 833-67-26,2026-06-13
1343,Ковалевский Юрий Викторович,+375 (29) 720-46-13,2024-10-08
1344,Сидоренко Владимир Михайлович,+375 (29) 235-94-78,2024-10-29
1345,Ковалевский Антон Андреевич,+375 (29) 495-52-84,2025-02-28
1346,Сидорова Людмила Владимировна,+375 (33) 326-65-40,2026-02-26
1347,Цветкова Виктория Игоревна,+375 (29) 568-33-21,2025-04-21
1348,Рябов Юрий Андреевич,+375 (29) 431-86-07,2026-04-28
1349,Гусев Владимир Сергеевич,+375 (33) 122-00-69,2026-01-07
1350,Комарова Людмила Сергеевна,+375 (29) 790-05-03,2025-04-24
1351,Смирнова Светлана Игоревна,+375 (33) 741-68-62,2025-05-13
1352,Крылов Павел Максимович,+375 (29) 258-16-95,2025-01-22
1353,Крылов Александр Владимирович,+375 (29) 119-55-08,2025-05-17
1354,Попов Виктор Викторович,+375 (29) 741-00-55,2025-05-23
1355,Захаров Артём Юрьевич,+375 (25) 399-43-45,2025-07-10
1356,Сергеева Светлана Ивановна,+375 (29) 571-31-83,2025-09-06
1357,Зайцева Валерия Юрьевна,+375 (44) 343-05-36,2025-09-17
1358,Сергеев Алексей Алексеевич,+375 (25) 855-14-67,2025-05-06
1359,Журавлёв Евгений Алексеевич,+375 (33) 521-45-70,2024-10-02
1360,Орлова Виктория Игоревна,+375 (29) 844-13-34,2025-06-27
1361,Рябов Владимир Павлович,+375 (33) 827-23-45,2025-02-09
1362,Островская Ирина Ивановна,+375 (33) 658-16-96,2026-08-12
1363,Кудрявцева Светлана Петровна,+375 (33) 372-31-80,2025-06-12
1364,Лебедев Глеб Андреевич,+375 (44) 403-11-58,2025-08-02
1365,Белова Юлия Петровна,+375 (33) 172-69-67,2025-03-09
1366,Новикова Мария Ивановна,+375 (29) 528-14-96,2025-02-02
1367,Макаров Евгений Владимирович,+375 (29) 795-02-76,2025-05-26
1368,Григорьева Милана Михайловна,+375 (25) 410-07-52,2025-03-22
1369,Семёнова Евгения Павловна,+375 (33) 528-48-51,2025-04-10
1370,Яковлев Виктор Сергеевич,+375 (29) 542-95-58,2025-06-24
1371,Рогова Вера Алексеевна,+375 (29) 564-72-48,2025-01-21
1372,Беляев Александр Николаевич,+375 (29) 309-22-03,2025-03-12
1373,Шевченко Мария Дмитриевна,+375 (29) 276-05-14,2025-09-06
1374,Белова Алина Игоревна,+375 (44) 809-64-56,2025-04-04
1375,Герасимов Виктор Иванович,+375 (44) 321-12-17,2025-05-11
1376,Волкова Александра Павловна,+375 (44) 655-91-38,2024-12-14
1377,Беляев Андрей Евгеньевич,+375 (29) 699-70-09,2025-06-11
1378,Сидоренко Тимофей Владимирович,+375 (33) 255-57-16,2024-10-17
1379,Борисов Александр Игоревич,+375 (29) 849-83-40,2025-02-18
1380,Захарова Марина Николаевна,+375 (29) 105-81-45,2025-08-14
1381,Степанова Дарья Петровна,+375 (33) 389-23-91,2025-12-29
1382,Фёдоров Артём Александрович,+375 (29) 331-74-62,2024-11-12
1383,Ковалевская Дарья Максимовна,+375 (33) 313-91-65,2025-06-30
1384,Ильин Антон Алексеевич,+375 (33) 991-42-70,2025-01-16
1385,Иванов Денис Михайлович,+375 (25) 322-60-72,2026-01-23
1386,Лукашевич Полина Михайловна,+375 (29) 747-66-53,2025-01-21
1387,Смирнова Марина Петровна,+375 (29) 216-38-60,2025-08-29
1388,Шевченко Руслан Викторович,+375 (29) 610-16-17,2025-10-24
1389,Беляев Николай Павлович,+375 (29) 570-30-31,2025-05-26
1390,Кузнецова Татьяна Николаевна,+375 (44) 593-33-05,2025-11-12
1391,Богданов Антон Николаевич,+375 (29) 889-72-89,2024-11-14
1392,Лазарев Владимир Михайлович,+375 (44) 313-97-02,2025-09-28
1393,Сергеева Елена Максимовна,+375 (44) 639-72-34,2025-03-18
1394,Волкова Лариса Алексеевна,+375 (29) 659-46-10,2024-10-07
1395,Белов Роман Павлович,+375 (29) 649-21-21,2026-04-01
1396,Богданов Артём Евгеньевич,+375 (29) 991-88-94,2025-02-21
1397,Лазарев Антон Алексеевич,+375 (29) 887-22-80,2026-01-25
1398,Сидоренко Ольга Михайловна,+375 (33) 684-04-28,2025-05-07
1399,Михайлов Константин Юрьевич,+375 (44) 308-60-14,2025-02-19
1400,Мельник Егор Олегович,+375 (29) 362-43-62,2026-07-03
1401,Гусев Глеб Владимирович,+375 (33) 261-20-68,2025-09-13
1402,Попова Милана Павловна,+375 (29) 835-45-48,2026-09-03
1403,Орлова Ольга Петровна,+375 (44) 334-62-08,2024-11-07
1404,Сидоренко Алексей Дмитриевич,+375 (25) 242-94-09,2025-07-29
1405,Журавлёва Алёна Игоревна,+375 (29) 779-32-88,2025-05-24
1406,Рябова Ольга Петровна,+375 (29) 480-77-79,2025-02-15
1407,Ильин Тимофей Андреевич,+375 (29) 816-72-84,2025-03-04
1408,Данилова Вера Евгеньевна,+375 (44) 264-93-78,2025-03-27
1409,Соболев Олег Иванович,+375 (44) 524-61-31,2024-10-08
1410,Фролов Сергей Александрович,+375 (29) 278-82-09,2024-12-17
1411,Романов Антон Андреевич,+375 (33) 941-11-43,2025-10-26
1412,Степанова Валерия Михайловна,+375 (44) 528-84-77,2025-02-02
1413,Островский Артём Владимирович,+375 (33) 275-67-51,2024-10-08
1414,Новицкий Руслан Владимирович,+375 (29) 713-22-40,2026-07-19
1415,Сорокин Роман Дмитриевич,+375 (33) 111-45-38,2025-03-17
1416,Семёнова Анастасия Андреевна,+375 (29) 514-66-05,2024-12-07
1417,Гусева Анна Михайловна,+375 (44) 962-72-67,2024-11-17
1418,Степанов Никита Владимирович,+375 (44) 427-93-28,2025-09-06
1419,Медведева Светлана Николаевна,+375 (29) 507-99-88,2024-11-02
1420,Комаров Роман Петрович,+375 (29) 753-26-20,2025-01-21
1421,Смирнова Анна Игоревна,+375 (33) 283-92-77,2024-11-07
1422,Николаева Екатерина Сергеевна,+375 (44) 794-09-18,2025-01-12
1423,Новицкий Андрей Викторович,+375 (29) 268-66-97,2024-10-27
1424,Попов Григорий Юрьевич,+375 (29) 115-68-86,2025-06-22
1425,Комаров Константин Дмитриевич,+375 (29) 514-83-89,2025-07-24
1426,Кузьмина Евгения Дмитриевна,+375 (33) 280-30-44,2025-07-21
1427,Цветков Михаил Юрьевич,+375 (29) 200-04-22,2025-10-23
1428,Данилов Даниил Иванович,+375 (44) 666-68-55,2025-07-14
1429,Киселёва Людмила Олеговна,+375 (29) 999-54-74,2025-04-22
1430,Комарова Мария Павловна,+375 (29) 442-86-49,2025-07-20
1431,Гусева Валерия Ивановна,+375 (44) 366-77-64,2025-08-04
1432,Фёдоров Алексей Дмитриевич,+375 (33) 538-96-49,2025-03-23
1433,Кузьмина Евгения Игоревна,+375 (33) 613-60-93,2024-12-15
1434,Михайлов Алексей Евгеньевич,+375 (25) 265-76-85,2026-02-13
1435,Кузнецова Анна Ивановна,+375 (29) 131-36-76,2025-03-28
1436,Соболев Даниил Владимирович,+375 (29) 342-37-68,2026-05-10
1437,Жуков Дмитрий Сергеевич,+375 (29) 539-22-78,2025-01-16
1438,Тарасов Даниил Максимович,+375 (44) 361-22-68,2025-08-23
1439,Ильина Алёна Павловна,+375 (25) 710-07-30,2025-01-06
1440,Ильина Анна Николаевна,+375 (25) 799-53-35,2025-09-21
1441,Петров Тимофей Евгеньевич,+375 (44) 561-27-97,2026-01-09
1442,Сергеева Надежда Дмитриевна,+375 (44) 680-38-74,2025-12-31
1443,Баранов Иван Юрьевич,+375 (44) 424-45-73,2026-02-06
1444,Климович Александра Александровна,+375 (25) 347-34-80,2025-07-22
1445,Андреева Евгения Дмитриевна,+375 (44) 787-60-81,2026-06-27
1446,Фролова Светлана Олеговна,+375 (29) 276-03-58,2024-10-05
1447,Ильин Руслан Максимович,+375 (29) 848-01-56,2026-06-14
1448,Павлов Павел Михайлович,+375 (33) 924-38-95,2025-06-12
1449,Макарова Вера Александровна,+375 (33) 709-95-43,2025-08-27
1450,Шевченко Екатерина Викторовна,+375 (29) 277-01-38,2025-07-11
1451,Михайлова Александра Михайловна,+375 (29) 727-71-06,2024-12-24
1452,Крылов Станислав Дмитриевич,+375 (29) 376-43-75,2025-07-21
1453,Лазарев Антон Иванович,+375 (33) 214-11-23,2026-02-21
1454,Полякова Марина Юрьевна,+375 (29) 608-22-58,2025-12-04
1455,Цветков Даниил Михайлович,+375 (44) 410-69-51,2025-10-02
1456,Яковлев Константин Михайлович,+375 (33) 718-55-88,2025-02-21
1457,Королёв Сергей Викторович,+375 (33) 905-05-42,2025-03-01
1458,Попова Дарья Михайловна,+375 (29) 211-27-05,2024-12-19
1459,Никитин Александр Юрьевич,+375 (29) 783-02-41,2024-10-17
1460,Соболев Никита Михайлович,+375 (25) 658-68-10,2025-05-20
1461,Лебедева Лариса Павловна,+375 (44) 335-91-63,2025-03-21
1462,Яковлева Анастасия Юрьевна,+375 (33) 579-38-73,2025-02-14
1463,Степанова Алёна Сергеевна,+375 (29) 857-91-90,2024-12-04
1464,Комарова Лариса Дмитриевна,+375 (33) 941-23-63,2025-04-08
1465,Кузнецова Марина Дмитриевна,+375 (44) 201-86-70,2025-05-17
1466,Иванов Антон Владимирович,+375 (29) 285-73-44,2024-11-26
1467,Богданов Максим Павлович,+375 (44) 484-81-79,2026-01-14
1468,Воробьёва Ирина Евгеньевна,+375 (33) 722-56-89,2025-03-07
1469,Богданова Анастасия Павловна,+375 (44) 801-00-72,2026-03-17
1470,Королёв Михаил Павлович,+375 (29) 946-32-80,2025-06-17
1471,Титова Мария Николаевна,+375 (33) 796-11-65,2025-04-15
1472,Козлова Анна Андреевна,+375 (33) 675-74-86,2025-01-17
1473,Соколов Николай Олегович,+375 (33) 294-91-58,2026-09-27
1474,Лазарева Валерия Викторовна,+375 (44) 537-16-02,2024-12-05
1475,Климович Марина Максимовна,+375 (25) 933-63-52,2025-09-20
1476,Николаев Руслан Викторович,+375 (44) 359-02-04,2025-04-14
1477,Цветков Фёдор Алексеевич,+375 (33) 171-01-93,2025-01-18
1478,Комарова Вера Михайловна,+375 (29) 111-39-95,2024-10-05
1479,Никитин Дмитрий Иванович,+375 (29) 727-85-31,2025-08-10
1480,Попов Антон Михайлович,+375 (25) 999-83-86,2024-11-14
1481,Зайцева Юлия Игоревна,+375 (29) 275-08-21,2025-09-28
1482,Морозов Денис Евгеньевич,+375 (44) 971-24-85,2025-07-21
1483,Павлова Ольга Александровна,+375 (29) 282-04-41,2024-11-25
1484,Макарова Татьяна Владимировна,+375 (33) 362-92-73,2026-08-02
1485,Смирнова Ирина Петровна,+375 (29) 972-31-03,2026-05-14
1486,Журавлёва Милана Олеговна,+375 (33) 730-48-79,2025-02-23
1487,Соболева Ирина Ивановна,+375 (33) 313-45-02,2025-02-18
1488,Пономарёв Константин Александрович,+375 (29) 367-69-89,2025-03-19
1489,Зайцева Вера Юрьевна,+375 (33) 632-22-71,2025-03-28
1490,Сидоренко Сергей Олегович,+375 (25) 774-74-79,2025-03-27
1491,Иванова Анастасия Александровна,+375 (44) 703-01-57,2025-06-16
1492,Рогов Никита Викторович,+375 (33) 341-42-41,2026-01-26
1493,Рябов Фёдор Андреевич,+375 (29) 372-83-05,2025-05-23
1494,Семёнова Ольга Сергеевна,+375 (33) 982-97-46,2025-10-08
1495,Семёнов Роман Юрьевич,+375 (29) 272-72-00,2025-01-29
1496,Никитин Никита Иванович,+375 (29) 777-06-74,2025-03-18
1497,Журавлёва Татьяна Викторовна,+375 (29) 217-42-79,2025-02-19
1498,Баранова София Михайловна,+375 (33) 247-80-39,2025-09-13
1499,Кузнецов Даниил Владимирович,+375 (29) 811-08-53,2026-09-23
1500,Алексеев Михаил Андреевич,+375 (44) 855-59-22,2025-04-20
1501,Куликова Елена Владимировна,+375 (25) 113-98-74,2025-05-10
1502,Орлов Григорий Владимирович,+375 (33) 438-75-13,2024-11-03
1503,Лукашевич Полина Александровна,+375 (44) 528-29-86,2026-08-10
1504,Киселёва Алёна Николаевна,+375 (33) 539-71-49,2025-01-14
1505,Фёдоров Артём Дмитриевич,+375 (29) 467-22-00,2026-06-26
1506,Медведев Антон Максимович,+375 (25) 831-41-60,2025-12-29
1507,Герасимова Валерия Максимовна,+375 (33) 875-34-70,2024-12-29
1508,Герасимова Ксения Павловна,+375 (44) 300-61-31,2024-11-12
1509,Степанова Татьяна Олеговна,+375 (33) 234-18-04,2025-04-05
1510,Комаров Ярослав Максимович,+375 (33) 984-58-37,2025-10-14
1511,Михайлова Светлана Петровна,+375 (25) 392-39-39,2024-10-26
1512,Козлова Наталья Максимовна,+375 (44) 235-90-91,2025-03-15
1513,Павлова Ирина Александровна,+375 (33) 916-37-73,2025-07-16
1514,Захаров Роман Петрович,+375 (29) 595-26-30,2025-09-22
1515,Гусева Виктория Павловна,+375 (29) 781-13-13,2024-12-28
1516,Поляков Никита Иванович,+375 (44) 600-30-16,2025-03-09
1517,Фролова Александра Евгеньевна,+375 (44) 125-90-13,2025-08-05
1518,Романова Светлана Сергеевна,+375 (44) 903-36-22,2025-09-11
1519,Лебедева Юлия Ивановна,+375 (29) 179-61-43,2024-10-12
1520,Иванова Надежда Евгеньевна,+375 (33) 888-98-86,2025-06-06
1521,Воробьёва Анна Олеговна,+375 (44) 369-88-74,2026-09-16
1522,Тарасова Вера Дмитриевна,+375 (29) 724-85-05,2025-02-13
1523,Попова Надежда Евгеньевна,+375 (29) 475-37-19,2025-05-20
1524,Жукова Ксения Павловна,+375 (29) 403-88-66,2026-06-11
1525,Андреева Лариса Викторовна,+375 (44) 333-76-72,2025-01-25
1526,Полякова Екатерина Александровна,+375 (44) 180-59-43,2025-05-23
1527,Богданова Полина Дмитриевна,+375 (33) 922-81-60,2025-06-25
1528,Иванова Анна Андреевна,+375 (29) 295-13-38,2026-02-14
1529,Новиков Иван Евгеньевич,+375 (33) 123-68-57,2025-02-27
1530,Баранов Глеб Алексеевич,+375 (29) 284-47-03,2024-10-30
1531,Куликов Николай Михайлович,+375 (33) 103-84-74,2025-05-28
1532,Кузьмина Виктория Игоревна,+375 (29) 589-60-43,2025-09-23
1533,Островский Даниил Владимирович,+375 (33) 603-80-09,2024-11-06
1534,Григорьев Владимир Михайлович,+375 (44) 595-43-19,2025-07-05
1535,Рябова София Андреевна,+375 (44) 444-81-57,2026-03-16
1536,Козлова Валерия Александровна,+375 (29) 419-95-52,2026-07-11
1537,Баранов Станислав Игоревич,+375 (29) 188-00-83,2025-07-08
1538,Герасимов Фёдор Андреевич,+375 (29) 402-02-66,2024-12-28
1539,Борисов Юрий Петрович,+375 (44) 516-21-51,2026-02-27
1540,Новицкий Дмитрий Дмитриевич,+375 (44) 367-31-34,2025-05-10
1541,Куликов Никита Иванович,+375 (29) 308-88-70,2025-05-23
1542,Андреев Сергей Дмитриевич,+375 (29) 923-58-93,2026-05-28
1543,Климович Алина Ивановна,+375 (29) 985-34-16,2025-03-19
1544,Киселёва Алёна Алексеевна,+375 (33) 531-34-70,2026-06-11
1545,Захаров Виктор Сергеевич,+375 (44) 168-06-39,2025-04-10
1546,Сидорова Юлия Андреевна,+375 (33) 887-52-44,2025-01-03
1547,Волкова Алина Евгеньевна,+375 (33) 178-65-81,2026-02-26
1548,Кузнецова Наталья Петровна,+375 (44) 799-48-27,2025-01-11
1549,Титова Полина Ивановна,+375 (25) 525-73-41,2025-09-12
1550,Климович Светлана Николаевна,+375 (44) 490-64-50,2025-08-30
1551,Попов Кирилл Алексеевич,+375 (25) 563-32-62,2025-01-09
1552,Котова Лариса Дмитриевна,+375 (44) 695-02-41,2025-08-04
1553,Сидоренко Павел Олегович,+375 (44) 431-44-30,2024-12-23
1554,Иванова Мария Владимировна,+375 (33) 749-96-59,2025-08-13
1555,Петров Роман Иванович,+375 (33) 585-20-05,2025-08-08
1556,Мельник Дмитрий Алексеевич,+375 (44) 838-85-03,2024-10-25
1557,Борисов Фёдор Игоревич,+375 (29) 926-71-69,2025-10-19
1558,Зайцева Елена Дмитриевна,+375 (33) 439-13-29,2024-11-01
1559,Новицкая Вера Петровна,+375 (44) 665-56-79,2025-05-26
1560,Романов Павел Евгеньевич,+375 (33) 661-21-58,2024-12-13
1561,Пономарёв Михаил Петрович,+375 (29) 271-14-44,2024-10-23
1562,Медведева Алёна Сергеевна,+375 (29) 159-51-99,2025-08-19
1563,Семёнов Владимир Петрович,+375 (29) 190-65-56,2025-06-02
1564,Макаров Алексей Олегович,+375 (29) 708-49-18,2025-03-05
1565,Новикова Людмила Максимовна,+375 (29) 883-98-22,2026-06-04
1566,Сорокин Станислав Игоревич,+375 (29) 641-41-71,2026-08-26
1567,Рогова Дарья Алексеевна,+375 (29) 781-75-57,2025-07-24
1568,Пономарёва Алина Андреевна,+375 (44) 379-82-78,2025-12-26
1569,Ершов Станислав Евгеньевич,+375 (29) 840-18-07,2026-08-01
1570,Павлова Надежда Николаевна,+375 (33) 701-93-38,2025-06-25
1571,Сергеев Кирилл Александрович,+375 (33) 390-00-60,2025-08-14
1572,Рогов Виктор Сергеевич,+375 (33) 962-25-94,2024-12-02
1573,Соколов Николай Юрьевич,+375 (33) 414-67-57,2024-12-14
1574,Семёнова Евгения Алексеевна,+375 (33) 549-47-50,2025-08-09
1575,Соболева Вера Алексеевна,+375 (29) 122-05-34,2025-03-19
1576,Иванова Виктория Петровна,+375 (33) 373-75-21,2025-02-07
1577,Семёнов Андрей Викторович,+375 (44) 102-38-55,2025-12-17
1578,Климович Ксения Викторовна,+375 (25) 276-63-23,2026-05-10
1579,Петров Павел Викторович,+375 (29) 779-11-22,2025-02-08
1580,Титова Полина Николаевна,+375 (33) 172-51-51,2025-01-23
1581,Орлова Надежда Андреевна,+375 (44) 685-64-51,2025-09-19
1582,Ильин Станислав Викторович,+375 (25) 174-36-52,2025-09-02
1583,Михайлов Юрий Евгеньевич,+375 (29) 543-68-27,2026-09-10
1584,Беляева Валерия Михайловна,+375 (29) 787-17-48,2025-10-22
1585,Цветков Иван Юрьевич,+375 (33) 930-19-86,2025-12-05
1586,Петрова Евгения Владимировна,+375 (44) 982-58-23,2026-02-25
1587,Новиков Николай Владимирович,+375 (25) 751-67-70,2026-01-27
1588,Беляева Полина Максимовна,+375 (33) 421-66-57,2025-04-17
1589,Николаев Тимофей Иванович,+375 (44) 954-91-47,2024-12-30
1590,Ильина Алина Михайловна,+375 (44) 173-09-05,2025-02-02
1591,Сидорова Ксения Владимировна,+375 (33) 945-18-39,2025-08-20
1592,Яковлев Антон Михайлович,+375 (44) 290-99-02,2024-11-14
1593,Пономарёва Дарья Сергеевна,+375 (44) 599-80-21,2024-10-27
1594,Кудрявцева Ирина Николаевна,+375 (44) 654-65-26,2026-06-24
1595,Соколова Марина Олеговна,+375 (33) 782-56-37,2025-05-29
1596,Шевченко Ольга Алексеевна,+375 (44) 803-68-10,2025-12-21
1597,Максимов Ярослав Сергеевич,+375 (33) 888-84-04,2025-12-11
1598,Лукашевич Евгения Николаевна,+375 (33) 321-65-41,2025-04-18
1599,Островский Константин Михайлович,+375 (44) 867-92-34,2025-09-20
1600,Комаров Андрей Андреевич,+375 (33) 701-37-24,2025-09-04
1601,Титова Анастасия Максимовна,+375 (44) 621-88-21,2024-12-08
1602,Островский Юрий Николаевич,+375 (44) 911-59-14,2024-12-17
1603,Кудрявцева Татьяна Михайловна,+375 (29) 379-93-34,2025-10-14
1604,Сидоренко Татьяна Андреевна,+375 (44) 413-00-38,2025-08-15
1605,Григорьева Виктория Александровна,+375 (33) 943-31-00,2025-07-30
1606,Ковалевская Мария Игоревна,+375 (25) 881-65-78,2025-05-09
1607,Иванова Вера Олеговна,+375 (29) 523-62-30,2025-07-08
1608,Никитина Милана Евгеньевна,+375 (44) 737-95-71,2025-05-12
1609,Фролов Игорь Николаевич,+375 (29) 141-29-65,2025-03-11
1610,Семёнов Фёдор Юрьевич,+375 (25) 317-88-91,2025-06-20
1611,Рябов Евгений Сергеевич,+375 (29) 565-85-95,2025-08-16
1612,Семёнов Никита Михайлович,+375 (33) 815-52-63,2025-05-07
1613,Лукашевич Никита Олегович,+375 (33) 620-35-98,2025-01-10
1614,Лукашевич Ольга Алексеевна,+375 (29) 890-18-06,2025-02-17
1615,Иванов Алексей Алексеевич,+375 (33) 448-66-26,2025-06-05
1616,Степанова Ирина Николаевна,+375 (33) 476-98-55,2025-06-09
1617,Ковалёв Иван Павлович,+375 (29) 929-22-08,2025-03-01
1618,Мельник Глеб Викторович,+375 (44) 273-96-74,2025-07-30
1619,Орлова Ольга Михайловна,+375 (29) 993-89-63,2024-11-30
1620,Соболев Сергей Владимирович,+375 (29) 601-65-54,2024-11-17
1621,Козлов Андрей Алексеевич,+375 (25) 643-93-40,2025-09-21
1622,Богданов Николай Евгеньевич,+375 (29) 857-23-55,2024-10-11
1623,Котова София Ивановна,+375 (44) 277-43-48,2026-05-06
1624,Ковалёв Даниил Павлович,+375 (44) 987-07-27,2025-04-16
1625,Данилов Михаил Петрович,+375 (29) 177-97-62,2025-11-04
1626,Островская Марина Юрьевна,+375 (29) 310-48-20,2025-06-03
1627,Островский Александр Алексеевич,+375 (44) 968-38-87,2025-07-18
1628,Петрова Полина Сергеевна,+375 (33) 713-88-81,2025-09-13
1629,Воробьёв Павел Игоревич,+375 (33) 876-11-70,2026-09-07
1630,Соболева Виктория Андреевна,+375 (25) 306-91-44,2026-08-29
1631,Ковалевская Дарья Николаевна,+375 (29) 314-92-75,2025-04-07
1632,Котова Наталья Алексеевна,+375 (33) 128-53-93,2026-04-13
1633,Соболев Руслан Иванович,+375 (44) 283-84-95,2024-10-12
1634,Лебедев Андрей Петрович,+375 (33) 267-80-41,2024-10-26
1635,Полякова Евгения Юрьевна,+375 (44) 359-79-72,2024-12-06
1636,Беляева Марина Владимировна,+375 (33) 345-75-73,2026-02-18
1637,Журавлёв Артём Андреевич,+375 (29) 552-51-52,2025-03-16
1638,Сергеева Юлия Максимовна,+375 (25) 837-87-20,2025-10-17
1639,Павлова Валерия Андреевна,+375 (44) 693-11-62,2025-08-01
1640,Крылов Станислав Юрьевич,+375 (44) 461-51-27,2024-10-12
1641,Рогова Алёна Дмитриевна,+375 (29) 552-64-04,2025-05-13
1642,Степанов Станислав Викторович,+375 (44) 640-02-31,2026-03-31
1643,Журавлёва Алёна Владимировна,+375 (25) 190-66-98,2025-08-10
1644,Кузнецов Николай Евгеньевич,+375 (29) 263-27-19,2025-06-21
1645,Беляев Дмитрий Олегович,+375 (33) 430-59-96,2025-02-11
1646,Новикова Ирина Петровна,+375 (33) 990-99-04,2025-04-28
1647,Тарасов Антон Олегович,+375 (44) 689-63-31,2025-03-01
1648,Ковалёв Николай Николаевич,+375 (44) 939-47-44,2025-07-15
1649,Кузьмин Михаил Владимирович,+375 (33) 917-27-70,2025-09-01
1650,Орлова Дарья Сергеевна,+375 (33) 942-58-04,2024-11-11
1651,Сергеева Ирина Юрьевна,+375 (29) 886-66-94,2025-04-26
1652,Богданов Константин Михайлович,+375 (29) 267-86-27,2026-06-17
1653,Макарова Милана Павловна,+375 (44) 108-21-11,2025-06-18
1654,Крылова Лариса Дмитриевна,+375 (44) 248-85-01,2026-06-17
1655,Романова Алёна Ивановна,+375 (29) 349-04-82,2025-10-10
1656,Петров Кирилл Павлович,+375 (29) 464-83-14,2025-05-11
1657,Орлова Евгения Ивановна,+375 (29) 539-07-65,2024-10-26
1658,Николаева Елена Олеговна,+375 (44) 436-87-29,2024-11-05
1659,Зайцев Евгений Петрович,+375 (44) 955-03-03,2025-07-20
1660,Ковалевская Евгения Сергеевна,+375 (44) 531-76-06,2025-02-08
1661,Белова Вера Владимировна,+375 (44) 991-71-30,2024-10-12
1662,Пономарёва Дарья Игоревна,+375 (33) 764-25-21,2025-04-05
1663,Куликова Надежда Евгеньевна,+375 (33) 829-01-01,2025-09-19
1664,Пономарёв Глеб Игоревич,+375 (33) 528-31-55,2026-08-07
1665,Фролова Наталья Олеговна,+375 (33) 129-25-44,2025-01-30
1666,Морозов Иван Дмитриевич,+375 (44) 722-27-65,2024-11-05
1667,Макарова Марина Викторовна,+375 (33) 723-83-63,2026-03-19
1668,Романова Анастасия Владимировна,+375 (33) 899-66-96,2025-03-15
1669,Михайлова Валерия Павловна,+375 (44) 831-66-05,2025-04-02
1670,Ковалёв Тимофей Юрьевич,+375 (33) 420-13-05,2025-12-17
1671,Шевченко Полина Алексеевна,+375 (29) 425-50-92,2025-02-12
1672,Воробьёва Алёна Юрьевна,+375 (25) 509-61-96,2024-11-14
1673,Павлов Тимофей Александрович,+375 (44) 252-86-83,2025-07-05
1674,Захарова Полина Максимовна,+375 (29) 568-50-66,2026-05-22
1675,Лебедев Артём Андреевич,+375 (33) 982-80-07,2025-05-22
1676,Иванова Вера Юрьевна,+375 (44) 406-87-39,2025-06-08
1677,Сидоренко Анна Олеговна,+375 (44) 756-43-69,2025-01-08
1678,Беляев Станислав Евгеньевич,+375 (44) 859-29-01,2025-03-19
1679,Козлова София Николаевна,+375 (29) 135-16-72,2025-09-24
1680,Лазарева Надежда Петровна,+375 (29) 971-00-38,2025-05-29
1681,Куликова Вера Викторовна,+375 (44) 728-73-39,2026-03-26
1682,Кудрявцева Светлана Михайловна,+375 (29) 994-65-58,2025-04-09
1683,Кузьмин Сергей Дмитриевич,+375 (29) 814-18-77,2025-03-09
1684,Морозова София Олеговна,+375 (29) 642-69-02,2025-06-26
1685,Максимов Дмитрий Максимович,+375 (44) 458-96-57,2025-06-06
1686,Иванова Милана Олеговна,+375 (29) 187-12-41,2025-08-14
1687,Куликова Милана Михайловна,+375 (44) 915-81-87,2025-09-01
1688,Беляева Анна Михайловна,+375 (33) 489-20-63,2025-09-17
1689,Григорьев Максим Алексеевич,+375 (44) 313-59-84,2025-02-15
1690,Сергеев Константин Петрович,+375 (44) 283-42-98,2025-08-04
1691,Ковалёв Максим Андреевич,+375 (29) 551-39-20,2025-03-05
1692,Сорокина Евгения Евгеньевна,+375 (29) 162-62-44,2024-10-18
1693,Воробьёва Милана Игоревна,+375 (29) 474-62-59,2026-07-02
1694,Новиков Тимофей Петрович,+375 (44) 142-24-69,2025-11-27
1695,Лукашевич Марина Михайловна,+375 (44) 407-95-68,2026-03-22
1696,Герасимов Станислав Викторович,+375 (33) 950-51-26,2025-11-08
1697,Лазарева Наталья Владимировна,+375 (25) 666-06-41,2024-11-09
1698,Рогова Дарья Викторовна,+375 (33) 767-75-57,2025-11-04
1699,Лукашевич Надежда Михайловна,+375 (33) 253-31-15,2024-12-03
1700,Борисова Милана Олеговна,+375 (33) 870-29-06,2025-01-15
1701,Фролов Юрий Олегович,+375 (44) 804-32-49,2025-06-25
1702,Яковлев Дмитрий Олегович,+375 (44) 434-82-25,2025-08-10
1703,Фёдоров Владимир Николаевич,+375 (29) 974-30-92,2025-09-24
1704,Герасимов Николай Сергеевич,+375 (29) 657-49-28,2025-06-22
1705,Лукашевич Мария Сергеевна,+375 (44) 362-15-81,2025-06-01
1706,Шевченко Марина Владимировна,+375 (29) 984-58-85,2026-04-01
1707,Степанова Надежда Дмитриевна,+375 (25) 179-57-56,2025-03-06
1708,Новицкий Илья Александрович,+375 (29) 209-03-72,2025-04-09
1709,Семёнова Александра Владимировна,+375 (29) 300-15-52,2025-01-10
1710,Сидоров Станислав Игоревич,+375 (29) 746-81-12,2024-12-23
1711,Гусев Даниил Николаевич,+375 (29) 132-19-10,2025-01-13
1712,Семёнов Григорий Петрович,+375 (29) 525-41-10,2024-11-07
1713,Новицкий Руслан Михайлович,+375 (33) 829-91-46,2025-05-22
1714,Козлов Руслан Юрьевич,+375 (44) 582-91-93,2024-12-04
1715,Сорокин Илья Максимович,+375 (44) 762-14-13,2026-06-16
1716,Данилов Николай Петрович,+375 (25) 120-41-96,2025-10-22
1717,Лебедева Алина Павловна,+375 (29) 548-76-82,2025-08-08
1718,Смирнов Даниил Игоревич,+375 (29) 807-87-43,2025-08-28
1719,Сергеева Вера Петровна,+375 (44) 268-21-85,2026-04-29
1720,Мельник Егор Петрович,+375 (33) 917-57-10,2025-07-31
1721,Петров Дмитрий Дмитриевич,+375 (29) 226-10-64,2024-11-30
1722,Петрова Алёна Викторовна,+375 (44) 937-37-82,2024-12-19
1723,Ковалевский Николай Андреевич,+375 (29) 568-02-73,2025-04-23
1724,Королёва Марина Сергеевна,+375 (44) 989-18-80,2024-11-01
1725,Никитин Евгений Иванович,+375 (33) 748-65-44,2024-11-03
1726,Беляев Тимофей Максимович,+375 (33) 189-47-96,2024-10-28
1727,Комаров Дмитрий Владимирович,+375 (29) 705-38-66,2025-04-02
1728,Баранов Антон Евгеньевич,+375 (25) 484-65-22,2025-06-14
1729,Богданова Полина Евгеньевна,+375 (33) 806-09-91,2025-09-15
1730,Кузьмина Анастасия Максимовна,+375 (44) 279-84-22,2026-07-27
1731,Новицкий Андрей Андреевич,+375 (29) 996-47-54,2024-11-16
1732,Полякова Ирина Павловна,+375 (29) 525-06-95,2025-03-19
1733,Сидоренко Людмила Евгеньевна,+375 (29) 806-52-50,2025-09-05
1734,Алексеева Виктория Владимировна,+375 (44) 616-39-65,2025-12-31
1735,Жукова Полина Александровна,+375 (29) 553-00-63,2025-06-14
1736,Титов Даниил Алексеевич,+375 (29) 853-78-59,2025-12-13
1737,Герасимова Юлия Владимировна,+375 (29) 799-07-13,2025-02-02
1738,Рябова Мария Олеговна,+375 (29) 867-26-56,2025-08-08
1739,Николаев Виктор Петрович,+375 (29) 497-73-93,2025-09-08
1740,Ковалевский Егор Юрьевич,+375 (33) 821-86-34,2025-09-02
1741,Лебедева Алина Дмитриевна,+375 (44) 992-77-37,2026-06-03
1742,Фролов Сергей Михайлович,+375 (33) 742-24-58,2026-08-11
1743,Соболева Мария Владимировна,+375 (25) 455-17-46,2025-04-28
1744,Поляков Иван Андреевич,+375 (44) 611-22-59,2025-12-03
1745,Петрова Милана Максимовна,+375 (29) 838-53-17,2025-05-05
1746,Алексеева Марина Михайловна,+375 (29) 831-66-54,2025-05-26
1747,Островская Марина Олеговна,+375 (29) 260-14-69,2025-03-16
1748,Мельник Егор Алексеевич,+375 (29) 830-97-29,2025-05-23
1749,Воробьёва Евгения Олеговна,+375 (29) 899-58-00,2026-06-10
1750,Алексеева Вера Дмитриевна,+375 (29) 641-87-72,2025-05-15
1751,Сидоренко Роман Владимирович,+375 (25) 899-34-25,2025-02-13
1752,Ковалевская Ирина Александровна,+375 (29) 458-35-01,2024-10-21
1753,Орлов Игорь Викторович,+375 (44) 364-76-56,2025-07-17
1754,Фролова Надежда Игоревна,+375 (25) 857-12-25,2025-09-08
1755,Крылова Лариса Викторовна,+375 (33) 684-70-84,2025-03-22
1756,Морозова Татьяна Дмитриевна,+375 (44) 610-30-52,2025-08-18
1757,Сидорова Вера Максимовна,+375 (29) 802-25-51,2025-07-08
1758,Смирнова Алёна Алексеевна,+375 (33) 840-42-30,2024-12-16
1759,Морозов Егор Петрович,+375 (44) 871-57-18,2025-05-01
1760,Поляков Кирилл Дмитриевич,+375 (29) 319-85-91,2025-03-14
1761,Ильина Полина Олеговна,+375 (44) 779-69-18,2026-04-25
1762,Ершова Мария Николаевна,+375 (29) 315-89-29,2026-07-10
1763,Соколов Фёдор Олегович,+375 (29) 409-60-25,2025-04-09
1764,Королёва Алина Владимировна,+375 (25) 506-37-39,2025-10-15
1765,Поляков Кирилл Андреевич,+375 (44) 265-34-92,2025-04-01
1766,Котов Сергей Андреевич,+375 (33) 702-11-90,2025-07-11
1767,Комарова Ксения Викторовна,+375 (25) 892-46-95,2024-11-02
1768,Сергеев Даниил Максимович,+375 (25) 548-44-12,2025-06-27
1769,Куликов Роман Михайлович,+375 (33) 868-82-77,2026-07-02
1770,Макаров Станислав Олегович,+375 (29) 787-20-55,2025-09-25
1771,Григорьев Григорий Юрьевич,+375 (44) 387-54-76,2025-08-13
1772,Романова Лариса Петровна,+375 (29) 808-74-98,2025-07-14
1773,Николаев Руслан Евгеньевич,+375 (29) 491-39-97,2025-07-09
1774,Сидорова Анна Игоревна,+375 (44) 194-14-76,2025-01-04
1775,Богданова Александра Юрьевна,+375 (29) 200-32-24,2024-11-11
1776,Захаров Павел Олегович,+375 (33) 839-87-49,2024-11-22
1777,Захарова Наталья Ивановна,+375 (44) 578-05-73,2024-10-16
1778,Мельник Владимир Петрович,+375 (44) 161-36-79,2024-11-07
1779,Медведев Максим Андреевич,+375 (29) 810-14-03,2025-04-17
1780,Иванов Олег Николаевич,+375 (29) 348-67-90,2025-05-11
1781,Алексеев Юрий Юрьевич,+375 (29) 768-99-69,2025-02-06
1782,Крылов Руслан Игоревич,+375 (44) 177-28-72,2025-06-06
1783,Сидоренко Глеб Михайлович,+375 (29) 948-71-56,2025-02-22
1784,Фролов Константин Алексеевич,+375 (44) 484-30-73,2024-10-01
1785,Куликов Павел Михайлович,+375 (29) 493-60-44,2025-07-20
1786,Лебедев Григорий Владимирович,+375 (33) 816-36-17,2024-12-24
1787,Богданова Анна Юрьевна,+375 (25) 682-09-05,2024-10-24
1788,Крылова Елена Дмитриевна,+375 (29) 755-12-94,2025-03-18
1789,Киселёва Надежда Дмитриевна,+375 (29) 735-34-88,2026-02-04
1790,Цветкова Лариса Евгеньевна,+375 (29) 170-96-92,2025-12-13
1791,Сидорова Марина Николаевна,+375 (44) 668-65-79,2025-07-31
1792,Алексеев Никита Юрьевич,+375 (44) 312-52-68,2025-06-05
1793,Новицкий Юрий Дмитриевич,+375 (29) 948-32-71,2025-01-01
1794,Фёдоров Михаил Викторович,+375 (33) 739-27-43,2026-04-02
1795,Сидоров Артём Олегович,+375 (44) 361-75-94,2025-07-12
1796,Тарасов Егор Максимович,+375 (29) 731-65-47,2025-03-17
1797,Кузнецов Владимир Иванович,+375 (44) 258-22-31,2025-10-02
1798,Герасимов Роман Юрьевич,+375 (29) 934-66-28,2025-09-26
1799,Павлова Юлия Игоревна,+375 (25) 713-62-01,2025-09-23
1800,Фёдоров Роман Михайлович,+375 (33) 698-06-81,2024-10-15
1801,Борисова Вера Юрьевна,+375 (25) 579-68-58,2024-12-31
1802,Орлова Милана Викторовна,+375 (44) 468-99-50,2025-03-04
1803,Григорьева Александра Сергеевна,+375 (44) 277-08-12,2024-11-04
1804,Климович Григорий Юрьевич,+375 (33) 209-00-23,2026-01-25
1805,Климович Денис Игоревич,+375 (33) 808-63-24,2026-08-02
1806,Рябова Ирина Дмитриевна,+375 (29) 246-90-08,2025-07-15
1807,Островский Денис Андреевич,+375 (29) 832-99-56,2024-12-09
1808,Рябова Елена Александровна,+375 (44) 731-85-90,2024-12-25
1809,Кузнецова Александра Юрьевна,+375 (25) 836-74-83,2025-06-15
1810,Новицкая Полина Ивановна,+375 (29) 529-38-54,2025-01-04
1811,Романова Екатерина Николаевна,+375 (29) 493-87-10,2025-01-08
1812,Иванов Руслан Владимирович,+375 (29) 641-24-25,2025-08-27
1813,Герасимова Алёна Дмитриевна,+375 (33) 423-81-22,2025-08-03
1814,Фёдорова София Павловна,+375 (33) 199-03-23,2025-02-25
1815,Сорокина Марина Николаевна,+375 (29) 969-01-58,2025-02-15
1816,Лазарев Глеб Викторович,+375 (33) 247-76-66,2025-02-02
1817,Петров Павел Александрович,+375 (29) 730-58-93,2026-03-17
1818,Кузьмин Павел Павлович,+375 (44) 992-10-06,2024-11-30
1819,Смирнов Олег Алексеевич,+375 (44) 737-84-12,2026-02-21
1820,Козлов Станислав Александрович,+375 (44) 771-50-32,2025-07-17
1821,Богданова Татьяна Дмитриевна,+375 (25) 835-71-43,2026-01-15
1822,Жукова Анна Сергеевна,+375 (29) 255-27-81,2024-11-14
1823,Гусев Даниил Михайлович,+375 (44) 547-43-19,2025-01-15
1824,Смирнова Алёна Александровна,+375 (29) 510-11-15,2025-11-09
1825,Полякова Алёна Сергеевна,+375 (44) 590-63-79,2025-07-16
1826,Сергеева Алина Сергеевна,+375 (29) 384-38-13,2025-08-26
1827,Морозова Милана Николаевна,+375 (44) 460-73-84,2025-08-06
1828,Романова Марина Алексеевна,+375 (29) 214-51-73,2025-08-23
1829,Фёдорова Александра Александровна,+375 (44) 221-38-00,2025-03-21
1830,Пономарёва Елена Петровна,+375 (44) 717-17-59,2025-07-20
1831,Новицкий Антон Павлович,+375 (33) 631-36-30,2026-04-20
1832,Комаров Виктор Петрович,+375 (29) 842-85-92,2025-06-19
1833,Полякова Алёна Игоревна,+375 (29) 830-29-35,2025-01-18
1834,Петрова Лариса Михайловна,+375 (25) 494-95-16,2025-04-02
1835,Гусева Алина Андреевна,+375 (29) 798-25-41,2025-11-06
1836,Мельник Ольга Александровна,+375 (33) 883-75-04,2024-12-31
1837,Попова Татьяна Викторовна,+375 (44) 928-56-34,2025-04-05
1838,Ковалевская София Михайловна,+375 (33) 619-76-74,2025-07-24
1839,Соколов Сергей Евгеньевич,+375 (44) 254-76-31,2025-01-21
1840,Куликов Павел Михайлович,+375 (44) 770-66-42,2026-05-31
1841,Павлов Фёдор Иванович,+375 (29) 629-86-12,2025-03-17
1842,Петров Тимофей Максимович,+375 (25) 515-65-60,2025-10-13
1843,Макаров Глеб Юрьевич,+375 (29) 552-31-92,2025-06-10
1844,Захаров Максим Михайлович,+375 (29) 332-15-10,2025-02-24
1845,Рябов Денис Юрьевич,+375 (33) 352-91-60,2024-10-01
1846,Комаров Сергей Юрьевич,+375 (29) 780-93-66,2024-10-26
1847,Алексеев Александр Михайлович,+375 (29) 565-67-31,2024-10-25
1848,Павлов Егор Юрьевич,+375 (29) 455-32-14,2024-12-01
1849,Рябов Евгений Владимирович,+375 (29) 207-69-89,2025-03-05
1850,Зайцева София Игоревна,+375 (33) 821-46-39,2025-02-06
1851,Максимова Виктория Алексеевна,+375 (44) 463-34-58,2025-01-06
1852,Зайцева Светлана Алексеевна,+375 (33) 658-29-64,2025-01-12
1853,Лазарева Ксения Андреевна,+375 (29) 723-70-47,2025-02-09
1854,Орлова Милана Андреевна,+375 (33) 583-28-37,2025-08-13
1855,Рогова Лариса Евгеньевна,+375 (33) 180-81-80,2024-11-13
1856,Тарасова Елена Олеговна,+375 (33) 162-67-04,2025-09-27
1857,Новицкий Денис Юрьевич,+375 (33) 817-06-54,2025-04-28
1858,Крылова Виктория Юрьевна,+375 (29) 382-19-44,2025-04-25
1859,Баранова Мария Викторовна,+375 (25) 338-01-61,2024-10-02
1860,Алексеева Дарья Ивановна,+375 (29) 951-49-83,2025-08-29
1861,Макарова София Ивановна,+375 (29) 138-17-47,2025-04-10
1862,Титов Артём Алексеевич,+375 (25) 176-50-13,2025-05-23
1863,Баранов Глеб Александрович,+375 (29) 915-50-80,2025-08-26
1864,Морозова Алёна Евгеньевна,+375 (29) 721-30-90,2026-07-08
1865,Орлов Станислав Петрович,+375 (29) 790-48-54,2025-04-29
1866,Шевченко Елена Евгеньевна,+375 (29) 139-57-05,2026-06-15
1867,Котов Алексей Евгеньевич,+375 (33) 510-94-41,2025-05-12
1868,Смирнов Алексей Юрьевич,+375 (29) 811-34-04,2024-11-13
1869,Рябов Фёдор Евгеньевич,+375 (44) 688-03-06,2025-01-06
1870,Фёдорова София Николаевна,+375 (33) 691-58-25,2024-12-06
1871,Лазарев Даниил Юрьевич,+375 (29) 112-58-80,2026-05-03
1872,Герасимов Никита Андреевич,+375 (44) 316-14-80,2025-01-13
1873,Шевченко Григорий Игоревич,+375 (29) 267-79-83,2026-01-20
1874,Никитина Полина Дмитриевна,+375 (29) 856-74-92,2025-08-05
1875,Николаева Надежда Андреевна,+375 (33) 306-37-08,2026-02-24
1876,Фролова Елена Александровна,+375 (29) 409-54-70,2026-01-21
1877,Григорьева Татьяна Николаевна,+375 (29) 693-17-43,2025-01-04
1878,Гусев Глеб Николаевич,+375 (44) 910-41-00,2025-02-04
1879,Киселёва Юлия Максимовна,+375 (29) 641-75-54,2024-12-28
1880,Киселёва Виктория Николаевна,+375 (44) 912-12-96,2025-02-08
1881,Макаров Тимофей Олегович,+375 (29) 938-87-83,2026-05-26
1882,Тарасова София Александровна,+375 (44) 682-88-62,2025-05-19
1883,Комаров Константин Александрович,+375 (44) 667-71-59,2025-02-25
1884,Романов Артём Дмитриевич,+375 (29) 869-97-44,2025-04-11
1885,Беляев Павел Максимович,+375 (29) 125-31-32,2025-05-29
1886,Макаров Олег Сергеевич,+375 (29) 445-95-71,2026-04-19
1887,Соболева София Юрьевна,+375 (44) 429-47-01,2025-03-19
1888,Орлова Вера Петровна,+375 (29) 467-96-10,2025-07-05
1889,Лебедев Глеб Владимирович,+375 (29) 453-56-16,2026-04-29
1890,Петрова Евгения Максимовна,+375 (33) 175-21-92,2025-06-08
1891,Данилова Евгения Алексеевна,+375 (44) 817-76-09,2025-06-25
1892,Новицкий Александр Игоревич,+375 (33) 728-54-45,2025-05-01
1893,Ершова Анна Алексеевна,+375 (29) 457-17-45,2025-08-24
1894,Кузнецова Ирина Юрьевна,+375 (25) 424-45-21,2025-02-22
1895,Романова Юлия Ивановна,+375 (29) 379-89-57,2026-01-21
1896,Беляева Анастасия Олеговна,+375 (33) 805-59-22,2024-10-17
1897,Орлов Глеб Алексеевич,+375 (29) 172-39-01,2026-05-15
1898,Ковалевская София Юрьевна,+375 (25) 534-01-67,2026-03-23
1899,Николаева Алёна Игоревна,+375 (29) 166-98-85,2025-12-10
1900,Рябова Алина Алексеевна,+375 (29) 678-74-02,2025-01-07
1901,Степанов Тимофей Евгеньевич,+375 (25) 311-56-25,2025-02-14
1902,Захарова Вера Викторовна,+375 (44) 795-11-07,2024-12-10
1903,Лукашевич Дарья Алексеевна,+375 (44) 927-81-25,2024-11-24
1904,Лазарев Александр Александрович,+375 (33) 836-28-38,2025-08-20
1905,Захарова Екатерина Олеговна,+375 (33) 603-82-77,2025-05-24
1906,Соколов Ярослав Петрович,+375 (44) 873-67-48,2025-02-04
1907,Рогова Юлия Николаевна,+375 (33) 731-64-23,2025-03-16
1908,Журавлёва Мария Николаевна,+375 (33) 304-27-58,2025-04-08
1909,Андреева Милана Александровна,+375 (29) 707-82-71,2025-07-29
1910,Михайлов Никита Викторович,+375 (33) 568-32-94,2025-03-06
1911,Островская Милана Александровна,+375 (33) 567-36-98,2026-04-22
1912,Новицкая Лариса Юрьевна,+375 (33) 106-30-04,2025-09-16
1913,Титов Виктор Олегович,+375 (44) 775-23-70,2025-11-11
1914,Воробьёва София Юрьевна,+375 (29) 849-87-18,2026-09-22
1915,Фролов Тимофей Сергеевич,+375 (29) 415-67-75,2025-03-05
1916,Пономарёв Артём Викторович,+375 (29) 481-15-64,2024-10-18
1917,Мельник Антон Игоревич,+375 (44) 336-09-25,2025-05-25
1918,Сергеева Ольга Михайловна,+375 (44) 834-27-72,2025-09-29
1919,Сергеева Алёна Олеговна,+375 (44) 323-21-36,2025-01-25
1920,Морозов Руслан Николаевич,+375 (29) 578-30-23,2025-07-15
1921,Королёва Юлия Ивановна,+375 (33) 818-24-67,2026-05-28
1922,Андреева Александра Александровна,+375 (44) 317-72-55,2026-05-15
1923,Семёнов Руслан Сергеевич,+375 (29) 420-68-17,2026-07-16
1924,Жуков Артём Николаевич,+375 (29) 541-74-58,2024-12-19
1925,Киселёва Виктория Петровна,+375 (25) 727-38-01,2025-06-22
1926,Богданова Лариса Викторовна,+375 (33) 395-48-21,2026-04-13
1927,Островский Николай Алексеевич,+375 (29) 792-05-81,2025-05-30
1928,Островский Андрей Сергеевич,+375 (44) 397-37-92,2025-07-28
1929,Алексеева Алина Павловна,+375 (33) 851-98-37,2024-10-05
1930,Белова Виктория Петровна,+375 (33) 995-03-75,2024-12-07
1931,Волкова Милана Ивановна,+375 (29) 147-13-57,2025-05-21
1932,Пономарёва Екатерина Сергеевна,+375 (29) 345-92-24,2025-05-24
1933,Королёва Виктория Викторовна,+375 (44) 758-23-15,2024-12-07
1934,Герасимов Владимир Олегович,+375 (29) 983-86-08,2025-04-15
1935,Данилова Юлия Игоревна,+375 (44) 929-43-64,2025-05-16
1936,Баранова Надежда Андреевна,+375 (33) 528-11-14,2025-05-12
1937,Ершов Ярослав Олегович,+375 (44) 980-45-92,2025-04-20
1938,Лазарева Ксения Евгеньевна,+375 (29) 666-76-91,2025-11-10
1939,Фролова Полина Андреевна,+375 (33) 958-63-21,2025-09-16
1940,Поляков Никита Олегович,+375 (29) 307-75-25,2025-04-08
1941,Сидорова Лариса Павловна,+375 (44) 280-08-07,2026-02-05
1942,Герасимов Игорь Дмитриевич,+375 (25) 454-27-43,2025-06-22
1943,Котова Ксения Юрьевна,+375 (33) 500-74-45,2025-10-24
1944,Романова Елена Олеговна,+375 (29) 719-28-19,2025-04-29
1945,Сорокин Никита Александрович,+375 (29) 860-91-17,2025-05-20
1946,Королёва Ксения Дмитриевна,+375 (33) 492-62-64,2024-11-03
1947,Романов Ярослав Юрьевич,+375 (29) 627-59-84,2025-03-22
1948,Ильина Светлана Викторовна,+375 (25) 370-70-36,2026-01-11
1949,Рогов Игорь Юрьевич,+375 (33) 976-90-81,2026-06-09
1950,Попова Екатерина Игоревна,+375 (44) 315-50-41,2025-10-05
1951,Журавлёв Роман Николаевич,+375 (29) 863-84-07,2026-02-08
1952,Волков Никита Николаевич,+375 (29) 396-28-01,2025-03-14
1953,Семёнова Вера Игоревна,+375 (33) 720-37-88,2026-02-12
1954,Королёва Полина Игоревна,+375 (44) 182-07-74,2024-12-24
1955,Пономарёва Милана Максимовна,+375 (44) 614-79-68,2026-09-26
1956,Ковалевский Михаил Михайлович,+375 (29) 847-57-48,2025-06-15
1957,Белова Ольга Олеговна,+375 (29) 294-05-63,2025-09-09
1958,Петров Глеб Иванович,+375 (33) 595-28-30,2026-09-16
1959,Михайлова Ольга Ивановна,+375 (44) 783-60-43,2026-05-14
1960,Сергеева Анастасия Павловна,+375 (33) 407-04-00,2025-06-26
1961,Макаров Руслан Олегович,+375 (29) 641-84-48,2024-11-26
1962,Михайлова Людмила Николаевна,+375 (33) 522-37-51,2025-09-23
1963,Лукашевич Людмила Ивановна,+375 (29) 946-81-94,2026-05-23
1964,Романов Павел Максимович,+375 (44) 538-50-23,2025-08-03
1965,Медведев Денис Максимович,+375 (29) 137-97-47,2025-08-15
1966,Полякова Наталья Ивановна,+375 (44) 806-68-08,2025-09-23
1967,Гусева Александра Викторовна,+375 (33) 798-40-08,2025-07-24
1968,Рябова Милана Максимовна,+375 (44) 270-76-25,2024-10-20
1969,Островский Руслан Иванович,+375 (33) 838-70-72,2025-04-21
1970,Рябова Александра Александровна,+375 (29) 308-30-85,2026-02-04
1971,Белов Николай Юрьевич,+375 (33) 427-33-94,2026-05-17
1972,Жуков Роман Николаевич,+375 (44) 146-02-91,2026-02-12
1973,Фёдоров Кирилл Алексеевич,+375 (29) 455-12-80,2025-08-29
1974,Попова Марина Викторовна,+375 (29) 968-38-85,2025-08-22
1975,Кузьмина Алёна Максимовна,+375 (33) 100-25-87,2025-09-25
1976,Степанова Юлия Петровна,+375 (44) 683-98-40,2026-02-07
1977,Баранова Юлия Игоревна,+375 (25) 789-88-71,2025-01-28
1978,Михайлова Наталья Павловна,+375 (44) 231-91-57,2025-01-02
1979,Беляев Александр Андреевич,+375 (44) 310-52-16,2024-10-27
1980,Ковалевская Елена Игоревна,+375 (44) 350-59-58,2025-06-01
1981,Тарасова Полина Петровна,+375 (33) 676-89-73,2025-01-10
1982,Жуков Николай Петрович,+375 (33) 158-46-37,2025-03-31
1983,Михайлов Тимофей Владимирович,+375 (29) 123-22-23,2025-03-16
1984,Лебедева Марина Николаевна,+375 (29) 992-12-41,2025-02-01
1985,Кузнецов Олег Александрович,+375 (44) 472-07-38,2025-04-12
1986,Фёдоров Дмитрий Андреевич,+375 (29) 442-71-03,2026-03-25
1987,Крылова Ольга Сергеевна,+375 (44) 163-88-61,2025-09-03
1988,Кудрявцев Кирилл Олегович,+375 (44) 106-59-44,2025-03-31
1989,Никитина Ольга Викторовна,+375 (29) 578-25-53,2025-12-18
1990,Островская Валерия Юрьевна,+375 (33) 926-24-41,2025-01-06
1991,Смирнова Виктория Юрьевна,+375 (44) 693-09-25,2026-04-25
1992,Лебедева Алина Александровна,+375 (29) 801-85-08,2025-07-24
1993,Ковалевский Николай Александрович,+375 (44) 912-03-25,2026-03-21
1994,Романов Павел Владимирович,+375 (44) 915-10-79,2025-04-22
1995,Герасимова Виктория Павловна,+375 (25) 178-22-10,2024-10-06
1996,Киселёв Евгений Михайлович,+375 (33) 462-64-00,2025-03-20
1997,Николаева Людмила Игоревна,+375 (29) 425-89-64,2025-02-11
1998,Григорьева Наталья Ивановна,+375 (29) 994-21-01,2025-01-05
1999,Михайлов Даниил Игоревич,+375 (29) 246-67-51,2025-05-21
2000,Григорьева Ксения Михайловна,+375 (29) 732-13-42,2024-10-13
2001,Иванов Виктор Алексеевич,+375 (44) 546-95-05,2025-12-22
2002,Фёдорова Ольга Максимовна,+375 (44) 969-29-52,2024-11-25
2003,Семёнов Станислав Викторович,+375 (29) 636-04-36,2024-12-31
2004,Жукова Надежда Павловна,+375 (33) 647-69-93,2025-12-06
2005,Рябова Полина Викторовна,+375 (44) 700-66-50,2025-09-19
2006,Соколов Роман Алексеевич,+375 (29) 935-86-28,2026-01-25
2007,Лукашевич Сергей Иванович,+375 (44) 935-59-72,2026-03-15
2008,Журавлёва Елена Ивановна,+375 (44) 449-75-05,2026-06-22
2009,Кузьмин Виктор Игоревич,+375 (33) 699-89-04,2025-10-29
2010,Богданова Татьяна Петровна,+375 (25) 123-41-59,2025-03-16
2011,Титова Александра Николаевна,+375 (44) 911-30-06,2025-06-10
2012,Борисова Екатерина Евгеньевна,+375 (44) 503-23-29,2025-09-09
2013,Пономарёв Олег Олегович,+375 (44) 924-94-97,2025-11-03
2014,Макаров Руслан Игоревич,+375 (29) 324-41-68,2025-01-19
2015,Лебедев Николай Викторович,+375 (33) 584-69-25,2026-02-05
2016,Королёв Илья Александрович,+375 (44) 152-74-11,2025-01-12
2017,Никитина Светлана Александровна,+375 (33) 545-63-25,2024-12-20
2018,Беляева Вера Викторовна,+375 (25) 449-53-16,2025-03-27
2019,Григорьева Анастасия Павловна,+375 (29) 506-98-47,2025-09-13
2020,Романов Михаил Иванович,+375 (44) 370-55-80,2024-11-17
2021,Степанова Дарья Ивановна,+375 (29) 426-28-74,2025-04-13
2022,Иванов Игорь Евгеньевич,+375 (33) 338-62-48,2026-07-17
2023,Комаров Игорь Владимирович,+375 (29) 958-93-09,2024-11-02
2024,Андреев Григорий Олегович,+375 (29) 860-91-89,2025-05-21
2025,Крылова Юлия Александровна,+375 (44) 518-94-10,2025-02-15
2026,Николаева Екатерина Михайловна,+375 (29) 929-67-55,2025-09-23
2027,Сидоренко Николай Сергеевич,+375 (44) 482-58-07,2024-11-11
2028,Баранов Владимир Петрович,+375 (25) 715-02-21,2025-09-09
2029,Орлова Юлия Евгеньевна,+375 (33) 384-85-36,2026-09-08
2030,Алексеев Ярослав Петрович,+375 (44) 355-21-95,2025-05-25
2031,Фролов Андрей Владимирович,+375 (44) 290-91-51,2025-09-17
2032,Герасимова Мария Владимировна,+375 (29) 142-86-99,2025-04-15
2033,Королёв Максим Дмитриевич,+375 (29) 199-92-06,2024-10-24
2034,Кузьмина Анна Александровна,+375 (29) 481-27-98,2026-09-29
2035,Никитин Роман Владимирович,+375 (44) 817-87-81,2025-06-16
2036,Сидоренко Наталья Петровна,+375 (44) 484-02-88,2025-12-18
2037,Медведева Полина Олеговна,+375 (29) 777-65-30,2025-08-16
2038,Гусева Марина Дмитриевна,+375 (25) 712-79-89,2025-07-08
2039,Крылов Олег Дмитриевич,+375 (29) 890-15-10,2025-03-06
2040,Климович Олег Дмитриевич,+375 (44) 859-75-11,2024-12-20
2041,Фролова Наталья Андреевна,+375 (33) 837-69-23,2025-12-04
2042,Шевченко Людмила Андреевна,+375 (29) 100-14-74,2024-12-23
2043,Беляева Наталья Юрьевна,+375 (25) 400-65-11,2026-08-02
2044,Титова Алёна Николаевна,+375 (44) 966-48-13,2026-08-17
2045,Фёдоров Михаил Николаевич,+375 (25) 797-23-97,2024-11-06
2046,Андреева Валерия Владимировна,+375 (29) 354-37-54,2025-07-30
2047,Рябов Егор Петрович,+375 (33) 971-56-36,2025-01-18
2048,Медведев Роман Викторович,+375 (44) 962-43-75,2025-08-21
2049,Иванова Анастасия Юрьевна,+375 (29) 386-38-92,2026-01-22
2050,Цветков Павел Игоревич,+375 (29) 678-15-38,2025-08-30
2051,Павлов Григорий Дмитриевич,+375 (29) 413-25-29,2026-08-18
2052,Павлов Павел Олегович,+375 (29) 638-12-27,2025-05-11
2053,Сергеев Роман Иванович,+375 (25) 682-64-26,2025-01-20
2054,Фёдорова Александра Владимировна,+375 (29) 709-87-58,2025-09-14
2055,Островская Вера Николаевна,+375 (33) 114-96-55,2025-06-29
2056,Морозов Руслан Олегович,+375 (44) 816-42-77,2026-09-30
2057,Морозова Евгения Михайловна,+375 (25) 647-41-46,2025-01-07
2058,Цветков Иван Иванович,+375 (29) 690-81-79,2026-09-09
2059,Тарасов Александр Дмитриевич,+375 (25) 533-12-03,2026-02-05
2060,Соболева Милана Евгеньевна,+375 (33) 705-69-10,2026-08-24
2061,Ершова Алина Петровна,+375 (25) 619-40-97,2025-05-31
2062,Павлова Виктория Евгеньевна,+375 (29) 716-28-81,2026-05-16
2063,Захаров Игорь Юрьевич,+375 (29) 241-45-82,2025-08-22
2064,Сорокина Наталья Андреевна,+375 (44) 493-37-81,2026-04-09
2065,Соколова Ксения Андреевна,+375 (29) 871-25-35,2025-07-19
2066,Данилов Ярослав Дмитриевич,+375 (33) 185-28-50,2025-06-25
2067,Максимов Кирилл Александрович,+375 (29) 626-36-65,2025-04-15
2068,Новицкий Григорий Петрович,+375 (44) 917-83-97,2024-10-20
2069,Соколов Виктор Дмитриевич,+375 (44) 476-99-04,2025-02-05
2070,Зайцева Ольга Алексеевна,+375 (44) 140-69-73,2026-04-01
2071,Николаев Игорь Михайлович,+375 (44) 365-45-88,2025-07-15
2072,Белов Максим Юрьевич,+375 (44) 457-43-53,2025-02-06
2073,Пономарёва Евгения Юрьевна,+375 (29) 380-13-67,2025-06-30
2074,Макарова Виктория Алексеевна,+375 (44) 709-84-69,2026-05-29
2075,Богданова Марина Павловна,+375 (44) 710-13-97,2025-11-08
2076,Герасимов Даниил Евгеньевич,+375 (29) 214-55-84,2025-03-13
2077,Семёнов Ярослав Петрович,+375 (44) 749-97-46,2024-11-05
2078,Новиков Павел Михайлович,+375 (29) 494-43-24,2026-03-22
2079,Сорокин Сергей Олегович,+375 (33) 343-41-40,2026-06-18
2080,Павлова Виктория Петровна,+375 (44) 915-85-93,2025-03-20
2081,Павлов Александр Сергеевич,+375 (44) 274-22-87,2025-06-24
2082,Жуков Алексей Андреевич,+375 (29) 869-83-72,2026-03-06
2083,Сорокин Станислав Олегович,+375 (29) 855-67-03,2025-06-19
2084,Сергеева София Андреевна,+375 (44) 498-99-55,2026-09-17
2085,Морозов Николай Юрьевич,+375 (44) 605-25-54,2025-01-27
2086,Волков Максим Михайлович,+375 (25) 131-67-04,2026-06-15
2087,Ильина Валерия Викторовна,+375 (29) 147-30-20,2025-06-07
2088,Ковалёв Роман Владимирович,+375 (29) 272-08-27,2024-11-12
2089,Кудрявцева Ксения Сергеевна,+375 (44) 567-67-32,2026-05-20
2090,Новикова Марина Михайловна,+375 (29) 765-08-72,2025-10-09
2091,Мельник Александр Викторович,+375 (33) 801-46-60,2026-01-25
2092,Андреева Ксения Павловна,+375 (25) 358-63-26,2026-06-09
2093,Журавлёв Николай Олегович,+375 (25) 444-42-65,2025-02-12
2094,Ильин Роман Алексеевич,+375 (33) 553-81-61,2025-07-12
2095,Баранова Анастасия Владимировна,+375 (33) 990-99-38,2025-02-11
2096,Козлова Александра Петровна,+375 (29) 699-44-38,2025-01-24
2097,Медведева София Дмитриевна,+375 (33) 823-06-78,2024-11-15
2098,Кузнецова Дарья Александровна,+375 (29) 672-34-91,2025-12-03
2099,Поляков Игорь Михайлович,+375 (44) 530-50-18,2025-09-22
2100,Шевченко Марина Сергеевна,+375 (44) 791-07-79,2025-06-13
2101,Андреев Илья Максимович,+375 (44) 256-39-19,2025-03-15
2102,Шевченко Татьяна Юрьевна,+375 (33) 698-52-34,2025-06-05
2103,Никитина Полина Алексеевна,+375 (29) 174-58-16,2025-02-17
2104,Иванов Евгений Николаевич,+375 (29) 140-18-63,2024-11-23
2105,Семёнова Валерия Николаевна,+375 (29) 708-92-90,2025-06-28
2106,Григорьев Ярослав Юрьевич,+375 (29) 468-50-18,2024-11-08
2107,Никитин Олег Игоревич,+375 (44) 429-10-26,2026-07-18
2108,Соколов Павел Павлович,+375 (33) 346-33-80,2024-11-01
2109,Ершова Ирина Андреевна,+375 (44) 537-60-46,2025-09-04
2110,Журавлёва Ксения Александровна,+375 (29) 395-91-89,2025-06-15
2111,Соколов Владимир Олегович,+375 (29) 894-49-45,2025-08-16
2112,Шевченко Елена Александровна,+375 (29) 580-86-36,2025-08-18
2113,Сорокин Кирилл Петрович,+375 (29) 426-12-43,2026-03-15
2114,Герасимов Артём Александрович,+375 (29) 763-69-42,2025-04-23
2115,Смирнов Михаил Николаевич,+375 (33) 765-09-87,2025-08-30
2116,Герасимов Михаил Иванович,+375 (29) 190-55-79,2025-06-15
2117,Кудрявцев Сергей Михайлович,+375 (44) 679-38-15,2026-05-23
2118,Андреева Алёна Михайловна,+375 (25) 212-94-98,2024-11-12
2119,Жуков Глеб Иванович,+375 (44) 239-14-23,2024-10-23
2120,Фёдоров Иван Игоревич,+375 (44) 975-30-37,2026-02-22
2121,Кузнецова София Игоревна,+375 (29) 607-26-05,2025-02-01
2122,Алексеев Глеб Николаевич,+375 (33) 368-66-21,2025-02-11
2123,Полякова Юлия Олеговна,+375 (44) 278-44-34,2025-08-13
2124,Новикова Татьяна Ивановна,+375 (44) 330-10-17,2024-11-04
2125,Котов Антон Дмитриевич,+375 (29) 272-37-69,2026-01-17
2126,Медведев Дмитрий Александрович,+375 (25) 774-03-93,2024-10-09
2127,Климович Вера Павловна,+375 (33) 524-51-63,2025-08-20
2128,Баранов Илья Викторович,+375 (25) 401-58-38,2025-02-05
2129,Козлова Светлана Ивановна,+375 (33) 286-32-14,2025-08-14
2130,Зайцева Екатерина Юрьевна,+375 (44) 232-01-38,2026-08-28
2131,Степанова Мария Павловна,+375 (29) 387-49-57,2025-02-21
2132,Борисов Артём Дмитриевич,+375 (44) 546-48-44,2026-01-22
2133,Рябова Людмила Игоревна,+375 (29) 189-46-53,2025-07-14
2134,Фролова Евгения Дмитриевна,+375 (33) 947-04-83,2025-05-22
2135,Цветков Фёдор Михайлович,+375 (33) 818-55-18,2025-09-26
2136,Борисова Ольга Андреевна,+375 (29) 703-08-88,2025-12-01
2137,Петрова Валерия Юрьевна,+375 (33) 478-26-55,2024-10-28
2138,Сорокина Марина Юрьевна,+375 (44) 556-92-07,2024-10-07
2139,Журавлёв Дмитрий Дмитриевич,+375 (29) 881-87-50,2025-12-31
2140,Максимов Иван Викторович,+375 (44) 124-42-66,2024-11-05
2141,Крылов Игорь Максимович,+375 (44) 731-24-95,2025-02-03
2142,Иванова Полина Михайловна,+375 (33) 582-47-29,2025-09-20
2143,Кузьмина Виктория Михайловна,+375 (44) 113-22-86,2025-10-04
2144,Герасимов Александр Александрович,+375 (33) 393-67-91,2025-09-24
2145,Фёдорова Валерия Олеговна,+375 (29) 650-36-75,2024-12-06
2146,Гусева Полина Алексеевна,+375 (29) 221-04-97,2025-05-20
2147,Лебедева Дарья Дмитриевна,+375 (29) 270-41-73,2025-08-10
2148,Павлова Алёна Олеговна,+375 (29) 481-53-72,2025-06-28
2149,Иванова Екатерина Сергеевна,+375 (29) 320-08-32,2025-01-24
2150,Котов Станислав Михайлович,+375 (29) 686-09-58,2024-11-25
2151,Максимова София Андреевна,+375 (33) 998-09-67,2025-03-06
2152,Гусев Юрий Николаевич,+375 (29) 226-96-25,2025-11-18
2153,Иванова Милана Александровна,+375 (33) 748-43-85,2024-11-06
2154,Киселёв Сергей Викторович,+375 (29) 601-36-97,2024-12-16
2155,Кузьмин Роман Андреевич,+375 (29) 592-65-07,2025-11-17
2156,Зайцев Александр Юрьевич,+375 (33) 658-00-55,2026-05-28
2157,Лазарева Елена Евгеньевна,+375 (33) 255-89-62,2024-10-14
2158,Рогов Кирилл Максимович,+375 (29) 672-74-86,2025-05-16
2159,Крылова Ирина Павловна,+375 (44) 368-93-38,2025-09-21
2160,Максимов Сергей Юрьевич,+375 (29) 367-68-35,2025-08-08
2161,Николаев Ярослав Юрьевич,+375 (29) 475-42-36,2025-02-23
2162,Попов Кирилл Андреевич,+375 (44) 866-27-29,2024-10-01
2163,Сергеев Антон Евгеньевич,+375 (44) 585-04-88,2025-01-03
2164,Романов Дмитрий Евгеньевич,+375 (33) 609-62-98,2025-02-17
2165,Лебедев Виктор Павлович,+375 (29) 994-79-23,2025-06-05
2166,Морозова Ирина Дмитриевна,+375 (44) 569-90-32,2025-04-23
2167,Романова Вера Викторовна,+375 (29) 489-09-39,2025-09-16
2168,Соболев Андрей Олегович,+375 (44) 908-21-55,2026-06-01
2169,Богданов Владимир Игоревич,+375 (44) 960-00-13,2026-07-15
2170,Куликова Ксения Олеговна,+375 (29) 923-97-80,2024-11-04
2171,Попова Анастасия Евгеньевна,+375 (29) 558-90-24,2024-10-29
2172,Лебедев Александр Игоревич,+375 (33) 620-72-43,2024-12-05
2173,Захарова Виктория Александровна,+375 (29) 462-32-83,2025-09-23
2174,Романова Мария Александровна,+375 (29) 207-46-42,2024-12-08
2175,Цветкова Мария Александровна,+375 (29) 932-79-18,2025-07-13
2176,Лукашевич Екатерина Андреевна,+375 (29) 627-35-50,2025-02-18
2177,Павлов Никита Дмитриевич,+375 (33) 271-40-83,2024-10-20
2178,Киселёва Валерия Александровна,+375 (29) 376-94-99,2024-11-10
2179,Максимова Надежда Андреевна,+375 (29) 762-58-99,2025-01-31
2180,Смирнов Александр Петрович,+375 (29) 466-76-66,2025-06-13
2181,Николаева Анастасия Петровна,+375 (29) 295-19-66,2026-08-12
2182,Новицкая Светлана Владимировна,+375 (33) 136-93-19,2025-01-17
2183,Лебедева Ирина Юрьевна,+375 (44) 288-66-55,2025-03-27
2184,Морозова Людмила Андреевна,+375 (33) 871-67-73,2025-05-06
2185,Ершов Егор Александрович,+375 (29) 277-30-77,2025-05-06
2186,Куликова Мария Евгеньевна,+375 (33) 550-58-61,2025-02-24
2187,Рогова Наталья Владимировна,+375 (33) 440-76-59,2025-09-17
2188,Сергеева Ольга Алексеевна,+375 (44) 806-07-79,2026-09-21
2189,Лазарева Вера Петровна,+375 (29) 141-24-82,2025-08-24
2190,Фёдорова Марина Юрьевна,+375 (33) 322-14-45,2024-10-06
2191,Орлова Ольга Владимировна,+375 (33) 325-82-54,2025-09-18
2192,Зайцева Елена Дмитриевна,+375 (33) 307-77-81,2025-03-27
2193,Морозова Екатерина Олеговна,+375 (44) 626-46-23,2025-05-01
2194,Козлов Михаил Сергеевич,+375 (29) 147-65-00,2026-07-22
2195,Мельник Людмила Владимировна,+375 (44) 514-00-67,2025-04-25
2196,Попова Вера Николаевна,+375 (33) 650-19-88,2024-11-07
2197,Яковлев Юрий Александрович,+375 (33) 690-83-74,2025-09-24
2198,Степанова Людмила Максимовна,+375 (33) 587-36-69,2024-10-06
2199,Кузнецов Константин Юрьевич,+375 (33) 171-03-56,2025-01-22
2200,Крылова Валерия Игоревна,+375 (33) 937-62-37,2024-12-20
2201,Степанова Милана Михайловна,+375 (29) 105-11-61,2025-08-10
2202,Новиков Фёдор Николаевич,+375 (29) 381-55-20,2025-09-07
2203,Новикова Надежда Михайловна,+375 (29) 613-21-08,2025-05-09
2204,Никитина Ксения Николаевна,+375 (44) 264-77-83,2026-08-11
2205,Герасимов Никита Сергеевич,+375 (25) 952-70-85,2026-01-12
2206,Гусев Глеб Александрович,+375 (29) 947-03-91,2026-02-09
2207,Гусева Алёна Сергеевна,+375 (44) 545-62-67,2026-02-03
2208,Сидоров Никита Сергеевич,+375 (44) 649-05-68,2026-02-14
2209,Сидорова Анна Сергеевна,+375 (44) 368-87-14,2026-03-09
2210,Сорокин Андрей Евгеньевич,+375 (33) 162-62-80,2025-01-03
2211,Андреева Наталья Максимовна,+375 (25) 756-98-60,2026-07-25
2212,Михайлов Иван Евгеньевич,+375 (25) 818-49-88,2026-01-28
2213,Ковалёва София Петровна,+375 (29) 554-33-95,2025-05-14
2214,Королёв Станислав Евгеньевич,+375 (33) 543-87-63,2025-05-02
2215,Белова Анастасия Дмитриевна,+375 (33) 679-46-81,2025-06-22
2216,Макаров Роман Николаевич,+375 (33) 611-46-83,2025-10-04
2217,Тарасов Дмитрий Александрович,+375 (33) 623-40-42,2024-11-15
2218,Лазарев Олег Евгеньевич,+375 (25) 581-12-47,2026-03-09
2219,Смирнов Алексей Викторович,+375 (29) 853-84-03,2026-05-25
2220,Ковалевская Ирина Евгеньевна,+375 (33) 654-63-77,2026-09-10
2221,Сергеев Михаил Иванович,+375 (33) 609-44-76,2025-03-29
2222,Фёдорова Ирина Алексеевна,+375 (29) 424-01-37,2025-01-24
2223,Цветков Константин Петрович,+375 (44) 741-33-50,2026-01-14
2224,Климович Александр Иванович,+375 (33) 602-05-64,2026-03-14
2225,Кузнецова Александра Евгеньевна,+375 (25) 911-41-56,2026-03-11
2226,Семёнова Марина Андреевна,+375 (44) 902-12-78,2024-11-26
2227,Морозов Егор Юрьевич,+375 (33) 935-07-67,2025-03-14
2228,Попов Максим Петрович,+375 (25) 880-08-35,2025-06-06
2229,Поляков Дмитрий Игоревич,+375 (33) 941-52-41,2026-04-09
2230,Павлов Александр Дмитриевич,+375 (29) 907-89-66,2025-01-03
2231,Ковалёва Милана Ивановна,+375 (33) 237-07-69,2025-04-17
2232,Журавлёв Артём Юрьевич,+375 (44) 328-73-07,2025-11-03
2233,Герасимов Роман Викторович,+375 (44) 551-25-47,2025-01-26
2234,Медведев Александр Николаевич,+375 (44) 182-03-32,2025-08-11
2235,Лебедев Фёдор Сергеевич,+375 (29) 283-24-73,2024-10-05
2236,Островский Григорий Олегович,+375 (44) 922-35-73,2025-11-29
2237,Попов Тимофей Петрович,+375 (25) 388-34-24,2025-05-29
2238,Соболев Александр Юрьевич,+375 (44) 199-68-57,2025-09-10
2239,Григорьев Иван Алексеевич,+375 (33) 506-11-42,2025-07-31
2240,Гусев Егор Владимирович,+375 (44) 528-71-70,2024-10-20
2241,Крылова Анна Андреевна,+375 (33) 884-23-22,2025-11-12
2242,Мельник Ирина Максимовна,+375 (25) 436-83-72,2024-11-05
2243,Попов Глеб Евгеньевич,+375 (29) 568-87-17,2024-10-17
2244,Новицкий Иван Александрович,+375 (33) 435-17-47,2025-09-13
2245,Фёдоров Евгений Максимович,+375 (25) 799-30-62,2025-05-15
2246,Жуков Виктор Алексеевич,+375 (29) 536-78-92,2024-11-29
2247,Николаева Ольга Евгеньевна,+375 (33) 496-48-34,2026-08-27
2248,Романова Лариса Евгеньевна,+375 (44) 142-93-47,2025-03-29
2249,Сидоренко Сергей Сергеевич,+375 (29) 744-30-09,2025-03-06
2250,Николаев Руслан Николаевич,+375 (44) 427-67-99,2025-01-17
2251,Яковлева Виктория Михайловна,+375 (44) 697-81-89,2024-10-23
2252,Зайцева Виктория Петровна,+375 (44) 913-23-92,2026-03-26
2253,Кузьмина Татьяна Викторовна,+375 (25) 216-33-62,2025-02-14
2254,Мельник Дарья Владимировна,+375 (33) 329-37-39,2026-08-05
2255,Семёнов Антон Олегович,+375 (29) 984-29-72,2025-05-22
2256,Рогова Лариса Олеговна,+375 (44) 152-91-71,2025-08-19
2257,Павлова Юлия Александровна,+375 (29) 374-40-24,2025-01-15
2258,Лазарев Глеб Викторович,+375 (25) 512-07-40,2025-09-30
2259,Григорьев Никита Викторович,+375 (29) 373-18-17,2026-01-23
2260,Семёнов Дмитрий Александрович,+375 (44) 777-62-01,2025-04-02
2261,Куликова Екатерина Николаевна,+375 (33) 488-81-82,2024-12-17
2262,Морозова Ирина Александровна,+375 (25) 553-88-97,2024-10-19
2263,Андреева Анастасия Петровна,+375 (29) 532-63-81,2025-03-13
2264,Островский Евгений Максимович,+375 (44) 441-09-82,2026-02-10
2265,Смирнова Виктория Олеговна,+375 (29) 739-53-95,2026-09-14
2266,Сидоренко Сергей Игоревич,+375 (33) 274-17-71,2025-05-17
2267,Медведев Глеб Юрьевич,+375 (29) 432-29-88,2026-08-24
2268,Поляков Станислав Владимирович,+375 (29) 382-54-90,2025-10-03
2269,Тарасова Александра Максимовна,+375 (29) 918-57-93,2025-01-10
2270,Новицкая Екатерина Александровна,+375 (29) 412-19-02,2024-11-01
2271,Михайлов Григорий Петрович,+375 (29) 946-82-15,2025-09-11
2272,Степанова Ирина Максимовна,+375 (25) 953-66-87,2026-01-26
2273,Сидоров Роман Андреевич,+375 (33) 892-21-09,2026-08-20
2274,Шевченко Татьяна Павловна,+375 (29) 208-55-70,2025-01-16
2275,Никитин Павел Юрьевич,+375 (29) 223-94-61,2026-06-02
2276,Волков Илья Алексеевич,+375 (29) 697-63-76,2026-04-08
2277,Лазарева Ксения Петровна,+375 (29) 523-31-85,2025-08-31
2278,Павлов Ярослав Олегович,+375 (44) 360-60-06,2025-06-30
2279,Кузьмин Ярослав Евгеньевич,+375 (33) 367-00-83,2026-07-07
2280,Степанов Роман Михайлович,+375 (29) 436-31-95,2025-10-04
2281,Климович Анна Павловна,+375 (44) 344-09-79,2025-05-28
2282,Орлова Виктория Игоревна,+375 (44) 101-78-90,2025-05-13
2283,Иванов Григорий Николаевич,+375 (33) 461-99-83,2024-10-08
2284,Кузьмина Вера Александровна,+375 (33) 540-39-35,2025-06-07
2285,Ковалевский Юрий Сергеевич,+375 (29) 905-69-84,2024-10-11
2286,Фролова Анна Сергеевна,+375 (44) 117-53-37,2025-01-18
2287,Кузнецов Станислав Викторович,+375 (33) 296-67-62,2025-01-21
2288,Смирнова Ольга Игоревна,+375 (33) 974-77-35,2024-12-05
2289,Цветков Кирилл Владимирович,+375 (33) 194-18-21,2024-11-27
2290,Соболева Дарья Евгеньевна,+375 (33) 406-72-60,2025-07-11
2291,Романова Виктория Владимировна,+375 (25) 242-87-76,2026-01-15
2292,Соколова Милана Петровна,+375 (29) 247-15-23,2025-03-22
2293,Тарасов Николай Николаевич,+375 (33) 905-77-31,2024-10-09
2294,Максимова Лариса Петровна,+375 (29) 460-30-54,2025-09-16
2295,Морозов Константин Павлович,+375 (44) 201-51-88,2025-04-09
2296,Семёнова Полина Олеговна,+375 (44) 698-40-25,2025-07-14
2297,Кудрявцев Павел Андреевич,+375 (33) 706-09-66,2025-07-17
2298,Рябов Павел Петрович,+375 (29) 118-00-65,2024-12-26
2299,Николаева Виктория Павловна,+375 (44) 810-58-41,2025-07-19
2300,Борисова Алёна Андреевна,+375 (29) 331-62-98,2024-12-15
2301,Алексеева Ирина Алексеевна,+375 (33) 857-09-58,2024-10-03
2302,Ковалёв Дмитрий Олегович,+375 (33) 497-20-77,2026-07-16
2303,Смирнов Дмитрий Евгеньевич,+375 (29) 649-54-47,2026-03-02
2304,Беляева Лариса Дмитриевна,+375 (29) 295-93-34,2025-08-10
2305,Богданов Фёдор Евгеньевич,+375 (25) 754-03-34,2025-04-24
2306,Кузнецов Руслан Петрович,+375 (33) 744-22-74,2025-03-13
2307,Поляков Николай Евгеньевич,+375 (29) 148-60-06,2024-12-20
2308,Макаров Олег Евгеньевич,+375 (33) 878-21-99,2025-04-29
2309,Степанов Егор Евгеньевич,+375 (29) 691-89-80,2025-08-01
2310,Семёнов Константин Александрович,+375 (29) 370-28-06,2024-10-04
2311,Борисов Иван Александрович,+375 (29) 756-52-23,2024-11-04
2312,Новикова Ольга Ивановна,+375 (33) 288-89-27,2025-02-04
2313,Медведев Ярослав Александрович,+375 (29) 760-72-25,2026-04-04
2314,Поляков Иван Олегович,+375 (33) 133-89-52,2026-04-15
2315,Комаров Олег Иванович,+375 (29) 200-30-96,2025-04-10
2316,Богданова Алёна Игоревна,+375 (25) 202-18-04,2025-08-08
2317,Жуков Егор Дмитриевич,+375 (29) 717-51-98,2025-02-21
2318,Воробьёва София Олеговна,+375 (29) 128-67-35,2025-04-19
2319,Зайцев Николай Иванович,+375 (44) 364-43-85,2024-12-13
2320,Киселёва Лариса Александровна,+375 (44) 146-33-01,2024-12-23
2321,Островский Глеб Игоревич,+375 (29) 655-74-36,2025-04-11
2322,Баранова Ольга Викторовна,+375 (25) 652-68-41,2026-07-29
2323,Михайлова Юлия Михайловна,+375 (29) 827-31-62,2025-04-29
2324,Степанова Екатерина Максимовна,+375 (33) 984-61-80,2025-02-12
2325,Макарова Ольга Игоревна,+375 (33) 485-54-54,2025-02-10
2326,Лазарева Людмила Евгеньевна,+375 (29) 860-17-74,2025-03-28
2327,Кузьмин Егор Михайлович,+375 (44) 289-02-38,2025-03-20
2328,Борисов Денис Николаевич,+375 (44) 849-45-80,2024-10-03
2329,Кузьмин Илья Петрович,+375 (33) 498-14-69,2025-06-30
2330,Куликов Егор Юрьевич,+375 (29) 655-64-67,2025-07-29
2331,Кудрявцева Марина Алексеевна,+375 (44) 510-48-89,2024-12-13
2332,Ильин Артём Николаевич,+375 (33) 865-21-61,2026-08-20
2333,Островский Игорь Алексеевич,+375 (44) 928-62-91,2025-02-20
2334,Беляева Наталья Ивановна,+375 (44) 978-31-43,2025-05-07
2335,Фролов Сергей Олегович,+375 (29) 512-57-41,2025-05-26
2336,Соболев Даниил Максимович,+375 (25) 735-63-94,2025-04-13
2337,Сорокин Максим Павлович,+375 (25) 693-27-68,2025-09-11
2338,Комаров Даниил Сергеевич,+375 (33) 328-17-83,2026-06-08
2339,Куликова Ольга Юрьевна,+375 (29) 509-03-28,2025-06-24
2340,Максимов Дмитрий Николаевич,+375 (29) 893-42-08,2025-06-26
2341,Павлова Милана Николаевна,+375 (25) 637-79-81,2025-03-10
2342,Борисов Иван Павлович,+375 (44) 931-66-44,2024-10-14
2343,Данилова Виктория Викторовна,+375 (33) 561-82-75,2025-07-17
2344,Пономарёва Людмила Дмитриевна,+375 (29) 951-44-95,2024-11-02
2345,Морозова Марина Дмитриевна,+375 (25) 416-06-95,2025-03-25
2346,Степанова Милана Олеговна,+375 (44) 368-89-57,2024-10-10
2347,Павлова Ольга Дмитриевна,+375 (44) 572-27-41,2025-05-14
2348,Ковалевская Милана Андреевна,+375 (29) 206-37-86,2024-10-02
2349,Макаров Станислав Павлович,+375 (44) 961-86-17,2025-02-02
2350,Титов Егор Олегович,+375 (29) 685-21-09,2026-05-11
2351,Максимова Ксения Михайловна,+375 (29) 734-97-86,2025-03-09
2352,Титов Игорь Петрович,+375 (33) 292-13-12,2025-04-19
2353,Павлов Максим Павлович,+375 (29) 370-79-70,2025-03-23
2354,Мельник Анастасия Сергеевна,+375 (33) 120-83-77,2024-11-24
2355,Григорьев Станислав Владимирович,+375 (29) 490-63-66,2024-12-15
2356,Королёва Лариса Алексеевна,+375 (44) 976-16-75,2025-09-22
2357,Попова Лариса Дмитриевна,+375 (33) 339-51-04,2025-01-20
2358,Кудрявцева София Петровна,+375 (33) 383-19-32,2025-11-02
2359,Баранова Ирина Сергеевна,+375 (25) 150-54-50,2025-01-02
2360,Михайлов Игорь Алексеевич,+375 (33) 663-48-55,2025-04-02
2361,Романов Константин Петрович,+375 (33) 284-82-09,2025-05-31
2362,Фёдорова Татьяна Игоревна,+375 (33) 274-41-40,2025-01-28
2363,Баранов Григорий Павлович,+375 (29) 102-73-58,2025-01-31
2364,Фролова Анна Николаевна,+375 (33) 126-16-52,2025-05-17
2365,Рябова Алина Алексеевна,+375 (29) 725-02-92,2025-05-05
2366,Тарасов Павел Игоревич,+375 (33) 446-42-97,2025-05-19
2367,Семёнов Александр Алексеевич,+375 (29) 299-10-55,2025-09-14
2368,Иванов Олег Дмитриевич,+375 (44) 917-98-73,2026-09-12
2369,Киселёва София Олеговна,+375 (29) 403-53-56,2025-08-31
2370,Петрова Милана Николаевна,+375 (29) 630-61-22,2025-04-29
2371,Новикова Анна Николаевна,+375 (33) 651-37-87,2026-05-14
2372,Котов Никита Николаевич,+375 (33) 729-65-62,2025-05-04
2373,Максимова Елена Александровна,+375 (33) 669-08-46,2024-10-17
2374,Романов Александр Максимович,+375 (29) 823-58-03,2025-07-10
2375,Данилова Валерия Игоревна,+375 (29) 405-15-35,2026-07-15
2376,Алексеева Наталья Игоревна,+375 (44) 236-59-25,2025-07-02
2377,Королёва Людмила Викторовна,+375 (29) 347-89-24,2025-06-13
2378,Ковалевский Илья Николаевич,+375 (33) 842-70-04,2026-09-02
2379,Попов Роман Михайлович,+375 (44) 592-65-93,2025-06-09
2380,Макаров Кирилл Евгеньевич,+375 (29) 762-70-07,2025-11-06
2381,Козлов Юрий Александрович,+375 (33) 353-04-78,2026-03-06
2382,Фролов Алексей Алексеевич,+375 (44) 174-01-70,2026-06-07
2383,Николаева Виктория Евгеньевна,+375 (33) 993-33-77,2025-07-15
2384,Соболев Виктор Максимович,+375 (33) 127-30-06,2025-08-21
2385,Королёв Егор Юрьевич,+375 (25) 219-76-12,2025-07-05
2386,Куликов Фёдор Олегович,+375 (44) 694-59-88,2025-03-04
2387,Петрова Елена Игоревна,+375 (33) 248-51-56,2024-10-15
2388,Данилова Дарья Дмитриевна,+375 (33) 914-58-77,2026-05-26
2389,Мельник Андрей Андреевич,+375 (44) 295-18-95,2025-09-15
2390,Островская Екатерина Андреевна,+375 (44) 753-15-74,2025-03-22
2391,Киселёва Вера Алексеевна,+375 (25) 310-37-26,2024-10-04
2392,Семёнова Валерия Сергеевна,+375 (25) 341-57-61,2025-03-13
2393,Лазарев Артём Александрович,+375 (33) 338-96-89,2024-10-28
2394,Петрова Мария Петровна,+375 (44) 374-22-59,2025-02-08
2395,Кузнецов Олег Максимович,+375 (25) 465-66-62,2026-05-22
2396,Николаев Павел Михайлович,+375 (29) 420-57-53,2025-04-27
2397,Новицкий Алексей Юрьевич,+375 (33) 751-62-00,2024-12-23
2398,Гусева Светлана Павловна,+375 (29) 585-01-85,2025-03-29
2399,Степанов Илья Андреевич,+375 (29) 746-01-32,2025-07-21
2400,Сергеева Людмила Юрьевна,+375 (29) 765-93-33,2026-04-05
2401,Новикова София Андреевна,+375 (29) 335-16-59,2026-03-04
2402,Воробьёва Виктория Максимовна,+375 (29) 714-66-99,2025-04-14
2403,Белова Ксения Михайловна,+375 (29) 417-65-27,2026-09-27
2404,Крылов Андрей Владимирович,+375 (29) 452-86-53,2025-05-17
2405,Кузьмина Ксения Михайловна,+375 (44) 241-57-96,2025-05-30
2406,Соболев Григорий Михайлович,+375 (29) 987-57-48,2026-02-08
2407,Семёнова Анна Юрьевна,+375 (29) 752-36-97,2025-09-28
2408,Новицкий Михаил Сергеевич,+375 (29) 652-88-06,2025-04-25
2409,Шевченко Артём Евгеньевич,+375 (29) 498-01-87,2025-05-18
2410,Куликова Юлия Николаевна,+375 (33) 984-82-81,2024-12-20
2411,Воробьёв Глеб Павлович,+375 (29) 732-37-87,2025-01-08
2412,Котова Алина Александровна,+375 (29) 452-47-36,2025-04-28
2413,Журавлёв Иван Николаевич,+375 (29) 839-90-51,2025-06-27
2414,Степанов Евгений Сергеевич,+375 (44) 977-56-29,2025-07-06
2415,Беляев Никита Андреевич,+375 (29) 628-43-21,2025-12-05
2416,Герасимова Милана Олеговна,+375 (29) 198-11-70,2025-06-23
2417,Андреев Максим Алексеевич,+375 (33) 433-56-65,2026-01-10
2418,Медведев Константин Евгеньевич,+375 (25) 892-17-56,2025-09-14
2419,Николаев Роман Павлович,+375 (25) 386-44-57,2025-09-21
2420,Алексеева Мария Юрьевна,+375 (29) 799-81-67,2025-03-17
2421,Смирнова Анастасия Олеговна,+375 (33) 201-66-23,2026-04-08
2422,Романов Игорь Олегович,+375 (25) 836-19-29,2024-12-01
2423,Максимов Николай Владимирович,+375 (44) 536-37-74,2026-01-06
2424,Воробьёв Григорий Петрович,+375 (33) 598-64-27,2024-12-24
2425,Островский Станислав Николаевич,+375 (44) 865-00-16,2025-04-17
2426,Андреев Игорь Юрьевич,+375 (44) 271-53-45,2025-04-24
2427,Ершова Дарья Михайловна,+375 (33) 653-86-95,2025-04-28
2428,Никитин Евгений Александрович,+375 (25) 703-07-89,2025-07-21
2429,Павлова Марина Игоревна,+375 (29) 601-64-18,2025-03-07
2430,Сидоров Олег Павлович,+375 (44) 615-20-51,2024-11-19
2431,Новицкая Вера Павловна,+375 (33) 694-03-13,2025-06-29
2432,Никитин Владимир Евгеньевич,+375 (44) 384-59-92,2025-09-10
2433,Пономарёв Антон Андреевич,+375 (33) 413-98-49,2025-03-08
2434,Белов Илья Петрович,+375 (29) 550-18-04,2025-05-08
2435,Лебедева Татьяна Павловна,+375 (44) 869-51-87,2024-12-13
2436,Беляев Юрий Петрович,+375 (44) 867-40-15,2024-11-22
2437,Сергеева Людмила Николаевна,+375 (25) 385-65-15,2024-10-19
2438,Ершова Лариса Петровна,+375 (29) 866-84-55,2025-05-10
2439,Комаров Илья Евгеньевич,+375 (25) 418-34-17,2026-08-04
2440,Богданов Глеб Павлович,+375 (44) 272-05-23,2025-08-18
2441,Фёдорова Елена Игоревна,+375 (33) 940-09-80,2025-05-17
2442,Островский Фёдор Павлович,+375 (29) 642-81-90,2025-10-28
2443,Пономарёва Марина Андреевна,+375 (44) 451-66-28,2024-10-29
2444,Рогов Григорий Дмитриевич,+375 (33) 117-23-99,2025-02-23
2445,Иванов Андрей Викторович,+375 (29) 738-08-16,2025-11-07
2446,Кудрявцев Павел Евгеньевич,+375 (29) 759-43-35,2026-02-09
2447,Кудрявцев Тимофей Павлович,+375 (25) 855-51-14,2024-12-19
2448,Ильин Антон Алексеевич,+375 (29) 153-45-85,2025-02-03
2449,Ильин Евгений Олегович,+375 (29) 255-31-55,2024-11-23
2450,Попова София Петровна,+375 (29) 201-95-61,2026-07-06
2451,Сидорова Вера Николаевна,+375 (33) 852-10-11,2026-03-04
2452,Жуков Владимир Михайлович,+375 (29) 537-07-54,2025-05-31
2453,Кузьмина Екатерина Андреевна,+375 (44) 798-09-40,2025-02-16
2454,Волков Егор Михайлович,+375 (29) 905-32-80,2025-07-05
2455,Макарова Ирина Викторовна,+375 (33) 911-23-08,2025-09-05
2456,Климович Юрий Владимирович,+375 (29) 773-95-43,2024-12-04
2457,Баранова Юлия Петровна,+375 (29) 909-78-03,2025-03-21
2458,Рогов Максим Михайлович,+375 (25) 872-69-10,2025-05-09
2459,Волков Андрей Юрьевич,+375 (25) 651-92-70,2025-03-13
2460,Козлова Виктория Ивановна,+375 (29) 745-44-73,2025-01-04
2461,Романов Владимир Евгеньевич,+375 (44) 450-20-01,2025-09-30
2462,Ершова Александра Юрьевна,+375 (44) 591-30-77,2025-04-23
2463,Котов Евгений Михайлович,+375 (29) 884-66-60,2025-06-30
2464,Баранов Александр Петрович,+375 (33) 873-33-64,2026-02-09
2465,Семёнова Людмила Александровна,+375 (29) 450-63-86,2025-09-17
2466,Сорокина Виктория Игоревна,+375 (33) 329-44-22,2025-04-23
2467,Комарова Надежда Павловна,+375 (33) 743-54-76,2025-03-16
2468,Зайцева Лариса Павловна,+375 (29) 264-34-85,2025-03-29
2469,Соколов Юрий Олегович,+375 (25) 826-74-33,2024-12-19
2470,Рябова Ксения Андреевна,+375 (29) 516-28-19,2025-04-16
2471,Григорьев Владимир Максимович,+375 (44) 864-32-75,2025-02-27
2472,Волков Фёдор Алексеевич,+375 (29) 533-69-44,2024-12-07
2473,Романов Денис Павлович,+375 (25) 734-77-64,2025-02-03
2474,Шевченко Роман Михайлович,+375 (44) 795-28-51,2024-11-02
2475,Журавлёва Ольга Викторовна,+375 (33) 127-01-95,2025-07-12
2476,Кудрявцев Фёдор Олегович,+375 (44) 195-11-87,2024-12-17
2477,Кузнецов Никита Олегович,+375 (29) 656-32-29,2025-01-19
2478,Пономарёв Илья Александрович,+375 (29) 951-92-51,2025-03-02
2479,Яковлева Екатерина Алексеевна,+375 (33) 821-46-00,2025-09-29
2480,Ковалевская Ирина Викторовна,+375 (25) 376-10-54,2025-03-17
2481,Сергеев Роман Алексеевич,+375 (44) 473-48-34,2024-11-21
2482,Поляков Константин Максимович,+375 (29) 849-93-22,2026-02-19
2483,Сорокина Алёна Петровна,+375 (44) 856-91-32,2026-07-23
2484,Сорокин Евгений Алексеевич,+375 (29) 788-68-24,2025-10-14
2485,Комарова Светлана Михайловна,+375 (25) 378-50-68,2025-03-07
2486,Ильин Виктор Иванович,+375 (44) 817-52-97,2024-12-08
2487,Белова Ирина Петровна,+375 (33) 638-15-38,2025-04-21
2488,Баранова Полина Игоревна,+375 (25) 314-76-39,2024-11-22
2489,Новицкая Виктория Николаевна,+375 (33) 772-49-98,2024-12-14
2490,Киселёва Милана Сергеевна,+375 (33) 643-91-18,2025-06-25
2491,Баранова Ольга Андреевна,+375 (44) 188-58-84,2025-07-21
2492,Новицкая Дарья Дмитриевна,+375 (44) 968-85-31,2024-11-05
2493,Морозова Светлана Владимировна,+375 (29) 420-07-80,2025-02-27
2494,Михайлов Иван Андреевич,+375 (29) 451-27-75,2024-11-25
2495,Алексеев Даниил Николаевич,+375 (25) 256-11-28,2024-10-29
2496,Гусев Глеб Александрович,+375 (44) 487-38-73,2026-06-10
2497,Киселёва Виктория Евгеньевна,+375 (29) 490-06-49,2025-09-14
2498,Жукова Людмила Андреевна,+375 (29) 279-09-07,2024-11-03
2499,Алексеев Глеб Михайлович,+375 (29) 738-80-95,2025-03-01
2500,Андреев Дмитрий Олегович,+375 (29) 210-35-40,2025-08-18
2501,Куликов Олег Иванович,+375 (33) 961-30-82,2025-03-21
2502,Шевченко Станислав Иванович,+375 (44) 976-47-97,2025-09-20
2503,Котов Николай Иванович,+375 (29) 193-49-32,2025-06-17
2504,Фёдоров Кирилл Викторович,+375 (44) 557-40-46,2025-05-27
2505,Сидорова Милана Евгеньевна,+375 (44) 829-41-67,2025-04-18
2506,Сидоров Егор Сергеевич,+375 (33) 798-73-17,2026-08-30
2507,Кудрявцев Григорий Александрович,+375 (33) 342-04-60,2024-11-28
2508,Пономарёв Павел Павлович,+375 (29) 550-94-76,2025-05-25
2509,Смирнова Анастасия Андреевна,+375 (33) 282-06-47,2025-01-05
2510,Степанова Светлана Алексеевна,+375 (29) 675-71-62,2024-10-22
2511,Ильина Елена Владимировна,+375 (29) 309-00-41,2024-12-31
2512,Климович Полина Владимировна,+375 (29) 746-26-18,2025-06-30
2513,Королёв Антон Дмитриевич,+375 (25) 872-51-78,2025-01-26
2514,Титов Илья Петрович,+375 (29) 761-93-46,2025-06-20
2515,Борисова Елена Сергеевна,+375 (44) 307-96-71,2025-04-09
2516,Новиков Дмитрий Николаевич,+375 (29) 497-26-93,2025-02-11
2517,Куликова Ксения Андреевна,+375 (29) 767-18-47,2026-07-16
2518,Орлов Никита Юрьевич,+375 (33) 936-76-12,2026-03-04
2519,Павлова Татьяна Петровна,+375 (44) 339-13-01,2025-11-07
2520,Ильин Руслан Алексеевич,+375 (33) 722-85-86,2025-01-08
2521,Григорьев Глеб Евгеньевич,+375 (33) 261-00-55,2025-08-17
2522,Захаров Ярослав Павлович,+375 (33) 675-32-96,2025-05-16
2523,Островский Илья Алексеевич,+375 (33) 996-37-90,2026-04-07
2524,Беляева Ирина Алексеевна,+375 (29) 461-79-79,2024-10-09
2525,Никитин Александр Михайлович,+375 (29) 599-70-50,2024-10-22
2526,Сергеева Милана Дмитриевна,+375 (44) 474-43-59,2025-01-21
2527,Сидоренко София Ивановна,+375 (29) 850-66-13,2025-04-23
2528,Лукашевич Даниил Олегович,+375 (33) 611-96-91,2025-09-11
2529,Никитин Станислав Максимович,+375 (29) 726-85-65,2025-07-02
2530,Титов Андрей Олегович,+375 (33) 450-46-52,2025-08-28
2531,Сорокина Юлия Андреевна,+375 (33) 516-41-97,2026-08-04
2532,Григорьев Григорий Александрович,+375 (33) 353-29-26,2025-08-29
2533,Журавлёва Ирина Владимировна,+375 (44) 613-12-37,2026-01-17
2534,Воробьёв Александр Викторович,+375 (33) 689-55-48,2024-10-18
2535,Сидоренко Тимофей Дмитриевич,+375 (33) 750-37-20,2026-03-10
2536,Фролов Илья Павлович,+375 (44) 546-41-76,2025-01-24
2537,Соколов Ярослав Андреевич,+375 (33) 336-79-89,2026-01-20
2538,Беляев Евгений Андреевич,+375 (33) 784-00-53,2025-04-27
2539,Воробьёва Алёна Викторовна,+375 (29) 371-97-66,2025-04-20
2540,Захаров Николай Дмитриевич,+375 (33) 873-33-91,2025-07-19
2541,Богданов Владимир Викторович,+375 (29) 108-77-95,2025-04-27
2542,Белова Марина Викторовна,+375 (29) 681-94-68,2024-11-16
2543,Павлова Александра Максимовна,+375 (25) 670-37-79,2025-01-31
2544,Кузнецова Анна Алексеевна,+375 (44) 108-71-31,2025-10-17
2545,Баранов Никита Андреевич,+375 (25) 977-57-54,2025-03-22
2546,Орлов Николай Петрович,+375 (29) 986-98-33,2025-01-16
2547,Степанов Владимир Александрович,+375 (29) 353-75-26,2025-09-02
2548,Богданова Валерия Алексеевна,+375 (29) 221-82-79,2026-06-03
2549,Тарасова София Алексеевна,+375 (44) 861-98-55,2025-12-24
2550,Мельник Александр Максимович,+375 (33) 331-65-74,2025-06-15
2551,Фролова Вера Николаевна,+375 (44) 901-89-18,2026-07-14
2552,Беляева Юлия Николаевна,+375 (33) 505-67-81,2025-03-30
2553,Волкова Лариса Николаевна,+375 (25) 234-87-79,2026-06-15
2554,Котова Александра Александровна,+375 (44) 782-22-87,2026-09-14
2555,Ершова Светлана Дмитриевна,+375 (29) 418-76-55,2025-06-29
2556,Алексеев Дмитрий Михайлович,+375 (44) 185-40-32,2025-05-15
2557,Никитина Надежда Николаевна,+375 (33) 821-81-34,2024-11-22
2558,Богданова Мария Дмитриевна,+375 (25) 884-76-44,2024-10-13
2559,Титов Евгений Петрович,+375 (25) 447-77-82,2026-01-30
2560,Ильин Евгений Петрович,+375 (33) 683-61-98,2025-01-21
2561,Соболев Константин Павлович,+375 (25) 762-78-01,2024-10-31
2562,Павлов Евгений Павлович,+375 (44) 838-11-44,2026-08-22
2563,Алексеев Владимир Юрьевич,+375 (44) 359-80-11,2025-01-25
2564,Крылов Олег Павлович,+375 (33) 558-44-27,2025-03-17
2565,Семёнов Николай Максимович,+375 (44) 140-34-59,2024-10-06
2566,Козлова Марина Евгеньевна,+375 (33) 551-17-14,2025-07-05
2567,Николаев Павел Евгеньевич,+375 (33) 582-96-14,2025-05-21
2568,Сидоренко Ксения Павловна,+375 (29) 883-71-26,2025-01-13
2569,Кузьмина Татьяна Дмитриевна,+375 (44) 262-19-20,2025-09-23
2570,Смирнова София Михайловна,+375 (29) 671-76-75,2025-04-01
2571,Сорокина Юлия Игоревна,+375 (33) 664-95-40,2024-11-23
2572,Белова Алина Евгеньевна,+375 (29) 498-97-39,2025-07-28
2573,Борисов Антон Иванович,+375 (29) 352-51-41,2024-12-11
2574,Морозова Ирина Алексеевна,+375 (44) 250-98-35,2025-05-03
2575,Фролова Милана Олеговна,+375 (29) 947-17-55,2024-11-20
2576,Ершова Вера Алексеевна,+375 (29) 596-78-78,2025-02-11
2577,Григорьева Анастасия Алексеевна,+375 (33) 640-80-85,2025-08-04
2578,Степанов Алексей Владимирович,+375 (33) 581-51-78,2025-01-05
2579,Богданова Лариса Максимовна,+375 (44) 497-75-53,2026-03-20
2580,Климович Юлия Дмитриевна,+375 (29) 517-13-00,2025-07-04
2581,Беляева Ирина Петровна,+375 (33) 903-36-82,2024-11-10
2582,Андреева Надежда Сергеевна,+375 (29) 513-30-79,2024-11-15
2583,Ковалевская Алёна Евгеньевна,+375 (29) 930-65-04,2025-09-14
2584,Сидорова Валерия Юрьевна,+375 (29) 555-84-18,2025-05-15
2585,Новиков Николай Алексеевич,+375 (44) 239-80-24,2026-08-13
2586,Цветков Егор Андреевич,+375 (33) 768-41-92,2026-09-26
2587,Андреев Александр Дмитриевич,+375 (29) 581-15-54,2024-10-12
2588,Захарова Вера Юрьевна,+375 (29) 585-87-25,2025-07-21
2589,Захарова Ольга Игоревна,+375 (33) 456-59-30,2025-02-08
2590,Николаев Николай Олегович,+375 (29) 499-72-92,2024-12-11
2591,Герасимова Ольга Николаевна,+375 (44) 552-46-98,2024-11-13
2592,Титов Дмитрий Игоревич,+375 (33) 958-48-18,2025-05-24
2593,Сергеев Фёдор Сергеевич,+375 (33) 650-15-68,2026-09-03
2594,Полякова Светлана Юрьевна,+375 (29) 429-70-73,2025-04-07
2595,Ковалёва Евгения Ивановна,+375 (29) 644-17-28,2025-08-22
2596,Зайцев Виктор Олегович,+375 (44) 572-66-11,2025-07-11
2597,Алексеев Юрий Михайлович,+375 (33) 507-05-87,2024-12-31
2598,Рогов Дмитрий Михайлович,+375 (44) 242-42-10,2026-05-09
2599,Козлова Ксения Алексеевна,+375 (29) 435-78-75,2025-03-24
2600,Зайцев Фёдор Викторович,+375 (44) 796-98-62,2024-12-19
2601,Рогова Виктория Юрьевна,+375 (33) 428-48-54,2025-01-21
2602,Николаева София Владимировна,+375 (29) 159-68-54,2025-11-14
2603,Козлов Владимир Николаевич,+375 (33) 478-15-25,2025-06-15
2604,Богданов Даниил Сергеевич,+375 (44) 668-36-38,2024-10-21
2605,Ершова Екатерина Михайловна,+375 (33) 748-14-42,2025-12-05
2606,Жукова Ксения Викторовна,+375 (44) 796-54-93,2025-11-18
2607,Рябова Вера Петровна,+375 (29) 863-01-23,2024-12-16
2608,Сидоренко София Александровна,+375 (33) 500-37-87,2025-10-10
2609,Степанова Мария Олеговна,+375 (29) 138-94-13,2024-11-20
2610,Шевченко Николай Владимирович,+375 (44) 440-17-20,2025-02-28
2611,Борисова Надежда Михайловна,+375 (44) 812-15-67,2026-05-16
2612,Куликов Никита Игоревич,+375 (33) 318-33-05,2025-01-17
2613,Пономарёва Мария Максимовна,+375 (29) 175-72-37,2025-02-22
2614,Титова Мария Евгеньевна,+375 (29) 346-16-77,2026-09-30
2615,Королёва Надежда Игоревна,+375 (33) 434-96-44,2025-12-31
2616,Крылова Светлана Сергеевна,+375 (33) 708-46-92,2026-06-17
2617,Новицкий Виктор Петрович,+375 (29) 246-25-31,2025-03-16
2618,Захаров Кирилл Иванович,+375 (29) 985-50-47,2026-08-06
2619,Иванов Виктор Юрьевич,+375 (29) 779-44-33,2025-09-27
2620,Герасимова Анна Сергеевна,+375 (29) 871-96-80,2025-03-12
2621,Михайлов Юрий Михайлович,+375 (29) 488-23-81,2025-05-28
2622,Воробьёв Игорь Михайлович,+375 (29) 774-47-42,2026-04-04
2623,Шевченко Надежда Александровна,+375 (29) 841-61-26,2026-02-23
2624,Кудрявцев Павел Игоревич,+375 (29) 161-70-80,2024-10-10
2625,Жуков Алексей Викторович,+375 (29) 309-20-74,2025-01-25
2626,Андреев Илья Андреевич,+375 (25) 266-65-14,2025-04-17
2627,Королёв Владимир Петрович,+375 (33) 727-27-09,2025-01-15
2628,Лазарев Денис Владимирович,+375 (33) 819-74-29,2025-02-06
2629,Мельник Валерия Михайловна,+375 (33) 328-68-18,2025-02-16
2630,Семёнов Никита Петрович,+375 (29) 997-18-89,2025-03-04
2631,Романов Артём Михайлович,+375 (44) 842-08-90,2026-08-15
2632,Гусева Ирина Павловна,+375 (29) 393-50-12,2025-06-07
2633,Баранов Денис Павлович,+375 (29) 786-02-30,2026-07-23
2634,Максимов Юрий Иванович,+375 (29) 628-03-13,2025-06-30
2635,Новикова Ольга Сергеевна,+375 (29) 195-74-13,2025-03-07
2636,Сергеев Дмитрий Сергеевич,+375 (29) 326-17-32,2024-10-05
2637,Ковалёв Даниил Дмитриевич,+375 (29) 910-49-90,2025-02-20
2638,Мельник Олег Павлович,+375 (29) 253-17-53,2025-07-17
2639,Богданов Михаил Викторович,+375 (29) 189-77-55,2024-10-29
2640,Воробьёва Лариса Алексеевна,+375 (29) 784-34-13,2024-12-16
2641,Соколов Андрей Максимович,+375 (29) 221-09-15,2025-04-23
2642,Кузьмин Андрей Михайлович,+375 (29) 205-15-48,2025-08-08
2643,Иванов Михаил Максимович,+375 (33) 260-35-41,2025-05-07
2644,Степанова Ирина Павловна,+375 (25) 777-33-61,2024-12-11
2645,Воробьёва Полина Евгеньевна,+375 (44) 111-23-35,2025-03-04
2646,Ильин Александр Павлович,+375 (44) 718-83-55,2025-07-25
2647,Королёва Валерия Сергеевна,+375 (44) 626-54-90,2025-08-04
2648,Ершова Ольга Алексеевна,+375 (33) 214-99-50,2024-10-12
2649,Кузнецов Ярослав Иванович,+375 (29) 934-22-59,2025-04-20
2650,Морозов Павел Викторович,+375 (33) 705-13-48,2026-08-05
2651,Комаров Александр Николаевич,+375 (25) 687-73-45,2025-05-22
2652,Яковлев Алексей Иванович,+375 (33) 653-32-64,2025-08-29
2653,Шевченко Станислав Владимирович,+375 (44) 979-29-66,2025-05-03
2654,Новикова Ксения Владимировна,+375 (44) 228-65-00,2025-01-20
2655,Кузнецов Илья Евгеньевич,+375 (44) 836-38-64,2025-06-01
2656,Пономарёв Юрий Алексеевич,+375 (33) 148-63-74,2025-12-08
2657,Котов Григорий Алексеевич,+375 (29) 795-35-53,2025-04-24
2658,Николаева Виктория Михайловна,+375 (25) 819-79-70,2025-05-30
2659,Романова Милана Юрьевна,+375 (33) 840-83-48,2025-06-29
2660,Петров Тимофей Игоревич,+375 (29) 355-35-64,2025-06-27
2661,Захаров Евгений Сергеевич,+375 (29) 365-43-14,2025-06-29
2662,Кудрявцев Артём Андреевич,+375 (29) 157-26-37,2025-01-11
2663,Кудрявцев Алексей Юрьевич,+375 (44) 704-89-21,2025-05-30
2664,Алексеев Александр Максимович,+375 (44) 423-29-02,2026-01-22
2665,Романова Екатерина Олеговна,+375 (25) 449-88-37,2025-06-09
2666,Соболев Кирилл Алексеевич,+375 (44) 388-58-09,2026-06-19
2667,Павлов Илья Михайлович,+375 (29) 716-87-65,2024-10-28
2668,Попова Вера Евгеньевна,+375 (44) 537-64-23,2026-07-09
2669,Смирнова Милана Сергеевна,+375 (29) 467-19-56,2025-05-07
2670,Гусев Тимофей Павлович,+375 (33) 396-07-85,2025-06-24
2671,Степанов Глеб Петрович,+375 (29) 728-29-20,2026-07-07
2672,Жукова Милана Сергеевна,+375 (25) 409-95-42,2025-09-05
2673,Кузьмина Лариса Олеговна,+375 (33) 868-83-36,2026-09-26
2674,Сорокина Милана Владимировна,+375 (29) 352-84-52,2025-02-24
2675,Котов Александр Владимирович,+375 (33) 115-49-42,2025-01-27
2676,Поляков Николай Петрович,+375 (44) 220-15-43,2025-08-22
2677,Ершова Наталья Михайловна,+375 (29) 550-31-75,2025-09-29
2678,Андреев Николай Сергеевич,+375 (29) 141-24-94,2026-08-02
2679,Морозова Полина Павловна,+375 (33) 290-12-04,2026-03-20
2680,Ковалевская Наталья Михайловна,+375 (33) 677-03-40,2025-03-29
2681,Сергеева Юлия Андреевна,+375 (33) 191-98-61,2024-10-30
2682,Попов Николай Юрьевич,+375 (44) 382-41-57,2025-06-18
2683,Куликов Иван Владимирович,+375 (29) 495-20-35,2025-04-18
2684,Соколова Полина Владимировна,+375 (33) 730-17-20,2025-07-14
2685,Котов Николай Андреевич,+375 (29) 936-44-73,2025-09-14
2686,Сорокин Константин Алексеевич,+375 (29) 755-11-59,2025-01-17
2687,Жуков Максим Евгеньевич,+375 (29) 610-15-84,2026-03-13
2688,Баранов Дмитрий Петрович,+375 (44) 924-19-41,2025-03-15
2689,Петров Михаил Петрович,+375 (29) 741-48-75,2025-01-24
2690,Пономарёва Ирина Игоревна,+375 (44) 892-71-07,2024-11-28
2691,Лазарева Анастасия Дмитриевна,+375 (33) 678-06-28,2026-01-03
2692,Воробьёв Иван Дмитриевич,+375 (29) 866-43-65,2025-03-02
2693,Соболев Юрий Сергеевич,+375 (44) 684-73-95,2024-11-02
2694,Воробьёв Денис Александрович,+375 (29) 266-57-44,2025-04-07
2695,Ершов Николай Александрович,+375 (25) 437-63-50,2025-12-24
2696,Поляков Егор Алексеевич,+375 (29) 707-07-49,2025-06-27
2697,Новиков Даниил Сергеевич,+375 (29) 132-28-32,2024-12-14
2698,Белов Евгений Алексеевич,+375 (44) 402-13-22,2024-12-15
2699,Волкова Татьяна Юрьевна,+375 (29) 730-10-84,2026-07-04
2700,Рябов Антон Викторович,+375 (29) 736-98-73,2025-07-21
2701,Воробьёв Николай Максимович,+375 (44) 607-48-56,2025-06-16
2702,Григорьева Полина Юрьевна,+375 (29) 711-14-64,2025-07-04
2703,Титова Валерия Алексеевна,+375 (33) 510-74-41,2025-01-03
2704,Попов Павел Владимирович,+375 (29) 190-62-75,2024-11-27
2705,Шевченко Никита Олегович,+375 (25) 301-38-08,2025-09-13
2706,Соболева Евгения Павловна,+375 (44) 526-80-61,2025-01-03
2707,Михайлова Анна Сергеевна,+375 (44) 390-23-48,2024-12-30
2708,Шевченко Татьяна Александровна,+375 (33) 230-16-14,2025-02-19
2709,Соболева Валерия Павловна,+375 (25) 983-45-99,2024-11-16
2710,Журавлёв Юрий Дмитриевич,+375 (33) 346-61-39,2025-09-16
2711,Зайцев Никита Максимович,+375 (29) 521-05-54,2025-01-18
2712,Иванов Станислав Сергеевич,+375 (33) 241-39-66,2025-12-10
2713,Кузнецова Дарья Сергеевна,+375 (33) 458-46-88,2024-11-07
2714,Сорокина Александра Викторовна,+375 (29) 561-91-63,2025-04-01
2715,Жукова Мария Игоревна,+375 (25) 851-42-59,2025-08-28
2716,Лукашевич Евгений Владимирович,+375 (29) 903-69-56,2025-01-01
2717,Островский Константин Михайлович,+375 (44) 669-50-52,2024-12-31
2718,Королёва Ирина Петровна,+375 (33) 615-19-92,2025-04-14
2719,Пономарёв Денис Дмитриевич,+375 (33) 941-89-32,2026-08-23
2720,Тарасова Надежда Андреевна,+375 (29) 162-94-05,2025-09-24
2721,Иванова Ксения Алексеевна,+375 (33) 524-44-01,2024-11-03
2722,Семёнов Михаил Александрович,+375 (29) 112-83-39,2025-07-25
2723,Кузнецова Милана Евгеньевна,+375 (33) 808-25-75,2024-11-27
2724,Ершов Николай Юрьевич,+375 (29) 531-78-14,2026-03-31
2725,Степанова Дарья Владимировна,+375 (29) 479-49-06,2025-01-23
2726,Данилов Роман Евгеньевич,+375 (33) 437-97-38,2025-01-20
2727,Морозова Валерия Николаевна,+375 (29) 575-28-51,2026-05-22
2728,Лукашевич Татьяна Николаевна,+375 (44) 267-62-81,2025-09-18
2729,Соболева Ольга Владимировна,+375 (33) 935-53-04,2024-10-04
2730,Лукашевич Константин Андреевич,+375 (44) 687-69-05,2025-09-15
2731,Григорьев Владимир Андреевич,+375 (29) 937-48-52,2026-04-19
2732,Киселёв Тимофей Викторович,+375 (29) 953-50-86,2025-06-27
2733,Пономарёва Лариса Алексеевна,+375 (33) 165-34-99,2024-11-26
2734,Королёва Полина Ивановна,+375 (29) 643-54-20,2025-12-29
2735,Павлова Александра Михайловна,+375 (33) 604-48-06,2026-01-16
2736,Лебедев Дмитрий Николаевич,+375 (29) 275-05-90,2025-03-17
2737,Григорьева Дарья Сергеевна,+375 (29) 452-06-22,2024-10-17
2738,Соколова Ольга Владимировна,+375 (33) 349-95-97,2025-08-16
2739,Лебедев Игорь Николаевич,+375 (29) 343-95-41,2025-09-17
2740,Попов Антон Сергеевич,+375 (29) 732-34-78,2026-04-25
2741,Герасимова Марина Александровна,+375 (29) 743-00-40,2025-09-13
2742,Ковалевская Анна Павловна,+375 (44) 132-98-21,2024-12-21
2743,Алексеева Ирина Алексеевна,+375 (33) 833-95-76,2026-09-11
2744,Морозов Ярослав Максимович,+375 (29) 952-85-62,2024-10-11
2745,Степанова Елена Петровна,+375 (29) 653-09-30,2025-03-20
2746,Куликов Иван Иванович,+375 (44) 461-74-02,2024-10-19
2747,Борисова Алёна Максимовна,+375 (33) 785-38-61,2025-08-15
2748,Кузьмин Игорь Михайлович,+375 (29) 672-97-96,2026-06-06
2749,Сорокин Юрий Максимович,+375 (33) 738-59-90,2025-04-17
2750,Орлова Татьяна Олеговна,+375 (29) 573-12-18,2025-09-20
2751,Лукашевич Юлия Петровна,+375 (29) 783-26-83,2025-08-24
2752,Сорокина Евгения Андреевна,+375 (44) 927-56-32,2025-10-08
2753,Комаров Андрей Иванович,+375 (29) 846-52-15,2025-01-04
2754,Иванов Глеб Петрович,+375 (29) 792-46-34,2026-07-26
2755,Медведев Виктор Евгеньевич,+375 (44) 458-10-05,2026-03-03
2756,Ковалёва Алина Игоревна,+375 (29) 815-41-59,2025-09-09
2757,Фёдорова Надежда Олеговна,+375 (44) 384-44-59,2025-10-25
2758,Куликов Кирилл Сергеевич,+375 (29) 838-34-35,2025-05-22
2759,Куликов Олег Владимирович,+375 (44) 150-31-01,2024-12-15
2760,Фролов Виктор Юрьевич,+375 (33) 204-06-72,2025-06-14
2761,Сергеев Николай Олегович,+375 (29) 601-84-20,2026-08-09
2762,Никитин Андрей Александрович,+375 (33) 812-16-44,2026-05-08
2763,Григорьев Олег Петрович,+375 (33) 590-50-51,2026-06-17
2764,Максимов Руслан Евгеньевич,+375 (25) 816-68-65,2025-11-22
2765,Иванов Григорий Владимирович,+375 (33) 144-33-76,2025-04-11
2766,Ковалёв Денис Игоревич,+375 (44) 255-42-47,2025-12-10
2767,Соболев Иван Максимович,+375 (25) 285-64-27,2026-04-11
2768,Морозова Людмила Максимовна,+375 (33) 714-11-70,2025-03-19
2769,Кузьмин Кирилл Александрович,+375 (29) 240-93-90,2025-04-16
2770,Ильин Антон Павлович,+375 (29) 946-64-02,2024-11-02
2771,Журавлёва Екатерина Дмитриевна,+375 (25) 927-75-15,2026-05-07
2772,Островский Илья Андреевич,+375 (33) 499-74-92,2025-08-24
2773,Лебедева Марина Максимовна,+375 (33) 206-37-12,2025-01-19
2774,Богданова Мария Михайловна,+375 (33) 486-22-34,2025-08-07
2775,Данилова Мария Алексеевна,+375 (29) 307-96-11,2024-11-03
2776,Зайцев Иван Юрьевич,+375 (29) 346-31-50,2025-05-14
2777,Алексеев Илья Михайлович,+375 (44) 434-66-96,2024-12-18
2778,Климович Дмитрий Юрьевич,+375 (29) 454-25-79,2026-03-10
2779,Котова Виктория Николаевна,+375 (29) 111-82-03,2025-04-14
2780,Новицкий Денис Александрович,+375 (44) 519-01-04,2025-10-20
2781,Новикова Елена Викторовна,+375 (29) 694-70-71,2025-07-26
2782,Морозова Алина Юрьевна,+375 (44) 627-77-93,2026-02-22
2783,Зайцева Валерия Максимовна,+375 (29) 696-36-04,2024-12-25
2784,Данилов Антон Андреевич,+375 (29) 447-04-72,2024-10-16
2785,Зайцева Елена Алексеевна,+375 (33) 976-29-65,2024-11-20
2786,Титов Илья Максимович,+375 (29) 703-07-24,2025-06-11
2787,Журавлёв Владимир Михайлович,+375 (29) 571-71-73,2025-05-23
2788,Алексеева Анастасия Владимировна,+375 (44) 568-82-66,2026-09-04
2789,Климович Кирилл Викторович,+375 (44) 814-87-20,2025-01-17
2790,Алексеева Вера Михайловна,+375 (33) 424-26-06,2025-02-15
2791,Ковалёва София Ивановна,+375 (29) 724-64-04,2024-12-14
2792,Островская Анна Александровна,+375 (44) 637-57-95,2024-10-21
2793,Сергеев Игорь Александрович,+375 (29) 229-74-55,2025-05-10
2794,Павлов Руслан Владимирович,+375 (25) 855-40-88,2025-02-01
2795,Пономарёв Антон Максимович,+375 (33) 964-35-70,2025-04-01
2796,Данилов Иван Дмитриевич,+375 (33) 136-90-65,2025-12-16
2797,Крылова Ирина Александровна,+375 (44) 205-13-83,2025-05-24
2798,Иванов Константин Сергеевич,+375 (29) 162-81-44,2025-07-24
2799,Лебедева София Николаевна,+375 (33) 382-91-18,2025-05-15
2800,Пономарёва Людмила Максимовна,+375 (44) 872-47-84,2025-02-17
2801,Поляков Евгений Владимирович,+375 (25) 971-60-73,2024-10-18
2802,Григорьева Екатерина Олеговна,+375 (44) 273-31-33,2026-06-03
2803,Ковалёва Марина Юрьевна,+375 (29) 360-99-74,2025-09-24
2804,Цветкова Дарья Николаевна,+375 (33) 119-49-64,2025-03-29
2805,Захарова Милана Дмитриевна,+375 (44) 367-65-66,2026-03-24
2806,Ковалевский Евгений Евгеньевич,+375 (29) 657-45-58,2025-05-21
2807,Андреева Алёна Сергеевна,+375 (29) 901-68-03,2026-07-03
2808,Цветков Кирилл Александрович,+375 (29) 355-60-83,2024-10-06
2809,Морозова Вера Викторовна,+375 (33) 783-20-68,2025-08-05
2810,Рябов Дмитрий Алексеевич,+375 (29) 160-93-53,2025-10-09
2811,Рябов Денис Михайлович,+375 (33) 709-02-06,2025-11-29
2812,Михайлов Артём Иванович,+375 (29) 277-98-04,2025-11-17
2813,Кузнецов Даниил Андреевич,+375 (25) 520-53-74,2025-04-26
2814,Рогов Фёдор Юрьевич,+375 (29) 866-68-19,2026-04-08
2815,Попов Денис Максимович,+375 (29) 473-15-55,2024-10-29
2816,Баранов Павел Владимирович,+375 (33) 600-07-22,2024-11-06
2817,Иванова Елена Юрьевна,+375 (29) 977-60-16,2024-12-19
2818,Титова Алёна Николаевна,+375 (44) 865-45-36,2024-10-08
2819,Николаев Сергей Андреевич,+375 (29) 854-46-62,2025-01-11
2820,Степанова Светлана Петровна,+375 (44) 776-19-26,2024-11-12
2821,Фёдорова Вера Алексеевна,+375 (25) 989-30-97,2025-03-17
2822,Ильин Владимир Сергеевич,+375 (33) 579-70-59,2025-10-31
2823,Соколова Татьяна Евгеньевна,+375 (29) 236-56-52,2026-09-11
2824,Борисова Алина Владимировна,+375 (29) 299-43-08,2024-10-26
2825,Иванов Тимофей Александрович,+375 (29) 641-18-16,2026-02-02
2826,Макарова Анна Сергеевна,+375 (44) 648-00-31,2025-04-27
2827,Кузнецова София Максимовна,+375 (29) 809-00-05,2025-03-06
2828,Фёдорова Татьяна Михайловна,+375 (25) 832-96-07,2025-12-02
2829,Кузнецова Вера Петровна,+375 (29) 154-51-57,2025-01-27
2830,Ковалевская Валерия Игоревна,+375 (44) 534-76-16,2025-05-10
2831,Данилов Антон Владимирович,+375 (29) 265-35-89,2024-11-23
2832,Ковалевская Ольга Павловна,+375 (25) 669-10-97,2024-12-08
2833,Ершова Евгения Максимовна,+375 (44) 921-12-79,2026-04-29
2834,Алексеев Никита Владимирович,+375 (29) 699-08-26,2025-03-04
2835,Зайцева Марина Петровна,+375 (29) 329-62-44,2025-09-02
2836,Островская Ксения Павловна,+375 (29) 106-02-69,2024-11-26
2837,Ковалевская Вера Владимировна,+375 (29) 973-40-18,2025-09-01
2838,Гусева Евгения Николаевна,+375 (44) 668-87-96,2025-07-22
2839,Воробьёва Ксения Сергеевна,+375 (33) 145-91-32,2026-03-19
2840,Ковалёва Алина Павловна,+375 (29) 876-12-90,2025-11-10
2841,Ильин Егор Викторович,+375 (29) 155-57-81,2026-05-10
2842,Ковалевский Олег Петрович,+375 (25) 294-21-11,2025-04-23
2843,Кузнецов Егор Александрович,+375 (44) 674-94-71,2026-03-03
2844,Пономарёва Екатерина Михайловна,+375 (29) 961-97-14,2025-09-29
2845,Данилов Сергей Игоревич,+375 (44) 751-25-48,2025-07-14
2846,Цветков Кирилл Александрович,+375 (33) 890-15-93,2025-01-21
2847,Павлова Надежда Олеговна,+375 (44) 714-34-48,2024-12-15
2848,Гусев Алексей Дмитриевич,+375 (25) 213-44-55,2025-10-02
2849,Киселёв Фёдор Петрович,+375 (33) 996-93-45,2025-09-04
2850,Гусева Наталья Петровна,+375 (29) 385-20-37,2026-05-17
2851,Соколов Сергей Михайлович,+375 (29) 306-26-03,2024-12-19
2852,Попова Милана Михайловна,+375 (29) 865-25-73,2025-09-05
2853,Петрова Лариса Александровна,+375 (44) 424-45-19,2024-12-14
2854,Островская Лариса Сергеевна,+375 (33) 417-51-37,2025-07-30
2855,Титова Марина Николаевна,+375 (25) 684-77-01,2025-06-28
2856,Воробьёв Илья Евгеньевич,+375 (29) 255-26-47,2025-02-15
2857,Фролов Павел Алексеевич,+375 (44) 112-95-88,2026-04-11
2858,Алексеева Евгения Игоревна,+375 (33) 540-70-19,2025-06-11
2859,Андреев Роман Сергеевич,+375 (44) 534-47-42,2025-08-11
2860,Козлов Дмитрий Петрович,+375 (29) 949-60-93,2025-07-14
2861,Ковалёв Игорь Алексеевич,+375 (25) 616-25-74,2024-12-22
2862,Григорьев Андрей Олегович,+375 (33) 970-42-26,2025-07-09
2863,Герасимов Тимофей Алексеевич,+375 (29) 621-92-41,2025-09-15
2864,Ильин Николай Евгеньевич,+375 (29) 189-67-44,2025-07-14
2865,Герасимова Вера Ивановна,+375 (33) 137-25-84,2025-08-30
2866,Данилов Алексей Александрович,+375 (33) 476-87-24,2025-02-15
2867,Ковалевская София Андреевна,+375 (33) 955-75-62,2024-10-10
2868,Сорокина Александра Петровна,+375 (29) 387-12-09,2025-07-31
2869,Воробьёва Ксения Михайловна,+375 (29) 849-91-09,2025-01-07
2870,Новикова Александра Павловна,+375 (44) 859-41-72,2025-05-21
2871,Волков Николай Максимович,+375 (44) 337-62-56,2025-09-04
2872,Иванов Виктор Иванович,+375 (25) 510-03-88,2026-09-27
2873,Романова Елена Александровна,+375 (33) 171-38-71,2025-07-16
2874,Богданов Константин Максимович,+375 (33) 679-52-80,2025-03-27
2875,Воробьёва Екатерина Павловна,+375 (29) 357-79-39,2025-03-29
2876,Рябов Николай Викторович,+375 (44) 137-86-26,2025-02-24
2877,Орлова Ксения Игоревна,+375 (29) 363-34-99,2025-08-12
2878,Николаева Елена Ивановна,+375 (44) 387-16-70,2025-10-14
2879,Новиков Денис Петрович,+375 (29) 662-67-36,2026-06-12
2880,Киселёв Егор Андреевич,+375 (25) 873-52-42,2024-10-25
2881,Смирнова Дарья Алексеевна,+375 (25) 908-58-52,2025-09-26
2882,Сорокина Людмила Викторовна,+375 (33) 407-76-03,2025-05-02
2883,Козлова Наталья Андреевна,+375 (29) 311-64-98,2024-11-13
2884,Фёдоров Максим Петрович,+375 (25) 970-42-17,2025-06-18
2885,Рябова Александра Владимировна,+375 (44) 901-74-57,2026-09-01
2886,Шевченко Полина Евгеньевна,+375 (33) 602-23-74,2024-11-04
2887,Сергеев Роман Владимирович,+375 (44) 445-96-68,2024-10-12
2888,Островский Сергей Павлович,+375 (29) 964-44-17,2025-02-03
2889,Цветкова Алёна Николаевна,+375 (44) 571-84-98,2025-01-20
2890,Цветков Сергей Игоревич,+375 (44) 321-97-70,2025-02-18
2891,Рогова Ирина Павловна,+375 (44) 505-97-30,2026-01-27
2892,Соколова Полина Алексеевна,+375 (29) 816-68-14,2024-11-11
2893,Воробьёв Роман Николаевич,+375 (29) 309-94-71,2026-01-15
2894,Кузьмина София Евгеньевна,+375 (29) 613-55-91,2025-12-12
2895,Герасимова Анастасия Евгеньевна,+375 (29) 409-77-37,2025-02-23
2896,Рогов Константин Андреевич,+375 (33) 113-40-47,2024-11-29
2897,Лебедев Павел Алексеевич,+375 (33) 492-70-03,2024-12-07
2898,Воробьёв Максим Николаевич,+375 (44) 662-06-13,2025-01-26
2899,Белов Руслан Петрович,+375 (29) 227-81-50,2025-05-16
2900,Медведева Надежда Сергеевна,+375 (29) 322-02-12,2026-04-11
2901,Новицкий Алексей Владимирович,+375 (33) 125-40-62,2025-04-28
2902,Климович Валерия Олеговна,+375 (44) 969-45-49,2025-12-03
2903,Поляков Михаил Алексеевич,+375 (33) 375-31-87,2025-05-01
2904,Данилова Евгения Павловна,+375 (29) 569-39-65,2025-08-23
2905,Гусева Евгения Максимовна,+375 (44) 228-51-97,2025-06-06
2906,Королёва Светлана Петровна,+375 (33) 978-47-31,2024-10-22
2907,Зайцев Андрей Алексеевич,+375 (44) 734-38-73,2025-01-15
2908,Степанова Лариса Павловна,+375 (33) 327-21-92,2025-08-10
2909,Белов Денис Иванович,+375 (44) 262-25-57,2026-06-15
2910,Ковалевский Алексей Максимович,+375 (44) 359-77-64,2025-06-28
2911,Андреев Евгений Максимович,+375 (33) 472-55-37,2025-06-20
2912,Ильина Екатерина Олеговна,+375 (33) 381-43-40,2025-01-21
2913,Гусева Ирина Михайловна,+375 (44) 399-69-94,2024-11-08
2914,Мельник Владимир Иванович,+375 (29) 469-51-07,2025-01-14
2915,Климович Павел Иванович,+375 (33) 394-72-37,2025-04-05
2916,Кузьмина Евгения Алексеевна,+375 (33) 220-16-51,2025-08-03
2917,Рогов Константин Олегович,+375 (33) 866-98-36,2025-08-09
2918,Цветкова Лариса Николаевна,+375 (44) 789-64-34,2024-12-07
2919,Крылова Людмила Максимовна,+375 (33) 363-39-15,2025-01-26
2920,Лукашевич Ксения Олеговна,+375 (29) 611-63-41,2025-03-28
2921,Орлова Дарья Владимировна,+375 (44) 516-94-48,2025-03-04
2922,Сергеева Ксения Викторовна,+375 (29) 366-74-17,2024-11-25
2923,Тарасов Кирилл Сергеевич,+375 (33) 911-88-73,2024-12-07
2924,Комарова Александра Юрьевна,+375 (44) 864-60-05,2025-08-30
2925,Баранов Олег Петрович,+375 (44) 522-90-50,2026-06-09
2926,Смирнов Иван Александрович,+375 (33) 489-58-52,2026-01-02
2927,Богданов Даниил Максимович,+375 (25) 210-31-52,2025-05-13
2928,Журавлёва Александра Олеговна,+375 (44) 696-91-05,2025-02-10
2929,Волков Денис Александрович,+375 (44) 524-86-51,2025-07-16
2930,Герасимова Екатерина Юрьевна,+375 (29) 766-66-82,2026-04-28
2931,Данилов Сергей Павлович,+375 (33) 792-06-47,2025-04-04
2932,Михайлова Мария Дмитриевна,+375 (44) 747-06-42,2025-03-23
2933,Кудрявцев Егор Игоревич,+375 (44) 346-64-78,2025-01-13
2934,Шевченко Анастасия Сергеевна,+375 (25) 667-45-29,2025-09-25
2935,Крылов Даниил Петрович,+375 (44) 982-73-86,2025-07-02
2936,Ковалевская Светлана Петровна,+375 (44) 475-79-38,2026-02-23
2937,Пономарёва Анастасия Юрьевна,+375 (29) 567-94-77,2026-08-24
2938,Шевченко Михаил Олегович,+375 (33) 472-78-68,2024-11-06
2939,Ильина Ксения Сергеевна,+375 (29) 606-92-77,2024-12-07
2940,Королёв Глеб Юрьевич,+375 (44) 649-03-24,2024-11-28
2941,Медведев Станислав Александрович,+375 (33) 234-04-81,2025-03-28
2942,Котов Егор Николаевич,+375 (33) 900-32-72,2024-10-16
2943,Андреев Никита Дмитриевич,+375 (29) 887-54-88,2025-05-02
2944,Сидоренко Антон Игоревич,+375 (29) 352-56-24,2025-12-11
2945,Степанов Юрий Андреевич,+375 (33) 596-05-40,2026-08-22
2946,Лебедева Александра Николаевна,+375 (29) 481-11-36,2025-04-21
2947,Лазарев Денис Петрович,+375 (25) 652-34-09,2025-01-23
2948,Котов Фёдор Иванович,+375 (44) 732-57-47,2025-05-08
2949,Кудрявцева Мария Николаевна,+375 (29) 288-60-13,2025-08-08
2950,Сергеева Милана Дмитриевна,+375 (33) 961-50-52,2024-11-07
2951,Ковалевская Дарья Олеговна,+375 (25) 709-76-54,2025-04-18
2952,Ковалевский Роман Алексеевич,+375 (29) 937-39-51,2024-10-27
2953,Ильина Татьяна Петровна,+375 (25) 591-71-04,2026-08-05
2954,Цветков Михаил Евгеньевич,+375 (29) 788-40-63,2024-10-10
2955,Пономарёв Глеб Игоревич,+375 (33) 975-31-17,2025-02-22
2956,Григорьев Тимофей Павлович,+375 (44) 228-62-66,2024-12-24
2957,Соболева Александра Александровна,+375 (44) 482-74-43,2026-08-17
2958,Орлов Тимофей Юрьевич,+375 (25) 121-79-76,2025-07-19
2959,Белов Александр Михайлович,+375 (44) 249-99-86,2024-12-07
2960,Петрова Алёна Юрьевна,+375 (29) 809-35-37,2024-10-21
2961,Максимова Алёна Максимовна,+375 (33) 349-17-41,2025-02-01
2962,Беляева Валерия Викторовна,+375 (33) 874-98-69,2025-10-26
2963,Медведев Павел Максимович,+375 (29) 428-73-98,2024-11-26
2964,Ершова Екатерина Максимовна,+375 (29) 290-47-87,2026-09-28
2965,Никитина Алина Сергеевна,+375 (29) 315-74-14,2025-04-09
2966,Сидоренко Евгения Максимовна,+375 (29) 232-08-82,2024-11-22
2967,Сидоренко Юлия Евгеньевна,+375 (29) 839-15-13,2025-07-25
2968,Иванова Лариса Андреевна,+375 (25) 354-46-61,2025-03-10
2969,Крылов Павел Дмитриевич,+375 (33) 320-70-62,2024-12-07
2970,Семёнова Виктория Максимовна,+375 (29) 939-67-93,2024-10-21
2971,Григорьев Кирилл Евгеньевич,+375 (33) 115-38-52,2025-06-25
2972,Медведева Ольга Евгеньевна,+375 (29) 979-12-97,2026-09-12
2973,Смирнова Милана Александровна,+375 (33) 410-56-75,2026-05-28
2974,Тарасов Александр Юрьевич,+375 (44) 418-78-91,2024-11-19
2975,Лукашевич Михаил Петрович,+375 (29) 459-76-74,2025-03-23
2976,Морозов Руслан Владимирович,+375 (29) 534-10-21,2026-08-25
2977,Воробьёва Анастасия Андреевна,+375 (25) 618-51-62,2025-08-18
2978,Попов Евгений Петрович,+375 (29) 678-91-85,2026-08-14
2979,Зайцев Никита Петрович,+375 (33) 391-10-64,2025-05-28
2980,Пономарёва Александра Сергеевна,+375 (25) 151-01-22,2026-02-03
2981,Крылов Олег Максимович,+375 (44) 197-57-97,2025-04-03
2982,Борисова Полина Олеговна,+375 (44) 399-06-84,2025-04-09
2983,Тарасова Лариса Олеговна,+375 (44) 375-79-40,2025-07-20
2984,Максимов Иван Викторович,+375 (33) 762-93-32,2025-07-08
2985,Андреев Антон Игоревич,+375 (29) 254-22-42,2026-05-07
2986,Комаров Олег Владимирович,+375 (29) 273-12-56,2026-07-09
2987,Степанов Юрий Олегович,+375 (44) 390-72-64,2024-10-02
2988,Новикова София Юрьевна,+375 (44) 774-46-77,2025-03-10
2989,Макаров Константин Алексеевич,+375 (33) 837-86-96,2025-09-16
2990,Фролов Алексей Алексеевич,+375 (29) 825-99-17,2024-11-07
2991,Королёва Виктория Владимировна,+375 (44) 160-97-61,2024-10-19
2992,Рогова Виктория Алексеевна,+375 (29) 256-14-39,2025-12-02
2993,Данилов Александр Александрович,+375 (44) 371-31-81,2026-07-15
2994,Макарова Анастасия Юрьевна,+375 (44) 380-42-25,2025-09-21
2995,Данилов Константин Максимович,+375 (33) 161-66-14,2024-12-12
2996,Сидоренко Алина Павловна,+375 (29) 378-11-16,2024-12-21
2997,Пономарёв Алексей Максимович,+375 (44) 781-51-59,2025-09-23
2998,Цветков Юрий Олегович,+375 (44) 367-31-29,2025-01-17
2999,Степанов Максим Николаевич,+375 (33) 157-38-18,2025-05-03
3000,Лукашевич Руслан Андреевич,+375 (29) 900-14-08,2025-03-15
3001,Фёдорова Вера Андреевна,+375 (25) 546-22-71,2025-07-13
3002,Титов Евгений Игоревич,+375 (29) 328-31-37,2025-10-31
3003,Михайлов Михаил Евгеньевич,+375 (29) 634-64-68,2025-05-06
3004,Лебедев Николай Петрович,+375 (33) 183-47-66,2024-11-28
3005,Герасимов Евгений Дмитриевич,+375 (33) 568-81-01,2025-08-07
3006,Козлов Фёдор Дмитриевич,+375 (33) 546-64-42,2026-07-13
3007,Воробьёв Олег Игоревич,+375 (44) 976-77-36,2025-06-09
3008,Цветков Глеб Викторович,+375 (25) 488-05-48,2024-10-13
3009,Фёдоров Антон Петрович,+375 (25) 270-50-76,2025-03-11
3010,Сидоренко Александр Александрович,+375 (29) 502-81-90,2025-01-11
3011,Смирнова Полина Петровна,+375 (33) 130-74-91,2025-08-30
3012,Кудрявцева Полина Михайловна,+375 (29) 174-04-59,2025-11-29
3013,Кузнецов Игорь Сергеевич,+375 (29) 785-90-84,2025-08-25
3014,Кузнецова Надежда Владимировна,+375 (33) 169-41-60,2025-05-22
3015,Жукова София Сергеевна,+375 (29) 360-45-70,2025-07-11
3016,Кузнецова Анна Петровна,+375 (44) 897-13-78,2026-09-01
3017,Мельник Ярослав Иванович,+375 (29) 563-95-47,2026-03-20
3018,Королёв Илья Владимирович,+375 (44) 554-71-96,2025-07-05
3019,Куликов Иван Викторович,+375 (33) 867-87-14,2025-03-27
3020,Ковалевский Владимир Андреевич,+375 (29) 446-53-05,2024-12-26
3021,Ковалёв Николай Максимович,+375 (29) 994-90-39,2025-07-27
3022,Ильина Марина Юрьевна,+375 (29) 761-31-75,2025-01-14
3023,Гусева Александра Максимовна,+375 (29) 192-97-81,2025-06-14
3024,Григорьева Мария Юрьевна,+375 (25) 178-46-34,2026-05-06
3025,Максимова Анастасия Олеговна,+375 (33) 951-99-43,2025-03-04
3026,Сергеев Даниил Николаевич,+375 (44) 572-16-27,2025-02-14
3027,Тарасова Марина Олеговна,+375 (33) 849-37-73,2025-02-03
3028,Мельник Роман Сергеевич,+375 (44) 681-64-99,2025-07-21
3029,Королёв Артём Петрович,+375 (29) 970-27-65,2025-03-03
3030,Николаева Ирина Андреевна,+375 (29) 596-03-54,2025-06-26
3031,Кузьмин Даниил Максимович,+375 (44) 777-72-85,2025-12-01
3032,Семёнов Олег Иванович,+375 (29) 134-42-34,2024-10-20
3033,Новицкий Сергей Петрович,+375 (44) 372-17-33,2025-08-25
3034,Медведев Никита Викторович,+375 (33) 400-73-46,2025-05-03
3035,Комаров Руслан Павлович,+375 (44) 904-12-76,2025-04-23
3036,Максимов Иван Игоревич,+375 (33) 642-68-18,2026-08-24
3037,Иванов Максим Сергеевич,+375 (33) 700-17-80,2024-12-18
3038,Ковалевская Виктория Павловна,+375 (29) 397-67-68,2025-04-06
3039,Захаров Ярослав Дмитриевич,+375 (33) 483-03-26,2025-01-11
3040,Борисов Виктор Петрович,+375 (44) 641-10-32,2026-09-17
3041,Иванова Светлана Викторовна,+375 (29) 896-75-26,2024-11-07
3042,Зайцева Наталья Александровна,+375 (44) 498-16-74,2025-01-07
3043,Соболева Юлия Игоревна,+375 (29) 650-51-42,2025-06-01
3044,Романова Мария Евгеньевна,+375 (29) 796-56-79,2024-10-14
3045,Новикова Евгения Андреевна,+375 (29) 899-28-14,2024-11-19
3046,Лазарева Виктория Юрьевна,+375 (44) 456-58-16,2025-02-27
3047,Поляков Владимир Александрович,+375 (33) 609-09-70,2025-09-24
3048,Беляев Юрий Михайлович,+375 (33) 897-87-27,2025-02-27
3049,Ершов Антон Владимирович,+375 (25) 534-10-76,2025-01-21
3050,Котова Ольга Дмитриевна,+375 (33) 266-59-50,2025-10-24
3051,Куликов Олег Викторович,+375 (33) 272-27-10,2025-08-09
3052,Воробьёва Анастасия Евгеньевна,+375 (44) 236-76-61,2025-03-08
3053,Островская Светлана Николаевна,+375 (44) 527-71-79,2024-12-12
3054,Лукашевич Владимир Дмитриевич,+375 (29) 933-44-29,2026-06-19
3055,Кудрявцев Владимир Олегович,+375 (44) 624-48-50,2025-04-17
3056,Титов Кирилл Иванович,+375 (33) 431-49-64,2025-09-30
3057,Крылов Антон Павлович,+375 (44) 673-13-73,2026-09-17
3058,Иванов Антон Иванович,+375 (44) 191-58-56,2024-11-18
3059,Комаров Михаил Евгеньевич,+375 (33) 415-26-06,2024-12-21
3060,Сергеев Юрий Игоревич,+375 (33) 839-55-06,2026-06-09
3061,Лазарева Алёна Николаевна,+375 (33) 451-86-29,2025-09-14
3062,Пономарёва Мария Ивановна,+375 (33) 318-15-17,2025-04-04
3063,Андреев Максим Сергеевич,+375 (44) 123-28-17,2024-10-22
3064,Сидоренко Андрей Игоревич,+375 (33) 551-90-33,2025-08-31
3065,Григорьева Анна Дмитриевна,+375 (29) 223-82-17,2026-02-25
3066,Сорокина Елена Александровна,+375 (33) 200-41-98,2024-11-29
3067,Климович Милана Евгеньевна,+375 (44) 566-21-51,2025-03-07
3068,Соколова Валерия Александровна,+375 (33) 726-43-84,2026-09-03
3069,Соболева Елена Александровна,+375 (29) 860-17-23,2025-09-22
3070,Ковалевский Илья Евгеньевич,+375 (33) 137-71-55,2026-03-22
3071,Лазарева Надежда Владимировна,+375 (29) 434-39-54,2025-02-25
3072,Романова Вера Сергеевна,+375 (25) 907-52-85,2024-11-28
3073,Андреева Милана Олеговна,+375 (29) 877-42-67,2024-11-12
3074,Беляев Сергей Павлович,+375 (29) 817-47-51,2025-04-16
3075,Сергеева Людмила Максимовна,+375 (29) 880-52-94,2026-06-05
3076,Мельник Надежда Алексеевна,+375 (25) 811-32-58,2025-12-28
3077,Баранов Владимир Петрович,+375 (33) 349-58-78,2026-07-26
3078,Козлов Тимофей Игоревич,+375 (29) 583-77-82,2025-07-16
3079,Куликова Дарья Ивановна,+375 (29) 265-08-82,2026-01-15
3080,Лебедев Виктор Михайлович,+375 (25) 487-96-83,2025-01-12
3081,Климович Лариса Андреевна,+375 (29) 401-39-85,2025-10-23
3082,Сорокин Евгений Игоревич,+375 (29) 671-42-69,2024-10-09
3083,Богданова Ирина Михайловна,+375 (33) 873-85-45,2025-11-24
3084,Герасимов Руслан Николаевич,+375 (44) 360-23-88,2025-03-14
3085,Сорокин Кирилл Игоревич,+375 (44) 563-54-16,2025-04-03
3086,Степанов Евгений Юрьевич,+375 (25) 892-60-85,2025-01-21
3087,Борисов Руслан Юрьевич,+375 (29) 907-58-33,2024-11-05
3088,Ковалевская Екатерина Алексеевна,+375 (29) 216-09-43,2025-05-10
3089,Максимов Юрий Алексеевич,+375 (44) 199-99-63,2025-12-11
3090,Михайлова Юлия Игоревна,+375 (44) 268-20-30,2024-12-30
3091,Фёдорова Ирина Петровна,+375 (25) 149-62-43,2024-10-18
3092,Рогов Роман Игоревич,+375 (29) 233-16-80,2024-11-03
3093,Григорьев Олег Викторович,+375 (33) 521-91-24,2024-12-30
3094,Петров Станислав Максимович,+375 (33) 487-49-42,2025-01-17
3095,Сорокин Игорь Юрьевич,+375 (29) 815-40-81,2025-11-28
3096,Козлов Егор Андреевич,+375 (44) 900-29-35,2026-07-08
3097,Сидоров Даниил Иванович,+375 (29) 454-70-21,2025-09-27
3098,Павлов Максим Михайлович,+375 (44) 103-99-51,2025-02-28
3099,Михайлов Михаил Евгеньевич,+375 (29) 600-74-71,2025-09-18
3100,Попова Ирина Александровна,+375 (33) 892-37-49,2026-02-21
3101,Крылов Денис Николаевич,+375 (25) 595-60-46,2025-05-09
3102,Кузьмин Иван Олегович,+375 (44) 794-67-08,2025-06-11
3103,Сергеев Илья Николаевич,+375 (44) 486-39-64,2026-09-01
3104,Сидоренко Анастасия Николаевна,+375 (29) 618-95-52,2026-07-21
3105,Крылова Мария Николаевна,+375 (44) 468-34-49,2025-03-07
3106,Николаева Полина Дмитриевна,+375 (33) 633-07-67,2024-11-13
3107,Семёнова Дарья Александровна,+375 (33) 801-47-55,2025-08-26
3108,Поляков Евгений Юрьевич,+375 (33) 309-03-07,2025-02-07
3109,Рогова Алина Викторовна,+375 (29) 875-05-68,2025-08-04
3110,Иванова Людмила Петровна,+375 (33) 468-79-26,2025-07-07
3111,Сидоренко Иван Максимович,+375 (44) 651-75-58,2025-07-25
3112,Сидоренко София Максимовна,+375 (25) 574-46-18,2025-03-16
3113,Крылова Светлана Александровна,+375 (25) 848-06-29,2025-02-13
3114,Ильин Роман Юрьевич,+375 (33) 144-08-88,2024-12-29
3115,Семёнов Виктор Игоревич,+375 (29) 969-60-50,2026-06-05
3116,Рябов Виктор Петрович,+375 (33) 866-19-30,2024-10-23
3117,Герасимов Илья Павлович,+375 (29) 721-77-56,2026-01-09
3118,Рябов Михаил Андреевич,+375 (44) 293-50-59,2025-08-04
3119,Михайлова Александра Юрьевна,+375 (29) 162-21-18,2025-09-17
3120,Зайцев Илья Михайлович,+375 (44) 441-17-05,2025-12-03
3121,Мельник Андрей Викторович,+375 (29) 226-01-70,2025-04-21
3122,Яковлев Григорий Максимович,+375 (44) 726-58-03,2025-05-03
3123,Максимова Евгения Михайловна,+375 (29) 704-48-96,2024-11-23
3124,Ковалевская Алёна Николаевна,+375 (29) 201-44-50,2025-08-16
3125,Баранова Виктория Дмитриевна,+375 (25) 865-14-80,2025-06-27
3126,Михайлов Михаил Сергеевич,+375 (29) 709-22-46,2024-10-08
3127,Мельник Ярослав Владимирович,+375 (44) 603-29-90,2025-09-20
3128,Соболева Ольга Игоревна,+375 (29) 193-00-25,2025-04-29
3129,Лазарев Денис Петрович,+375 (29) 145-17-76,2025-07-20
3130,Новицкий Юрий Алексеевич,+375 (33) 787-20-61,2025-03-20
3131,Фёдоров Иван Евгеньевич,+375 (33) 578-31-94,2024-10-10
3132,Макарова Евгения Игоревна,+375 (44) 309-20-60,2025-07-10
3133,Сидоров Сергей Павлович,+375 (44) 557-36-25,2025-05-18
3134,Ковалёв Егор Павлович,+375 (29) 471-93-21,2025-04-20
3135,Кудрявцев Павел Павлович,+375 (33) 349-28-69,2024-12-13
3136,Кудрявцев Владимир Евгеньевич,+375 (29) 330-52-18,2024-10-06
3137,Морозов Денис Игоревич,+375 (33) 209-47-84,2025-08-26
3138,Журавлёва Юлия Александровна,+375 (44) 561-61-79,2025-04-05
3139,Алексеев Григорий Павлович,+375 (29) 761-78-25,2026-02-28
3140,Кузьмина Полина Дмитриевна,+375 (33) 302-77-21,2026-07-10
3141,Сидоренко Игорь Иванович,+375 (44) 953-09-93,2024-12-10
3142,Алексеев Юрий Николаевич,+375 (33) 472-02-71,2025-07-04
3143,Мельник Егор Павлович,+375 (29) 963-91-92,2025-03-25
3144,Воробьёв Илья Алексеевич,+375 (25) 522-47-72,2026-01-04
3145,Максимова Екатерина Павловна,+375 (29) 263-31-62,2026-06-27
3146,Рогова Валерия Евгеньевна,+375 (29) 611-17-11,2024-10-04
3147,Цветков Сергей Иванович,+375 (29) 859-06-74,2025-02-22
3148,Мельник Людмила Андреевна,+375 (33) 785-02-99,2025-07-16
3149,Полякова Ксения Олеговна,+375 (29) 783-75-22,2026-08-15
3150,Королёв Евгений Игоревич,+375 (29) 506-64-82,2026-03-01
3151,Цветкова Наталья Алексеевна,+375 (29) 287-81-12,2025-06-09
3152,Островская Евгения Андреевна,+375 (29) 792-05-89,2025-09-02
3153,Королёва Вера Олеговна,+375 (33) 800-91-05,2025-02-06
3154,Ершов Андрей Алексеевич,+375 (44) 550-30-52,2025-03-04
3155,Попова София Игоревна,+375 (29) 757-59-05,2025-12-03
3156,Островский Андрей Николаевич,+375 (29) 595-37-66,2025-08-16
3157,Данилов Сергей Сергеевич,+375 (29) 516-40-59,2025-03-18
3158,Волкова Екатерина Андреевна,+375 (44) 298-65-06,2024-12-06
3159,Тарасова Александра Дмитриевна,+375 (29) 178-48-82,2024-11-09
3160,Воробьёва Татьяна Андреевна,+375 (33) 950-56-22,2026-05-11
3161,Орлов Павел Петрович,+375 (44) 355-69-48,2025-07-15
3162,Шевченко Надежда Михайловна,+375 (29) 299-68-81,2026-09-20
3163,Баранова Лариса Юрьевна,+375 (44) 334-14-83,2025-03-04
3164,Титова Наталья Александровна,+375 (33) 441-27-74,2025-04-15
3165,Жукова Анастасия Олеговна,+375 (44) 686-59-77,2025-07-07
3166,Андреев Глеб Александрович,+375 (44) 685-98-56,2025-08-24
3167,Шевченко Лариса Алексеевна,+375 (29) 708-76-66,2025-08-09
3168,Цветков Павел Иванович,+375 (33) 647-26-33,2025-05-30
3169,Михайлова Людмила Евгеньевна,+375 (33) 425-09-11,2025-01-04
3170,Пономарёв Егор Евгеньевич,+375 (44) 629-92-91,2025-09-07
3171,Куликов Николай Алексеевич,+375 (44) 545-23-50,2025-08-23
3172,Киселёва Алёна Максимовна,+375 (29) 306-63-81,2025-06-26
3173,Лукашевич Илья Дмитриевич,+375 (29) 909-58-34,2026-09-26
3174,Ильин Егор Юрьевич,+375 (44) 242-58-51,2026-03-06
3175,Козлов Илья Павлович,+375 (33) 334-24-41,2025-04-23
3176,Гусев Артём Иванович,+375 (25) 414-54-06,2026-07-20
3177,Яковлев Тимофей Павлович,+375 (25) 856-85-25,2025-09-26
3178,Новикова София Максимовна,+375 (33) 585-00-23,2026-03-16
3179,Поляков Юрий Игоревич,+375 (29) 409-52-61,2025-04-21
3180,Воробьёва Полина Сергеевна,+375 (33) 513-91-18,2025-09-02
3181,Соколов Никита Максимович,+375 (29) 448-39-37,2024-11-30
3182,Сорокин Даниил Игоревич,+375 (33) 782-71-89,2026-03-22
3183,Волков Антон Максимович,+375 (29) 672-90-45,2025-05-26
3184,Жуков Михаил Павлович,+375 (33) 699-63-55,2025-04-18
3185,Кузнецова Татьяна Олеговна,+375 (29) 643-36-51,2025-07-10
3186,Титов Евгений Максимович,+375 (29) 307-72-96,2024-10-25
3187,Смирнова Юлия Викторовна,+375 (33) 844-54-35,2025-12-20
3188,Ковалёв Владимир Михайлович,+375 (29) 437-89-98,2025-07-20
3189,Климович Даниил Иванович,+375 (44) 901-41-34,2025-01-05
3190,Григорьева Мария Сергеевна,+375 (33) 827-45-58,2025-07-27
3191,Сорокин Илья Сергеевич,+375 (44) 508-50-59,2025-04-18
3192,Волкова Наталья Александровна,+375 (29) 532-90-49,2024-12-31
3193,Комаров Дмитрий Юрьевич,+375 (33) 617-48-99,2026-02-13
3194,Ковалёв Роман Сергеевич,+375 (33) 381-31-02,2026-07-16
3195,Захаров Даниил Сергеевич,+375 (25) 147-18-60,2025-07-10
3196,Семёнов Артём Игоревич,+375 (29) 419-97-77,2025-01-18
3197,Рогова Людмила Владимировна,+375 (29) 517-48-87,2025-04-01
3198,Григорьева Ксения Михайловна,+375 (29) 895-53-49,2025-09-21
3199,Комарова Людмила Сергеевна,+375 (25) 791-28-87,2024-12-26
3200,Козлова Александра Ивановна,+375 (44) 155-59-48,2025-06-28
3201,Борисова Елена Юрьевна,+375 (29) 354-80-91,2024-10-18
3202,Кудрявцев Андрей Владимирович,+375 (29) 324-91-66,2024-11-28
3203,Медведев Руслан Петрович,+375 (29) 945-70-87,2025-07-22
3204,Борисова Алина Алексеевна,+375 (29) 159-61-12,2026-09-12
3205,Григорьев Фёдор Петрович,+375 (33) 728-53-51,2025-05-21
3206,Крылов Алексей Юрьевич,+375 (29) 612-71-07,2025-02-23
3207,Яковлева Марина Николаевна,+375 (44) 704-77-75,2026-05-05
3208,Рябов Дмитрий Михайлович,+375 (25) 792-66-61,2025-06-14
3209,Макарова Алина Евгеньевна,+375 (33) 283-55-11,2025-02-05
3210,Климович Дмитрий Петрович,+375 (25) 437-13-01,2025-06-28
3211,Гусев Алексей Андреевич,+375 (25) 307-97-49,2024-11-03
3212,Медведева Милана Владимировна,+375 (33) 934-25-30,2024-10-20
3213,Рогова София Андреевна,+375 (33) 920-25-16,2025-08-01
3214,Макаров Денис Владимирович,+375 (33) 935-18-21,2025-01-08
3215,Лебедева Елена Игоревна,+375 (29) 688-23-02,2024-10-26
3216,Воробьёв Артём Дмитриевич,+375 (44) 986-73-28,2025-08-15
3217,Фёдоров Игорь Иванович,+375 (29) 910-66-67,2025-01-04
3218,Кузнецова Татьяна Викторовна,+375 (44) 201-21-85,2024-10-23
3219,Сергеев Кирилл Дмитриевич,+375 (29) 136-68-11,2025-07-10
3220,Беляев Станислав Игоревич,+375 (29) 726-74-72,2026-01-19
3221,Соколова Ольга Викторовна,+375 (29) 863-89-55,2024-12-13
3222,Новиков Артём Сергеевич,+375 (25) 772-63-00,2025-06-01
3223,Беляева Алёна Сергеевна,+375 (33) 253-26-26,2025-07-06
3224,Андреев Дмитрий Петрович,+375 (29) 138-62-45,2025-05-09
3225,Котова Татьяна Александровна,+375 (29) 183-48-91,2025-10-04
3226,Никитина Анна Игоревна,+375 (33) 941-74-49,2025-01-09
3227,Соболев Алексей Павлович,+375 (25) 413-32-76,2025-05-18
3228,Ершов Юрий Дмитриевич,+375 (33) 873-62-61,2026-03-27
3229,Фролова Валерия Викторовна,+375 (29) 803-46-54,2024-10-21
3230,Комаров Дмитрий Михайлович,+375 (29) 975-65-54,2025-03-03
3231,Лебедев Роман Александрович,+375 (44) 319-49-41,2024-10-26
3232,Степанова Алина Михайловна,+375 (29) 471-90-86,2025-01-14
3233,Иванов Владимир Иванович,+375 (33) 931-89-68,2024-11-11
3234,Богданов Олег Николаевич,+375 (44) 421-21-84,2025-07-21
3235,Цветков Александр Николаевич,+375 (33) 434-21-12,2024-10-23
3236,Степанов Олег Максимович,+375 (33) 331-21-43,2026-03-31
3237,Ершов Кирилл Максимович,+375 (33) 432-02-86,2025-09-16
3238,Степанов Глеб Александрович,+375 (44) 928-58-16,2025-05-23
3239,Сергеев Михаил Юрьевич,+375 (33) 182-53-24,2025-05-03
3240,Белова Дарья Алексеевна,+375 (29) 968-83-10,2025-04-30
3241,Богданова Татьяна Юрьевна,+375 (29) 697-81-11,2024-12-20
3242,Михайлов Егор Юрьевич,+375 (44) 142-88-70,2025-10-24
3243,Фролов Павел Олегович,+375 (29) 705-87-51,2025-07-15
3244,Котова Виктория Олеговна,+375 (33) 874-24-64,2025-02-20
3245,Попова Полина Александровна,+375 (29) 107-63-19,2024-10-10
3246,Сорокина Виктория Юрьевна,+375 (33) 575-78-35,2025-04-23
3247,Баранов Илья Игоревич,+375 (33) 969-18-16,2024-10-27
3248,Романов Руслан Дмитриевич,+375 (33) 854-23-08,2025-11-30
3249,Воробьёв Фёдор Николаевич,+375 (29) 428-05-73,2024-10-28
3250,Иванова Наталья Максимовна,+375 (29) 747-10-21,2024-11-05
3251,Семёнов Николай Евгеньевич,+375 (44) 147-34-56,2026-07-15
3252,Павлова Милана Дмитриевна,+375 (44) 352-09-33,2024-12-12
3253,Смирнова Екатерина Андреевна,+375 (33) 183-37-94,2025-12-27
3254,Макарова Милана Сергеевна,+375 (33) 191-06-49,2024-12-04
3255,Ершов Константин Николаевич,+375 (29) 548-10-82,2024-12-10
3256,Островский Кирилл Владимирович,+375 (33) 670-83-70,2026-05-21
3257,Лазарева Дарья Олеговна,+375 (29) 408-69-86,2025-09-06
3258,Зайцева Евгения Николаевна,+375 (44) 284-48-04,2025-04-30
3259,Андреев Артём Андреевич,+375 (33) 296-63-22,2025-06-12
3260,Белова Надежда Андреевна,+375 (29) 519-82-24,2025-03-12
3261,Богданова Александра Викторовна,+375 (29) 773-07-60,2025-09-01
3262,Рогова Анастасия Алексеевна,+375 (44) 702-51-93,2025-09-14
3263,Лазарева Виктория Павловна,+375 (33) 822-29-10,2025-04-24
3264,Куликова Анастасия Андреевна,+375 (33) 586-58-07,2024-12-24
3265,Кузьмин Павел Павлович,+375 (44) 957-52-92,2025-06-08
3266,Комарова Анастасия Максимовна,+375 (29) 818-31-80,2025-06-04
3267,Титова Ирина Алексеевна,+375 (44) 429-89-14,2025-08-02
3268,Пономарёв Павел Петрович,+375 (29) 319-46-93,2025-06-19
3269,Ковалевская Людмила Андреевна,+375 (29) 842-51-95,2025-06-13
3270,Алексеев Максим Юрьевич,+375 (29) 141-88-73,2025-06-28
3271,Павлова Евгения Александровна,+375 (29) 919-28-67,2025-05-28
3272,Новицкий Иван Михайлович,+375 (29) 176-68-36,2025-06-19
3273,Комарова Наталья Дмитриевна,+375 (29) 802-84-52,2025-01-25
3274,Попов Игорь Максимович,+375 (44) 409-19-64,2025-05-30
3275,Сергеев Олег Петрович,+375 (33) 368-66-59,2026-04-21
3276,Жуков Сергей Павлович,+375 (29) 158-46-99,2026-05-21
3277,Михайлов Григорий Владимирович,+375 (33) 880-47-36,2025-02-09
3278,Тарасова Анастасия Алексеевна,+375 (29) 255-17-02,2026-01-26
3279,Тарасова Ирина Владимировна,+375 (29) 794-36-60,2026-08-27
3280,Журавлёв Евгений Павлович,+375 (44) 544-42-75,2025-06-29
3281,Новицкий Артём Игоревич,+375 (33) 149-77-60,2024-10-07
3282,Максимова Наталья Олеговна,+375 (29) 166-55-86,2025-07-17
3283,Воробьёв Михаил Игоревич,+375 (44) 810-28-41,2025-08-11
3284,Максимов Никита Максимович,+375 (44) 725-28-76,2024-12-03
3285,Комаров Олег Алексеевич,+375 (25) 181-02-45,2024-11-07
3286,Сидоренко Иван Александрович,+375 (29) 587-35-52,2025-08-28
3287,Рогов Илья Николаевич,+375 (44) 636-19-40,2026-04-05
3288,Соболева Вера Викторовна,+375 (44) 246-04-50,2025-03-27
3289,Новицкий Павел Евгеньевич,+375 (33) 118-20-95,2025-07-12
3290,Морозова Татьяна Евгеньевна,+375 (29) 125-40-32,2025-03-24
3291,Лазарева София Михайловна,+375 (29) 295-60-67,2025-01-23
3292,Смирнов Егор Юрьевич,+375 (29) 635-08-88,2026-07-26
3293,Григорьев Алексей Олегович,+375 (29) 639-97-69,2026-04-10
3294,Киселёва София Михайловна,+375 (44) 438-60-73,2024-11-11
3295,Островский Константин Петрович,+375 (44) 428-73-63,2025-07-10
3296,Алексеева Ольга Игоревна,+375 (33) 715-72-61,2025-02-15
3297,Цветкова Дарья Андреевна,+375 (33) 645-60-06,2025-06-07
3298,Белов Станислав Игоревич,+375 (29) 303-34-94,2026-01-06
3299,Попов Сергей Юрьевич,+375 (29) 468-72-06,2025-07-01
3300,Поляков Александр Павлович,+375 (33) 874-13-50,2024-11-16
3301,Богданова Людмила Дмитриевна,+375 (29) 703-57-34,2025-02-12
3302,Рябов Игорь Дмитриевич,+375 (29) 576-25-60,2025-07-14
3303,Баранова Мария Сергеевна,+375 (33) 455-73-99,2024-12-28
3304,Островский Григорий Алексеевич,+375 (44) 705-16-99,2025-07-04
3305,Макарова Алина Сергеевна,+375 (44) 606-99-89,2025-06-27
3306,Ильин Даниил Николаевич,+375 (29) 906-66-87,2025-05-28
3307,Полякова Лариса Павловна,+375 (44) 486-89-25,2026-05-11
3308,Жукова Виктория Дмитриевна,+375 (29) 900-84-81,2025-05-11
3309,Новикова Ирина Николаевна,+375 (44) 169-20-97,2025-03-07
3310,Поляков Евгений Дмитриевич,+375 (33) 946-19-40,2025-03-13
3311,Алексеев Николай Александрович,+375 (29) 728-67-56,2025-07-21
3312,Рогов Егор Иванович,+375 (44) 334-77-41,2025-07-08
3313,Пономарёва Анастасия Юрьевна,+375 (44) 260-80-74,2025-06-11
3314,Данилова Мария Владимировна,+375 (29) 121-38-10,2025-07-11
3315,Киселёв Глеб Андреевич,+375 (29) 982-68-98,2024-10-30
3316,Тарасова Дарья Сергеевна,+375 (44) 479-85-49,2025-05-14
3317,Жуков Олег Сергеевич,+375 (33) 304-67-89,2025-05-06
3318,Петрова Виктория Петровна,+375 (33) 566-46-16,2025-01-28
3319,Захаров Андрей Юрьевич,+375 (33) 961-92-11,2024-12-17
3320,Островский Дмитрий Юрьевич,+375 (29) 719-43-52,2025-01-22
3321,Рогова Екатерина Сергеевна,+375 (29) 282-70-44,2025-03-13
3322,Соболева Милана Юрьевна,+375 (33) 844-11-09,2025-10-12
3323,Алексеев Олег Олегович,+375 (29) 211-19-70,2025-11-12
3324,Журавлёва Александра Дмитриевна,+375 (44) 508-87-46,2025-07-19
3325,Петров Павел Иванович,+375 (29) 460-37-27,2025-08-03
3326,Фролов Павел Евгеньевич,+375 (29) 571-25-03,2025-05-10
3327,Павлова Анна Игоревна,+375 (44) 627-61-55,2024-11-30
3328,Рябов Дмитрий Николаевич,+375 (44) 606-14-55,2024-10-13
3329,Макарова Наталья Владимировна,+375 (44) 378-51-13,2026-06-04
3330,Цветков Максим Александрович,+375 (29) 833-73-00,2025-01-22
3331,Королёва Евгения Михайловна,+375 (29) 583-25-68,2025-07-07
3332,Ковалевский Роман Юрьевич,+375 (44) 902-44-43,2025-02-26
3333,Жукова Мария Петровна,+375 (44) 105-50-18,2025-07-25
3334,Лукашевич Ксения Александровна,+375 (33) 990-34-45,2026-07-04
3335,Морозова Александра Михайловна,+375 (33) 595-09-05,2025-07-22
3336,Ковалёва Мария Максимовна,+375 (29) 817-59-78,2025-09-03
3337,Кузьмин Владимир Иванович,+375 (44) 114-08-63,2024-10-12
3338,Сидорова Светлана Николаевна,+375 (33) 831-00-32,2024-11-08
3339,Петрова Валерия Ивановна,+375 (29) 220-07-23,2025-01-23
3340,Сидорова Александра Сергеевна,+375 (25) 690-60-43,2025-02-14
3341,Данилова Екатерина Сергеевна,+375 (29) 711-22-25,2025-07-05
3342,Кудрявцева Евгения Михайловна,+375 (44) 379-99-25,2025-03-06
3343,Цветкова Евгения Ивановна,+375 (44) 380-02-33,2026-05-09
3344,Крылов Фёдор Михайлович,+375 (33) 686-86-21,2025-03-18
3345,Сидоров Даниил Сергеевич,+375 (29) 675-51-31,2025-06-20
3346,Максимов Сергей Дмитриевич,+375 (44) 490-34-49,2026-03-06
3347,Воробьёва Анна Петровна,+375 (29) 474-04-27,2024-11-28
3348,Гусев Михаил Михайлович,+375 (29) 442-90-50,2025-06-30
3349,Островский Артём Алексеевич,+375 (29) 808-35-11,2026-03-17
3350,Белов Глеб Олегович,+375 (44) 464-28-29,2024-12-29
3351,Климович Анастасия Викторовна,+375 (33) 192-82-78,2024-11-10
3352,Степанова Дарья Игоревна,+375 (33) 646-37-70,2025-03-29
3353,Иванова Ирина Юрьевна,+375 (44) 754-97-52,2025-07-11
3354,Николаева София Павловна,+375 (29) 260-87-42,2025-09-18
3355,Смирнов Павел Николаевич,+375 (33) 289-07-59,2026-09-14
3356,Пономарёва Милана Алексеевна,+375 (44) 976-85-89,2025-05-08
3357,Баранова Ксения Петровна,+375 (33) 893-67-27,2026-04-24
3358,Морозова Виктория Дмитриевна,+375 (29) 451-30-11,2024-10-27
3359,Яковлева Дарья Александровна,+375 (25) 610-31-34,2024-10-11
3360,Андреева Анастасия Юрьевна,+375 (44) 484-22-76,2025-05-17
3361,Лебедева Мария Викторовна,+375 (44) 217-97-15,2025-01-30
3362,Сергеев Роман Дмитриевич,+375 (29) 691-77-06,2025-05-03
3363,Смирнова Лариса Андреевна,+375 (29) 759-71-45,2025-04-02
3364,Сорокин Максим Михайлович,+375 (25) 120-68-45,2025-02-15
3365,Воробьёв Евгений Петрович,+375 (44) 391-39-74,2025-05-02
3366,Николаев Юрий Игоревич,+375 (44) 463-61-03,2024-12-12
3367,Новицкий Тимофей Петрович,+375 (29) 991-14-29,2025-07-23
3368,Климович Екатерина Сергеевна,+375 (29) 137-83-39,2025-01-30
3369,Климович Павел Петрович,+375 (44) 955-30-94,2024-10-07
3370,Лебедев Дмитрий Андреевич,+375 (29) 244-44-16,2024-11-24
3371,Степанова Анастасия Викторовна,+375 (29) 451-58-91,2025-09-14
3372,Воробьёва Виктория Дмитриевна,+375 (33) 473-55-62,2025-08-20
3373,Соколов Сергей Михайлович,+375 (29) 449-07-24,2025-02-13
3374,Ильина Ксения Петровна,+375 (25) 825-14-50,2024-10-28
3375,Титов Станислав Дмитриевич,+375 (29) 500-36-34,2024-11-26
3376,Белова Дарья Николаевна,+375 (44) 937-97-88,2024-11-05
3377,Козлова Ирина Викторовна,+375 (44) 735-52-87,2025-08-07
3378,Гусев Андрей Максимович,+375 (44) 153-72-88,2025-11-10
3379,Волков Роман Павлович,+375 (33) 437-23-52,2026-04-01
3380,Сидоров Денис Евгеньевич,+375 (44) 134-43-27,2025-02-14
3381,Кудрявцев Антон Андреевич,+375 (29) 566-29-98,2024-12-21
3382,Кузнецов Глеб Евгеньевич,+375 (33) 817-36-81,2025-07-15
3383,Островская Мария Олеговна,+375 (33) 147-60-21,2026-02-22
3384,Крылов Руслан Сергеевич,+375 (44) 121-04-51,2025-04-20
3385,Ковалевская Татьяна Михайловна,+375 (29) 914-40-10,2024-10-22
3386,Лебедева Вера Николаевна,+375 (44) 846-72-53,2025-07-19
3387,Баранов Максим Иванович,+375 (29) 155-80-29,2025-06-03
3388,Николаева Ирина Сергеевна,+375 (25) 587-99-35,2025-09-22
3389,Захаров Олег Петрович,+375 (25) 312-15-89,2025-08-06
3390,Комарова Милана Юрьевна,+375 (29) 231-66-85,2024-10-07
3391,Николаева Алёна Петровна,+375 (29) 489-19-65,2024-11-25
3392,Комарова Анна Максимовна,+375 (29) 780-55-70,2025-11-21
3393,Котов Максим Юрьевич,+375 (29) 200-99-13,2026-02-02
3394,Лебедев Кирилл Михайлович,+375 (25) 451-29-89,2025-02-26
3395,Никитина София Михайловна,+375 (29) 522-33-82,2024-11-04
3396,Иванова Полина Николаевна,+375 (29) 751-81-24,2025-06-13
3397,Лукашевич Алёна Викторовна,+375 (33) 384-70-33,2025-10-05
3398,Макарова Людмила Петровна,+375 (25) 623-04-93,2025-05-18
3399,Петров Егор Евгеньевич,+375 (44) 853-80-49,2025-01-12
3400,Крылов Игорь Николаевич,+375 (33) 208-70-63,2026-09-23
3401,Островская Алёна Петровна,+375 (29) 268-97-81,2025-01-28
3402,Ковалевская Полина Алексеевна,+375 (25) 316-89-71,2025-05-31
3403,Куликов Владимир Дмитриевич,+375 (33) 101-02-42,2024-11-27
3404,Кузнецова Татьяна Юрьевна,+375 (29) 880-81-98,2025-02-10
3405,Воробьёва Татьяна Евгеньевна,+375 (44) 883-76-96,2025-06-17
3406,Сидоров Сергей Николаевич,+375 (44) 900-45-64,2024-10-15
3407,Смирнова Анастасия Максимовна,+375 (29) 669-09-16,2025-12-11
3408,Волкова Елена Петровна,+375 (44) 888-41-44,2025-04-27
3409,Романова Александра Игоревна,+375 (29) 872-44-13,2026-08-11
3410,Данилов Михаил Иванович,+375 (44) 946-14-73,2024-10-10
3411,Борисова София Александровна,+375 (29) 556-04-87,2024-12-29
3412,Семёнов Кирилл Игоревич,+375 (29) 454-43-86,2026-03-31
3413,Королёва Александра Максимовна,+375 (33) 545-19-72,2024-11-30
3414,Воробьёва Дарья Николаевна,+375 (44) 900-10-02,2025-02-21
3415,Баранов Владимир Павлович,+375 (29) 476-39-40,2025-07-08
3416,Мельник Елена Павловна,+375 (33) 596-01-95,2025-07-06
3417,Новикова Екатерина Ивановна,+375 (33) 928-51-46,2026-06-11
3418,Сидоренко Полина Алексеевна,+375 (33) 743-23-88,2025-09-08
3419,Беляев Глеб Владимирович,+375 (29) 575-19-65,2025-01-08
3420,Медведева Дарья Евгеньевна,+375 (44) 413-35-42,2024-11-24
3421,Михайлов Глеб Юрьевич,+375 (29) 191-33-74,2025-08-02
3422,Волкова Светлана Павловна,+375 (25) 499-67-67,2025-03-05
3423,Кудрявцева Виктория Сергеевна,+375 (44) 988-51-82,2025-08-16
3424,Ковалёва Юлия Юрьевна,+375 (29) 729-06-66,2025-10-07
3425,Степанова Мария Андреевна,+375 (33) 506-31-17,2024-12-16
3426,Фёдоров Денис Александрович,+375 (33) 677-81-82,2026-04-24
3427,Котова Марина Максимовна,+375 (29) 391-68-53,2024-10-19
3428,Медведев Артём Владимирович,+375 (33) 429-87-56,2025-06-09
3429,Крылова Светлана Петровна,+375 (25) 512-68-92,2024-10-19
3430,Жуков Юрий Иванович,+375 (29) 754-74-63,2024-12-18
3431,Рябова Виктория Александровна,+375 (29) 757-73-96,2025-05-30
3432,Морозов Владимир Викторович,+375 (33) 569-51-54,2025-06-03
3433,Борисова Елена Дмитриевна,+375 (29) 590-45-25,2025-08-22
3434,Мельник Роман Александрович,+375 (25) 941-59-00,2025-12-01
3435,Соколов Михаил Дмитриевич,+375 (25) 187-77-53,2025-07-18
3436,Баранов Алексей Максимович,+375 (44) 485-69-93,2025-06-25
3437,Павлова Александра Сергеевна,+375 (44) 803-04-31,2026-05-30
3438,Фролов Глеб Николаевич,+375 (29) 560-57-04,2025-08-11
3439,Климович Наталья Алексеевна,+375 (29) 679-68-46,2025-10-08
3440,Смирнова Виктория Ивановна,+375 (44) 314-40-97,2025-01-19
3441,Фролова Светлана Павловна,+375 (44) 204-11-57,2025-10-28
3442,Макаров Даниил Евгеньевич,+375 (33) 984-72-78,2025-08-02
3443,Островская Светлана Максимовна,+375 (29) 547-23-65,2025-09-22
3444,Петров Фёдор Юрьевич,+375 (29) 529-98-68,2024-10-19
3445,Павлов Павел Андреевич,+375 (25) 184-39-95,2025-04-24
3446,Соболева Анна Игоревна,+375 (29) 350-59-08,2025-02-03
3447,Жукова Алёна Михайловна,+375 (33) 497-82-24,2026-03-25
3448,Попов Владимир Павлович,+375 (33) 826-37-81,2025-07-08
3449,Волкова Мария Петровна,+375 (29) 754-84-46,2025-03-17
3450,Киселёва Милана Владимировна,+375 (29) 768-65-99,2025-10-13
3451,Сидорова Юлия Ивановна,+375 (33) 496-90-01,2025-02-19
3452,Жуков Юрий Петрович,+375 (29) 655-24-01,2024-10-28
3453,Медведева Дарья Петровна,+375 (33) 905-73-52,2025-06-11
3454,Полякова Екатерина Петровна,+375 (29) 105-57-26,2025-02-21
3455,Баранова Наталья Николаевна,+375 (33) 299-78-90,2024-10-31
3456,Григорьева Наталья Владимировна,+375 (29) 355-75-24,2024-11-08
3457,Захаров Денис Евгеньевич,+375 (44) 822-09-70,2025-09-28
3458,Ершов Алексей Николаевич,+375 (44) 768-15-56,2025-08-21
3459,Кудрявцев Антон Владимирович,+375 (44) 366-29-16,2024-10-06
3460,Григорьев Сергей Николаевич,+375 (33) 546-68-51,2024-10-28
3461,Григорьева Евгения Игоревна,+375 (33) 167-36-41,2025-06-05
3462,Григорьев Олег Иванович,+375 (33) 813-40-21,2025-03-25
3463,Сидоренко Руслан Евгеньевич,+375 (25) 595-62-72,2025-03-05
3464,Макаров Тимофей Павлович,+375 (29) 673-76-40,2025-01-30
3465,Шевченко Илья Иванович,+375 (44) 185-50-85,2024-12-31
3466,Сидорова Мария Дмитриевна,+375 (25) 235-68-96,2025-05-17
3467,Алексеев Виктор Евгеньевич,+375 (29) 278-97-74,2026-05-18
3468,Кузьмина Татьяна Игоревна,+375 (33) 716-54-28,2025-09-09
3469,Сидоренко Тимофей Михайлович,+375 (29) 711-49-94,2025-09-19
3470,Смирнова Екатерина Юрьевна,+375 (29) 749-45-77,2024-10-16
3471,Богданов Евгений Дмитриевич,+375 (29) 937-73-28,2025-07-28
3472,Баранов Павел Викторович,+375 (44) 186-87-20,2025-10-11
3473,Журавлёв Егор Юрьевич,+375 (44) 121-44-57,2026-04-05
3474,Баранова Надежда Андреевна,+375 (44) 220-84-05,2026-07-26
3475,Григорьев Андрей Сергеевич,+375 (44) 307-46-54,2025-09-20
3476,Зайцев Григорий Андреевич,+375 (25) 187-56-48,2024-10-21
3477,Климович Роман Евгеньевич,+375 (29) 769-17-39,2025-05-22
3478,Жуков Фёдор Юрьевич,+375 (33) 858-16-51,2025-07-31
3479,Смирнов Александр Андреевич,+375 (25) 646-41-36,2025-04-07
3480,Никитин Роман Андреевич,+375 (29) 404-28-99,2025-08-05
3481,Новикова Алёна Михайловна,+375 (44) 577-35-49,2024-12-16
3482,Романова София Викторовна,+375 (33) 739-61-73,2026-08-01
3483,Соболев Григорий Александрович,+375 (33) 460-96-10,2025-04-01
3484,Ковалевский Дмитрий Николаевич,+375 (29) 714-37-43,2025-05-11
3485,Попова Надежда Юрьевна,+375 (29) 757-66-80,2026-02-19
3486,Тарасова Полина Олеговна,+375 (29) 263-13-11,2025-09-11
3487,Ершова Елена Юрьевна,+375 (44) 101-47-49,2025-03-25
3488,Михайлов Денис Игоревич,+375 (33) 455-05-88,2025-05-09
3489,Соболев Ярослав Михайлович,+375 (29) 486-25-83,2025-08-14
3490,Павлов Юрий Юрьевич,+375 (29) 883-53-37,2025-08-11
3491,Волкова Лариса Игоревна,+375 (29) 370-67-60,2024-12-11
3492,Сергеева Александра Александровна,+375 (29) 830-89-84,2025-01-07
3493,Ершов Юрий Владимирович,+375 (44) 452-21-90,2025-02-21
3494,Семёнова Марина Михайловна,+375 (44) 415-37-58,2024-11-30
3495,Сидоренко Лариса Петровна,+375 (29) 195-98-45,2025-09-05
3496,Сидоренко Анастасия Михайловна,+375 (33) 407-13-58,2026-05-24
3497,Попов Ярослав Евгеньевич,+375 (33) 389-53-41,2024-12-30
3498,Белова Надежда Дмитриевна,+375 (29) 852-59-80,2025-07-19
3499,Романова Валерия Николаевна,+375 (44) 143-18-20,2025-03-19
3500,Алексеева Евгения Сергеевна,+375 (44) 236-59-33,2026-08-03
3501,Михайлов Дмитрий Владимирович,+375 (25) 395-37-19,2025-02-22
3502,Сорокина София Максимовна,+375 (29) 142-55-15,2025-07-01
3503,Островская Ирина Ивановна,+375 (44) 440-95-98,2025-01-31
3504,Комарова София Владимировна,+375 (33) 892-20-70,2024-12-27
3505,Богданова Милана Евгеньевна,+375 (33) 387-85-63,2025-09-27
3506,Поляков Евгений Алексеевич,+375 (29) 792-16-02,2025-03-07
3507,Захаров Егор Максимович,+375 (25) 274-41-15,2025-03-30
3508,Ершова Ольга Алексеевна,+375 (44) 863-19-40,2025-05-20
3509,Григорьев Илья Игоревич,+375 (44) 413-90-86,2025-09-14
3510,Цветкова Милана Сергеевна,+375 (29) 939-59-74,2025-08-31
3511,Рябов Артём Андреевич,+375 (25) 372-84-49,2024-12-31
3512,Королёва Елена Владимировна,+375 (29) 323-74-24,2024-12-02
3513,Кудрявцева Людмила Олеговна,+375 (29) 295-90-33,2025-04-30
3514,Баранов Дмитрий Сергеевич,+375 (33) 309-19-04,2026-07-28
3515,Беляев Сергей Юрьевич,+375 (33) 809-07-95,2025-10-17
3516,Кудрявцев Виктор Андреевич,+375 (29) 233-79-77,2026-05-21
3517,Королёв Станислав Владимирович,+375 (29) 853-98-79,2025-03-02
3518,Соболев Андрей Юрьевич,+375 (33) 707-20-33,2024-10-13
3519,Данилов Иван Игоревич,+375 (44) 181-31-34,2025-02-20
3520,Ковалёва Ксения Петровна,+375 (44) 805-54-91,2024-10-25
3521,Рябова Вера Александровна,+375 (29) 533-16-43,2024-10-08
3522,Кузьмин Кирилл Алексеевич,+375 (33) 551-90-76,2025-07-21
3523,Макаров Тимофей Викторович,+375 (29) 698-10-94,2025-02-01
3524,Волков Иван Алексеевич,+375 (29) 905-03-34,2025-01-07
3525,Беляева Лариса Сергеевна,+375 (25) 732-97-52,2025-11-26
3526,Медведева Татьяна Павловна,+375 (44) 128-57-12,2025-05-26
3527,Богданова Светлана Евгеньевна,+375 (29) 726-39-71,2024-11-20
3528,Попов Александр Алексеевич,+375 (44) 914-24-51,2025-04-06
3529,Беляева Надежда Алексеевна,+375 (29) 451-65-05,2025-05-12
3530,Рогов Станислав Владимирович,+375 (33) 119-75-56,2026-01-19
3531,Морозова Татьяна Олеговна,+375 (29) 572-24-33,2025-06-05
3532,Морозова Ольга Павловна,+375 (25) 112-74-27,2026-03-04
3533,Гусев Андрей Максимович,+375 (33) 436-60-98,2026-08-14
3534,Ковалёва Наталья Сергеевна,+375 (33) 109-74-94,2025-01-08
3535,Ковалевский Сергей Сергеевич,+375 (29) 847-28-76,2024-11-08
3536,Фёдорова Лариса Павловна,+375 (29) 824-66-39,2025-06-25
3537,Титов Александр Алексеевич,+375 (29) 784-86-52,2025-02-01
3538,Тарасов Виктор Сергеевич,+375 (25) 314-22-54,2025-05-18
3539,Фёдоров Даниил Сергеевич,+375 (29) 871-33-09,2026-07-10
3540,Орлова София Максимовна,+375 (33) 747-90-02,2025-04-29
3541,Михайлова Анастасия Михайловна,+375 (44) 435-58-22,2025-11-07
3542,Соболев Павел Павлович,+375 (44) 292-82-01,2025-01-01
3543,Жуков Владимир Михайлович,+375 (25) 772-88-40,2026-02-22
3544,Зайцев Сергей Дмитриевич,+375 (29) 291-79-67,2024-10-28
3545,Алексеев Александр Николаевич,+375 (25) 721-83-28,2024-12-16
3546,Михайлов Глеб Павлович,+375 (44) 490-71-46,2025-06-05
3547,Сидоренко Антон Андреевич,+375 (44) 116-52-56,2025-03-24
3548,Лебедев Константин Николаевич,+375 (29) 379-76-73,2026-03-19
3549,Гусев Роман Андреевич,+375 (29) 752-32-56,2025-09-07
3550,Орлов Егор Максимович,+375 (33) 632-71-25,2025-02-26
3551,Андреев Кирилл Алексеевич,+375 (44) 779-53-84,2025-04-24
3552,Климович Никита Юрьевич,+375 (44) 593-92-80,2025-05-10
3553,Сорокина Ирина Николаевна,+375 (29) 177-48-99,2025-08-21
3554,Ковалёва Наталья Ивановна,+375 (29) 495-18-50,2025-03-30
3555,Журавлёв Даниил Игоревич,+375 (29) 393-25-76,2025-03-03
3556,Данилов Владимир Михайлович,+375 (25) 398-35-65,2025-08-23
3557,Морозова Валерия Андреевна,+375 (29) 557-41-16,2025-02-11
3558,Баранов Владимир Игоревич,+375 (44) 346-12-01,2026-08-14
3559,Гусев Алексей Олегович,+375 (44) 167-36-72,2025-08-09
3560,Кудрявцев Алексей Владимирович,+375 (29) 533-19-57,2025-05-07
3561,Макаров Алексей Игоревич,+375 (29) 782-39-38,2025-05-11
3562,Николаева Анна Дмитриевна,+375 (29) 266-99-14,2024-11-01
3563,Рогова Мария Андреевна,+375 (29) 927-30-02,2025-09-06
3564,Петрова Вера Юрьевна,+375 (44) 678-63-04,2025-05-26
3565,Максимов Максим Михайлович,+375 (29) 396-04-49,2025-01-05
3566,Сидоренко Алёна Евгеньевна,+375 (44) 317-99-36,2025-07-01
3567,Андреев Руслан Дмитриевич,+375 (33) 526-21-62,2024-10-07
3568,Куликов Дмитрий Николаевич,+375 (44) 756-79-77,2026-09-08
3569,Лебедев Иван Алексеевич,+375 (44) 711-42-42,2024-10-20
3570,Макаров Николай Максимович,+375 (29) 768-21-29,2024-10-19
3571,Фёдоров Ярослав Викторович,+375 (25) 198-73-55,2025-08-22
3572,Лукашевич Руслан Сергеевич,+375 (29) 733-50-99,2025-04-16
3573,Лебедева Екатерина Павловна,+375 (33) 400-89-39,2025-01-02
3574,Киселёва Евгения Олеговна,+375 (33) 185-19-10,2025-09-27
3575,Куликов Дмитрий Андреевич,+375 (29) 941-21-20,2025-04-19
3576,Котова Алина Алексеевна,+375 (33) 664-51-69,2025-01-22
3577,Журавлёв Дмитрий Иванович,+375 (33) 622-19-34,2024-12-15
3578,Климович Наталья Евгеньевна,+375 (29) 684-05-55,2026-04-23
3579,Комаров Даниил Олегович,+375 (29) 130-80-69,2024-11-19
3580,Беляева Екатерина Олеговна,+375 (33) 533-86-12,2025-12-06
3581,Захаров Андрей Евгеньевич,+375 (25) 646-16-66,2025-09-14
3582,Киселёва Вера Андреевна,+375 (33) 416-71-27,2026-01-20
3583,Петров Андрей Дмитриевич,+375 (25) 187-28-97,2024-10-23
3584,Журавлёва Ирина Игоревна,+375 (29) 746-04-40,2025-09-30
3585,Соколов Даниил Владимирович,+375 (33) 436-19-58,2026-02-22
3586,Семёнова Юлия Дмитриевна,+375 (33) 890-90-57,2025-05-28
3587,Климович Максим Владимирович,+375 (29) 728-15-75,2024-10-03
3588,Рябов Евгений Алексеевич,+375 (29) 570-76-35,2025-11-07
3589,Григорьев Кирилл Михайлович,+375 (33) 820-72-42,2025-08-08
3590,Новиков Юрий Юрьевич,+375 (25) 992-35-15,2025-05-10
3591,Михайлов Владимир Юрьевич,+375 (33) 437-58-40,2024-10-23
3592,Семёнов Григорий Сергеевич,+375 (44) 897-65-15,2026-05-05
3593,Григорьева Лариса Николаевна,+375 (25) 486-26-15,2025-11-23
3594,Степанов Антон Олегович,+375 (44) 885-78-65,2025-04-14
3595,Макарова Лариса Алексеевна,+375 (29) 233-60-77,2024-12-27
3596,Поляков Владимир Викторович,+375 (29) 242-21-68,2024-12-30
3597,Жукова София Олеговна,+375 (44) 770-04-26,2024-11-30
3598,Полякова Наталья Юрьевна,+375 (25) 940-15-52,2026-05-02
3599,Лебедев Алексей Сергеевич,+375 (44) 797-10-94,2025-04-18
3600,Королёва Лариса Михайловна,+375 (33) 847-90-94,2025-01-21
3601,Богданова Валерия Алексеевна,+375 (33) 645-69-51,2025-05-01
3602,Беляева Людмила Юрьевна,+375 (29) 676-28-48,2025-01-30
3603,Котов Кирилл Дмитриевич,+375 (44) 624-18-24,2026-04-23
3604,Гусева Юлия Александровна,+375 (29) 691-73-53,2025-05-18
3605,Жукова Анна Павловна,+375 (33) 278-05-30,2025-08-25
3606,Фёдоров Илья Андреевич,+375 (44) 639-52-25,2026-09-07
3607,Котов Юрий Дмитриевич,+375 (44) 301-36-98,2026-05-30
3608,Беляева Анастасия Николаевна,+375 (44) 328-07-75,2024-11-08
3609,Павлов Григорий Юрьевич,+375 (29) 198-64-03,2026-03-08
3610,Орлова Надежда Сергеевна,+375 (33) 454-79-14,2025-06-07
3611,Зайцев Антон Андреевич,+375 (44) 334-25-04,2026-06-22
3612,Королёва Валерия Андреевна,+375 (29) 910-97-27,2025-09-19
3613,Морозова Татьяна Павловна,+375 (44) 419-79-45,2025-07-31
3614,Семёнова Людмила Дмитриевна,+375 (25) 889-76-90,2025-06-10
3615,Никитин Алексей Алексеевич,+375 (29) 601-84-96,2024-10-05
3616,Смирнова София Максимовна,+375 (33) 255-66-43,2025-07-18
3617,Кузьмин Кирилл Николаевич,+375 (25) 386-09-29,2025-03-29
3618,Ершова Ирина Юрьевна,+375 (33) 384-05-22,2025-03-15
3619,Кудрявцев Ярослав Игоревич,+375 (25) 835-97-82,2025-05-22
3620,Петров Денис Павлович,+375 (33) 510-42-90,2024-10-30
3621,Волкова Екатерина Максимовна,+375 (25) 476-41-65,2025-08-27
3622,Островская Людмила Сергеевна,+375 (29) 430-53-27,2026-06-23
3623,Данилова Вера Игоревна,+375 (29) 384-66-83,2025-11-13
3624,Макаров Артём Николаевич,+375 (29) 655-31-19,2025-06-11
3625,Сидоренко Анастасия Юрьевна,+375 (29) 920-22-38,2024-12-24
3626,Иванов Денис Петрович,+375 (33) 334-12-00,2025-04-27
3627,Смирнов Андрей Евгеньевич,+375 (44) 158-65-53,2024-10-11
3628,Шевченко Илья Игоревич,+375 (44) 576-34-36,2026-09-15
3629,Медведев Ярослав Михайлович,+375 (25) 813-19-14,2025-09-20
3630,Королёва Вера Андреевна,+375 (33) 766-00-13,2025-03-16
3631,Киселёва Алёна Викторовна,+375 (29) 771-10-78,2024-10-26
3632,Журавлёв Алексей Олегович,+375 (29) 503-57-02,2025-09-07
3633,Королёва Анна Алексеевна,+375 (33) 707-55-48,2026-05-02
3634,Кузьмин Максим Михайлович,+375 (29) 955-97-60,2024-10-23
3635,Ковалёв Игорь Игоревич,+375 (29) 612-16-98,2025-04-06
3636,Макарова Екатерина Игоревна,+375 (25) 843-30-65,2024-11-18
3637,Захарова Наталья Петровна,+375 (44) 368-38-79,2025-12-12
3638,Лазарева Екатерина Владимировна,+375 (33) 224-55-27,2025-07-14
3639,Фролова Марина Павловна,+375 (33) 684-99-67,2026-05-14
3640,Гусев Ярослав Павлович,+375 (44) 670-08-94,2026-06-10
3641,Михайлов Владимир Юрьевич,+375 (44) 547-96-80,2025-09-26
3642,Романова Анастасия Павловна,+375 (25) 316-07-78,2026-04-11
3643,Борисов Глеб Игоревич,+375 (29) 551-56-14,2025-02-04
3644,Тарасова Анна Евгеньевна,+375 (44) 211-68-82,2024-12-12
3645,Попов Сергей Павлович,+375 (33) 249-30-90,2024-12-23
3646,Орлов Станислав Сергеевич,+375 (29) 541-20-72,2025-04-10
3647,Попова Людмила Владимировна,+375 (29) 570-98-39,2025-06-13
3648,Попов Артём Евгеньевич,+375 (44) 274-24-09,2025-07-23
3649,Островский Станислав Игоревич,+375 (29) 701-15-51,2025-08-29
3650,Жукова Светлана Алексеевна,+375 (44) 993-39-93,2025-02-09
3651,Сидорова Елена Дмитриевна,+375 (44) 245-98-13,2024-10-15
3652,Макаров Николай Андреевич,+375 (44) 885-95-26,2025-09-01
3653,Михайлова Марина Павловна,+375 (33) 913-56-04,2025-01-17
3654,Котова Лариса Игоревна,+375 (33) 925-31-10,2026-06-07
3655,Кузьмина Евгения Михайловна,+375 (29) 321-43-68,2026-05-12
3656,Михайлов Даниил Алексеевич,+375 (29) 636-79-86,2025-07-15
3657,Пономарёва Виктория Максимовна,+375 (44) 991-47-09,2025-06-19
3658,Куликов Дмитрий Олегович,+375 (44) 997-77-40,2025-01-23
3659,Павлова Наталья Николаевна,+375 (29) 556-75-05,2025-06-13
3660,Белова Полина Павловна,+375 (29) 224-07-35,2024-12-02
3661,Новиков Антон Алексеевич,+375 (29) 146-69-79,2025-05-19
3662,Ершова Алёна Максимовна,+375 (44) 612-72-39,2025-08-22
3663,Островский Игорь Игоревич,+375 (44) 233-72-91,2025-08-27
3664,Журавлёва Наталья Сергеевна,+375 (33) 655-47-86,2025-05-07
3665,Ковалёв Константин Николаевич,+375 (29) 219-43-39,2025-05-05
3666,Алексеева Полина Юрьевна,+375 (33) 674-00-16,2026-06-22
3667,Кузнецов Олег Александрович,+375 (29) 295-70-18,2025-04-09
3668,Андреева Надежда Ивановна,+375 (29) 693-35-76,2025-08-02
3669,Сидоров Кирилл Николаевич,+375 (29) 830-54-41,2025-07-15
3670,Полякова Алёна Алексеевна,+375 (29) 535-16-22,2025-03-08
3671,Лукашевич Анна Николаевна,+375 (44) 749-88-45,2025-06-01
3672,Павлов Павел Викторович,+375 (44) 142-36-04,2025-01-28
3673,Медведева Дарья Алексеевна,+375 (33) 724-43-85,2024-10-29
3674,Королёва Надежда Николаевна,+375 (29) 114-34-94,2025-05-24
3675,Титов Дмитрий Иванович,+375 (25) 235-39-48,2025-03-13
3676,Рябов Александр Евгеньевич,+375 (44) 583-30-60,2024-12-01
3677,Медведев Николай Дмитриевич,+375 (44) 410-91-77,2025-07-16
3678,Беляев Тимофей Николаевич,+375 (33) 388-27-48,2025-03-28
3679,Фролова Ирина Михайловна,+375 (44) 351-44-09,2026-06-04
3680,Лазарева Анастасия Николаевна,+375 (33) 857-42-65,2025-02-14
3681,Комаров Егор Павлович,+375 (25) 756-50-44,2025-01-02
3682,Рябова Татьяна Михайловна,+375 (44) 646-40-86,2025-10-20
3683,Григорьева Дарья Алексеевна,+375 (29) 640-67-30,2025-07-24
3684,Козлова Алёна Андреевна,+375 (29) 517-00-81,2025-09-22
3685,Волкова Наталья Юрьевна,+375 (25) 637-83-63,2025-09-26
3686,Орлова Вера Владимировна,+375 (44) 311-48-85,2025-09-12
3687,Смирнова Алёна Ивановна,+375 (29) 277-51-18,2025-01-16
3688,Гусев Николай Евгеньевич,+375 (29) 280-76-01,2026-03-15
3689,Баранов Дмитрий Юрьевич,+375 (44) 843-55-97,2025-12-28
3690,Данилов Артём Петрович,+375 (44) 326-05-00,2024-11-12
3691,Зайцева Алёна Игоревна,+375 (44) 597-85-62,2025-01-07
3692,Романова Анна Николаевна,+375 (44) 992-98-30,2026-05-10
3693,Лазарев Артём Максимович,+375 (33) 359-18-46,2025-01-03
3694,Кудрявцева Александра Михайловна,+375 (29) 641-38-23,2025-07-20
3695,Лукашевич Екатерина Юрьевна,+375 (33) 142-83-01,2025-03-23
3696,Комаров Сергей Николаевич,+375 (29) 866-33-45,2025-03-23
3697,Гусев Егор Алексеевич,+375 (29) 497-10-87,2025-02-08
3698,Иванова Алёна Игоревна,+375 (44) 640-49-43,2024-12-14
3699,Гусев Тимофей Павлович,+375 (29) 629-23-63,2025-08-20
3700,Петров Михаил Александрович,+375 (29) 884-33-04,2025-01-27
3701,Котов Юрий Евгеньевич,+375 (33) 486-04-26,2025-11-09
3702,Фёдорова Людмила Викторовна,+375 (33) 957-72-76,2025-08-19
3703,Журавлёв Игорь Олегович,+375 (33) 802-97-39,2025-05-02
3704,Козлов Илья Андреевич,+375 (29) 941-91-91,2024-11-08
3705,Беляева Александра Михайловна,+375 (29) 218-19-76,2025-09-22
3706,Козлов Евгений Алексеевич,+375 (33) 962-22-68,2026-03-29
3707,Андреев Иван Сергеевич,+375 (25) 962-39-44,2026-04-13
3708,Королёва Дарья Дмитриевна,+375 (33) 880-07-01,2025-07-30
3709,Титова Полина Евгеньевна,+375 (33) 588-29-27,2025-01-17
3710,Королёва Татьяна Павловна,+375 (29) 532-22-52,2024-11-06
3711,Журавлёв Игорь Евгеньевич,+375 (33) 286-23-76,2025-04-02
3712,Смирнова Ольга Алексеевна,+375 (25) 839-55-87,2025-04-07
3713,Титов Глеб Сергеевич,+375 (25) 191-21-60,2025-04-27
3714,Борисова Светлана Алексеевна,+375 (29) 965-96-07,2025-05-17
3715,Яковлев Олег Игоревич,+375 (33) 471-59-33,2025-05-15
3716,Морозов Павел Андреевич,+375 (33) 280-11-80,2025-03-12
3717,Семёнов Максим Николаевич,+375 (25) 751-29-29,2024-11-08
3718,Ковалёв Сергей Владимирович,+375 (44) 888-98-59,2024-10-07
3719,Григорьева Лариса Сергеевна,+375 (29) 612-69-29,2024-11-18
3720,Рогова Юлия Викторовна,+375 (29) 551-05-41,2025-08-18
3721,Андреев Никита Николаевич,+375 (33) 100-11-88,2025-06-11
3722,Яковлева Ирина Александровна,+375 (44) 373-04-90,2024-12-28
3723,Комаров Виктор Алексеевич,+375 (33) 415-14-58,2025-03-15
3724,Сидоров Тимофей Владимирович,+375 (44) 730-35-89,2026-06-11
3725,Ильин Алексей Сергеевич,+375 (29) 697-91-44,2026-07-10
3726,Макарова Алёна Юрьевна,+375 (44) 659-88-23,2025-08-19
3727,Морозов Алексей Михайлович,+375 (25) 989-13-44,2025-06-01
3728,Медведева Алина Дмитриевна,+375 (44) 246-75-99,2025-04-29
3729,Михайлов Григорий Дмитриевич,+375 (33) 246-93-58,2025-05-02
3730,Воробьёв Илья Викторович,+375 (29) 356-97-07,2025-03-14
3731,Ильин Даниил Дмитриевич,+375 (33) 561-88-85,2025-06-23
3732,Островский Иван Игоревич,+375 (44) 400-67-90,2025-07-17
3733,Пономарёва Ирина Николаевна,+375 (29) 281-04-49,2024-11-11
3734,Титов Иван Викторович,+375 (44) 100-53-23,2025-05-06
3735,Николаев Алексей Александрович,+375 (29) 790-52-09,2025-06-30
3736,Петрова Лариса Максимовна,+375 (29) 327-25-30,2025-02-10
3737,Киселёв Даниил Владимирович,+375 (29) 766-68-26,2025-03-17
3738,Сорокин Кирилл Евгеньевич,+375 (44) 536-80-77,2025-03-04
3739,Алексеев Алексей Олегович,+375 (44) 864-60-41,2025-07-12
3740,Медведев Станислав Сергеевич,+375 (29) 231-39-84,2025-01-10
3741,Никитина Надежда Максимовна,+375 (44) 534-58-25,2025-07-22
3742,Кудрявцев Дмитрий Сергеевич,+375 (29) 324-86-99,2024-11-29
3743,Ковалевская Евгения Владимировна,+375 (29) 928-20-18,2025-12-12
3744,Ковалевский Денис Олегович,+375 (44) 796-66-81,2025-05-04
3745,Куликова Юлия Юрьевна,+375 (29) 554-85-53,2025-05-12
3746,Мельник Олег Викторович,+375 (44) 106-58-33,2025-04-29
3747,Григорьева Ирина Олеговна,+375 (29) 481-09-48,2026-09-10
3748,Морозова Мария Игоревна,+375 (44) 514-42-11,2025-11-08
3749,Козлова Алёна Петровна,+375 (29) 627-67-96,2025-12-26
3750,Попов Сергей Дмитриевич,+375 (44) 441-70-18,2025-03-08
3751,Богданова Марина Юрьевна,+375 (44) 487-45-70,2025-06-25
3752,Комарова Дарья Павловна,+375 (33) 516-43-57,2025-08-22
3753,Кузнецова Милана Николаевна,+375 (33) 634-86-24,2024-11-28
3754,Королёва Александра Александровна,+375 (29) 537-42-94,2025-06-08
3755,Гусев Илья Алексеевич,+375 (29) 420-54-13,2025-02-25
3756,Королёва Татьяна Николаевна,+375 (33) 384-44-62,2025-07-30
3757,Степанова Наталья Игоревна,+375 (29) 354-08-62,2026-08-20
3758,Беляева Алёна Дмитриевна,+375 (33) 626-98-42,2025-05-13
3759,Герасимова Людмила Петровна,+375 (25) 536-27-18,2025-08-13
3760,Новицкая Милана Игоревна,+375 (44) 653-65-25,2024-10-10
3761,Комарова Лариса Ивановна,+375 (29) 756-42-79,2026-07-04
3762,Комарова Дарья Дмитриевна,+375 (33) 784-40-39,2026-08-07
3763,Яковлева Милана Юрьевна,+375 (44) 800-73-27,2025-03-08
3764,Фролова Елена Евгеньевна,+375 (29) 973-81-78,2026-02-15
3765,Сорокин Юрий Владимирович,+375 (25) 138-80-08,2026-07-08
3766,Николаева Полина Николаевна,+375 (44) 704-47-67,2025-10-23
3767,Попов Фёдор Александрович,+375 (33) 730-37-35,2026-06-21
3768,Лебедев Егор Михайлович,+375 (44) 419-31-42,2025-01-29
3769,Гусев Николай Максимович,+375 (29) 994-56-64,2025-10-09
3770,Воробьёва Анастасия Владимировна,+375 (29) 586-53-61,2025-04-25
3771,Петров Павел Павлович,+375 (29) 930-95-88,2025-05-20
3772,Богданов Павел Александрович,+375 (44) 752-67-92,2025-04-20
3773,Беляев Роман Юрьевич,+375 (44) 394-42-13,2025-09-04
3774,Ковалевский Александр Петрович,+375 (44) 743-89-35,2026-03-19
3775,Жукова Ирина Андреевна,+375 (25) 357-73-74,2025-05-01
3776,Макаров Даниил Игоревич,+375 (44) 583-66-86,2026-06-07
3777,Новицкий Фёдор Викторович,+375 (44) 972-64-25,2025-09-29
3778,Крылова Лариса Михайловна,+375 (44) 787-32-56,2025-03-17
3779,Михайлова Марина Дмитриевна,+375 (33) 947-33-34,2025-01-30
3780,Куликов Иван Игоревич,+375 (33) 575-06-03,2026-01-18
3781,Ковалевская Анастасия Юрьевна,+375 (44) 545-43-29,2025-01-11
3782,Кудрявцев Михаил Михайлович,+375 (29) 591-49-16,2024-12-28
3783,Андреева Марина Петровна,+375 (29) 183-86-64,2024-11-16
3784,Лукашевич Евгений Михайлович,+375 (29) 543-76-76,2024-10-07
3785,Лазарева Марина Игоревна,+375 (33) 931-21-72,2024-11-12
3786,Кузьмин Евгений Александрович,+375 (29) 232-42-69,2025-11-08
3787,Сидоренко Никита Алексеевич,+375 (44) 913-83-00,2025-04-26
3788,Поляков Дмитрий Максимович,+375 (44) 588-02-49,2025-11-29
3789,Макарова Наталья Игоревна,+375 (29) 335-85-07,2025-02-18
3790,Титова София Игоревна,+375 (29) 357-06-78,2026-01-23
3791,Смирнова Ксения Петровна,+375 (29) 957-65-42,2025-01-26
3792,Лебедева Александра Алексеевна,+375 (33) 128-81-47,2025-02-28
3793,Новицкий Николай Николаевич,+375 (29) 471-65-01,2025-03-25
3794,Смирнова Татьяна Олеговна,+375 (33) 818-53-65,2024-11-30
3795,Крылова Надежда Михайловна,+375 (29) 102-30-56,2025-01-23
3796,Семёнов Дмитрий Владимирович,+375 (33) 854-79-14,2024-10-25
3797,Сорокина Людмила Евгеньевна,+375 (29) 948-84-55,2024-10-09
3798,Рябова Евгения Александровна,+375 (44) 611-15-55,2024-12-03
3799,Рогов Роман Викторович,+375 (33) 862-54-34,2025-06-14
3800,Андреева Надежда Павловна,+375 (29) 939-50-67,2026-06-05
3801,Ковалевский Михаил Михайлович,+375 (33) 723-26-17,2025-06-13
3802,Кудрявцев Евгений Петрович,+375 (33) 872-96-90,2025-01-13
3803,Сидоренко Анна Николаевна,+375 (25) 319-46-44,2024-11-19
3804,Лебедев Михаил Владимирович,+375 (33) 812-94-81,2024-11-13
3805,Беляев Дмитрий Павлович,+375 (33) 999-96-46,2025-01-24
3806,Герасимова Светлана Николаевна,+375 (29) 465-47-59,2025-01-25
3807,Никитин Андрей Викторович,+375 (33) 103-71-28,2024-10-18
3808,Фролова Полина Александровна,+375 (44) 353-33-72,2025-01-23
3809,Макаров Роман Олегович,+375 (44) 168-32-49,2025-08-10
3810,Герасимов Кирилл Олегович,+375 (29) 943-63-11,2025-04-01
3811,Герасимова Юлия Алексеевна,+375 (33) 411-81-54,2026-01-30
3812,Котова Надежда Ивановна,+375 (33) 458-77-52,2025-02-10
3813,Козлова Алёна Сергеевна,+375 (29) 952-63-91,2025-02-10
3814,Петров Евгений Павлович,+375 (44) 542-28-38,2025-06-15
3815,Захаров Сергей Павлович,+375 (29) 854-05-34,2025-06-13
3816,Петрова Наталья Евгеньевна,+375 (29) 685-39-79,2026-09-06
3817,Семёнова Анна Андреевна,+375 (29) 918-01-51,2025-06-15
3818,Степанов Владимир Дмитриевич,+375 (29) 916-55-94,2024-12-02
3819,Беляева Светлана Николаевна,+375 (29) 117-37-79,2025-02-03
3820,Беляева Алёна Петровна,+375 (29) 942-15-30,2024-10-21
3821,Киселёва Татьяна Михайловна,+375 (29) 257-21-16,2026-05-08
3822,Ершов Кирилл Александрович,+375 (44) 508-68-61,2024-11-22
3823,Андреева Ольга Михайловна,+375 (33) 813-35-84,2025-07-27
3824,Фролов Глеб Викторович,+375 (25) 664-08-61,2026-07-21
3825,Волков Дмитрий Михайлович,+375 (29) 511-65-25,2025-09-10
3826,Лебедева Надежда Ивановна,+375 (25) 540-83-15,2025-08-27
3827,Волков Владимир Максимович,+375 (29) 912-68-06,2025-07-08
3828,Ковалевская Алина Михайловна,+375 (25) 953-39-05,2025-06-20
3829,Беляева Марина Михайловна,+375 (25) 967-57-25,2026-08-06
3830,Сидоров Александр Александрович,+375 (33) 160-32-61,2024-11-27
3831,Комарова Татьяна Юрьевна,+375 (44) 677-58-53,2025-03-22
3832,Ершов Николай Максимович,+375 (33) 382-33-13,2026-06-19
3833,Андреев Олег Игоревич,+375 (29) 782-91-80,2025-02-04
3834,Ковалёва Ксения Евгеньевна,+375 (44) 216-65-21,2024-10-13
3835,Соколов Михаил Алексеевич,+375 (25) 919-10-06,2025-08-08
3836,Медведев Юрий Михайлович,+375 (29) 162-77-17,2026-01-16
3837,Богданова Александра Евгеньевна,+375 (33) 229-39-69,2025-06-10
3838,Лебедев Григорий Сергеевич,+375 (33) 177-68-01,2025-03-13
3839,Соболев Олег Николаевич,+375 (44) 632-62-22,2025-03-22
3840,Климович Анастасия Ивановна,+375 (44) 473-16-64,2024-12-16
3841,Королёва Вера Александровна,+375 (29) 269-12-69,2025-03-10
3842,Климович Александра Максимовна,+375 (44) 371-11-27,2025-07-07
3843,Ильина Алёна Петровна,+375 (29) 315-41-99,2025-03-08
3844,Яковлева Елена Ивановна,+375 (33) 356-57-69,2026-08-24
3845,Макаров Никита Николаевич,+375 (29) 160-86-06,2026-07-26
3846,Степанов Антон Андреевич,+375 (44) 532-78-84,2025-02-26
3847,Мельник Ярослав Евгеньевич,+375 (29) 142-36-85,2025-07-28
3848,Пономарёва Наталья Павловна,+375 (29) 492-26-57,2026-01-03
3849,Петрова Мария Ивановна,+375 (44) 394-18-70,2026-05-29
3850,Захарова Алёна Сергеевна,+375 (44) 419-55-32,2025-09-21
3851,Ковалёва Лариса Евгеньевна,+375 (29) 375-65-57,2025-04-18
3852,Сергеев Фёдор Павлович,+375 (44) 804-00-73,2024-11-12
3853,Романова Вера Михайловна,+375 (44) 574-99-41,2025-11-07
3854,Борисов Кирилл Юрьевич,+375 (29) 760-94-15,2025-02-07
3855,Сидоренко Людмила Максимовна,+375 (33) 108-35-65,2024-11-22
3856,Максимов Николай Иванович,+375 (29) 447-35-71,2024-12-26
3857,Островский Фёдор Евгеньевич,+375 (33) 433-32-28,2026-08-25
3858,Королёв Артём Николаевич,+375 (33) 727-77-97,2025-11-15
3859,Тарасов Андрей Юрьевич,+375 (25) 528-45-50,2026-09-23
3860,Семёнов Андрей Андреевич,+375 (33) 737-88-25,2025-04-30
3861,Максимов Григорий Сергеевич,+375 (33) 856-88-61,2026-05-17
3862,Лукашевич Евгения Юрьевна,+375 (33) 625-24-59,2026-05-14
3863,Сидорова София Павловна,+375 (29) 321-31-08,2025-05-04
3864,Богданов Кирилл Максимович,+375 (44) 568-94-13,2024-10-23
3865,Медведева Наталья Петровна,+375 (29) 619-91-68,2025-11-30
3866,Волков Константин Владимирович,+375 (29) 354-99-13,2025-07-30
3867,Смирнова Татьяна Михайловна,+375 (29) 788-35-99,2025-01-12
3868,Рогов Денис Павлович,+375 (44) 319-93-08,2024-12-26
3869,Соколова Милана Павловна,+375 (33) 814-67-41,2025-01-26
3870,Богданов Григорий Максимович,+375 (25) 358-23-90,2025-06-10
3871,Рогова Вера Евгеньевна,+375 (33) 449-98-68,2025-09-27
3872,Лебедева Юлия Юрьевна,+375 (44) 228-22-56,2025-06-05
3873,Фролов Александр Николаевич,+375 (44) 790-98-00,2026-04-13
3874,Романова Виктория Павловна,+375 (29) 550-02-57,2025-05-03
3875,Сорокина Екатерина Михайловна,+375 (44) 421-72-94,2024-10-29
3876,Николаев Артём Петрович,+375 (33) 212-06-63,2026-09-08
3877,Петров Роман Игоревич,+375 (44) 373-11-47,2024-12-22
3878,Кузнецова Евгения Максимовна,+375 (33) 821-29-67,2025-09-22
3879,Семёнов Игорь Павлович,+375 (29) 271-41-05,2026-05-26
3880,Алексеева Дарья Игоревна,+375 (44) 399-81-00,2025-04-25
3881,Островская Светлана Владимировна,+375 (44) 774-45-80,2025-02-16
3882,Кузнецов Егор Олегович,+375 (29) 829-53-57,2025-01-25
3883,Титова Ольга Евгеньевна,+375 (25) 669-09-16,2026-03-28
3884,Титова Марина Алексеевна,+375 (29) 306-14-49,2025-08-21
3885,Семёнова Татьяна Евгеньевна,+375 (44) 964-51-59,2025-06-03
3886,Киселёв Максим Александрович,+375 (33) 465-59-72,2025-12-16
3887,Семёнов Ярослав Петрович,+375 (33) 150-09-20,2024-10-05
3888,Новикова Милана Юрьевна,+375 (29) 879-46-86,2024-10-22
3889,Яковлев Алексей Владимирович,+375 (29) 178-84-69,2025-02-26
3890,Климович Владимир Сергеевич,+375 (44) 669-11-83,2025-08-28
3891,Гусева Ольга Олеговна,+375 (25) 585-73-97,2024-10-12
3892,Пономарёв Алексей Юрьевич,+375 (44) 459-93-30,2025-08-06
3893,Медведева Валерия Андреевна,+375 (29) 449-02-95,2025-06-25
3894,Крылова Ольга Алексеевна,+375 (29) 386-98-78,2024-10-10
3895,Николаева Евгения Сергеевна,+375 (29) 502-58-59,2025-03-31
3896,Лукашевич Валерия Владимировна,+375 (29) 253-15-50,2025-07-20
3897,Журавлёв Виктор Михайлович,+375 (29) 914-27-40,2025-03-31
3898,Ковалевский Денис Сергеевич,+375 (29) 873-01-85,2025-09-02
3899,Островский Сергей Дмитриевич,+375 (44) 684-82-16,2025-06-07
3900,Полякова Ирина Алексеевна,+375 (33) 873-40-81,2024-10-18
3901,Алексеева Татьяна Павловна,+375 (44) 215-03-99,2025-06-14
3902,Комарова Надежда Ивановна,+375 (29) 386-74-68,2024-11-09
3903,Захарова Виктория Александровна,+375 (44) 315-49-74,2025-12-05
3904,Николаев Владимир Дмитриевич,+375 (33) 645-77-15,2025-02-03
3905,Цветков Юрий Максимович,+375 (44) 748-77-23,2026-02-10
3906,Яковлев Тимофей Петрович,+375 (33) 754-53-20,2025-03-13
3907,Попов Артём Викторович,+375 (29) 533-91-05,2025-09-18
3908,Беляева Дарья Игоревна,+375 (25) 888-47-71,2024-10-30
3909,Захарова Наталья Викторовна,+375 (33) 169-86-61,2025-04-10
3910,Ковалёва Юлия Владимировна,+375 (33) 791-38-05,2025-02-03
3911,Кудрявцев Тимофей Владимирович,+375 (29) 540-30-47,2026-08-27
3912,Белова Виктория Игоревна,+375 (44) 920-86-07,2025-02-02
3913,Попова Светлана Николаевна,+375 (33) 434-40-87,2025-05-24
3914,Баранов Олег Алексеевич,+375 (33) 713-87-59,2024-11-27
3915,Кудрявцева Ирина Алексеевна,+375 (29) 506-00-46,2025-07-11
3916,Жуков Евгений Олегович,+375 (29) 694-39-70,2026-04-14
3917,Козлова Ольга Владимировна,+375 (29) 890-78-96,2025-03-04
3918,Куликов Сергей Михайлович,+375 (29) 240-38-13,2025-11-18
3919,Максимова Светлана Алексеевна,+375 (25) 872-44-58,2025-09-22
3920,Беляев Игорь Михайлович,+375 (29) 171-73-14,2026-04-06
3921,Комаров Григорий Сергеевич,+375 (44) 656-57-68,2026-04-25
3922,Соколова София Ивановна,+375 (44) 876-78-24,2026-09-10
3923,Захаров Даниил Максимович,+375 (25) 740-11-72,2025-01-22
3924,Максимов Павел Дмитриевич,+375 (44) 726-32-56,2025-03-24
3925,Куликов Илья Владимирович,+375 (33) 205-26-65,2024-12-28
3926,Титов Максим Алексеевич,+375 (33) 371-84-79,2025-05-22
3927,Поляков Виктор Игоревич,+375 (44) 690-16-16,2025-06-11
3928,Кузьмина Вера Юрьевна,+375 (44) 685-23-67,2025-04-20
3929,Ильина Мария Алексеевна,+375 (33) 264-34-51,2025-07-09
3930,Цветкова Виктория Ивановна,+375 (29) 759-79-12,2026-08-20
3931,Тарасов Николай Петрович,+375 (29) 279-08-31,2024-12-09
3932,Максимов Ярослав Игоревич,+375 (29) 605-07-25,2026-08-30
3933,Беляев Андрей Олегович,+375 (25) 721-81-35,2024-12-15
3934,Степанова Светлана Евгеньевна,+375 (29) 315-54-08,2025-09-21
3935,Михайлов Владимир Михайлович,+375 (44) 308-96-40,2026-03-06
3936,Пономарёв Артём Юрьевич,+375 (33) 274-36-51,2026-05-10
3937,Кузьмина Полина Михайловна,+375 (29) 994-99-26,2025-05-12
3938,Фёдоров Виктор Павлович,+375 (44) 249-34-73,2026-01-10
3939,Полякова Мария Николаевна,+375 (29) 762-69-96,2025-03-28
3940,Климович Антон Алексеевич,+375 (29) 616-99-43,2026-03-14
3941,Сидорова Алина Андреевна,+375 (33) 904-82-90,2025-04-17
3942,Романов Виктор Михайлович,+375 (29) 479-10-73,2025-04-20
3943,Соболева Лариса Дмитриевна,+375 (44) 358-24-70,2025-09-09
3944,Соболева Виктория Игоревна,+375 (25) 597-12-79,2025-06-20
3945,Богданов Глеб Игоревич,+375 (44) 759-94-80,2024-12-10
3946,Козлов Сергей Павлович,+375 (29) 614-00-72,2024-12-09
3947,Степанова Анна Юрьевна,+375 (44) 217-08-66,2025-08-23
3948,Пономарёва Алина Юрьевна,+375 (44) 594-13-97,2026-02-01
3949,Тарасов Антон Алексеевич,+375 (33) 156-32-65,2024-12-01
3950,Андреев Тимофей Олегович,+375 (44) 101-82-47,2025-07-29
3951,Сорокина Ирина Олеговна,+375 (44) 331-74-95,2025-03-05
3952,Кудрявцева Юлия Петровна,+375 (44) 189-46-23,2024-12-03
3953,Куликова Ольга Ивановна,+375 (33) 941-40-07,2024-12-17
3954,Ершов Даниил Игоревич,+375 (44) 630-92-53,2025-03-14
3955,Котов Руслан Иванович,+375 (29) 254-26-38,2025-05-16
3956,Фролов Игорь Евгеньевич,+375 (29) 111-84-39,2024-12-22
3957,Иванова Людмила Владимировна,+375 (25) 965-89-84,2025-01-20
3958,Макаров Кирилл Михайлович,+375 (44) 290-28-08,2024-11-29
3959,Иванова Наталья Александровна,+375 (44) 323-80-93,2026-01-30
3960,Сидоренко Виктор Олегович,+375 (29) 831-88-92,2025-11-13
3961,Григорьева Алёна Петровна,+375 (29) 861-49-23,2024-12-24
3962,Богданова Надежда Викторовна,+375 (33) 990-10-90,2025-09-07
3963,Крылова Татьяна Викторовна,+375 (29) 709-90-35,2025-06-15
3964,Романова Людмила Игоревна,+375 (44) 124-12-79,2024-12-13
3965,Смирнова Анастасия Петровна,+375 (25) 634-82-49,2025-08-19
3966,Морозов Антон Алексеевич,+375 (29) 572-04-32,2026-08-24
3967,Журавлёв Кирилл Иванович,+375 (44) 645-52-84,2025-05-29
3968,Тарасов Тимофей Викторович,+375 (44) 120-14-95,2025-07-17
3969,Яковлев Михаил Петрович,+375 (29) 306-60-70,2025-03-17
3970,Мельник Дарья Петровна,+375 (29) 271-81-78,2024-10-25
3971,Тарасов Михаил Алексеевич,+375 (29) 900-55-02,2024-11-07
3972,Иванова Анна Андреевна,+375 (44) 450-60-43,2025-05-06
3973,Соколова Ирина Андреевна,+375 (33) 191-21-07,2026-04-13
3974,Лукашевич Юлия Павловна,+375 (29) 701-18-11,2024-11-11
3975,Королёва Марина Сергеевна,+375 (29) 723-07-73,2024-11-07
3976,Орлов Антон Евгеньевич,+375 (33) 567-53-32,2025-02-22
3977,Попова Валерия Андреевна,+375 (29) 500-15-94,2025-02-13
3978,Никитина Алёна Николаевна,+375 (29) 826-90-22,2026-07-30
3979,Сидоров Егор Сергеевич,+375 (29) 155-31-42,2026-04-25
3980,Соколова Вера Сергеевна,+375 (44) 324-73-06,2026-02-05
3981,Борисов Ярослав Иванович,+375 (29) 958-85-23,2025-08-09
3982,Григорьева Дарья Павловна,+375 (33) 106-95-30,2024-11-01
3983,Захаров Алексей Юрьевич,+375 (29) 379-37-71,2025-09-12
3984,Лукашевич Иван Петрович,+375 (44) 241-07-16,2025-03-11
3985,Беляева Надежда Игоревна,+375 (33) 973-18-93,2025-05-21
3986,Сергеев Николай Владимирович,+375 (29) 209-70-35,2025-09-28
3987,Комарова Юлия Евгеньевна,+375 (29) 454-16-37,2024-10-30
3988,Андреева Евгения Евгеньевна,+375 (44) 991-03-59,2026-07-21
3989,Морозов Кирилл Юрьевич,+375 (29) 261-13-46,2024-11-22
3990,Фролов Константин Олегович,+375 (33) 968-89-40,2025-10-15
3991,Никитина Александра Петровна,+375 (29) 587-32-36,2024-12-15
3992,Соболева Александра Павловна,+375 (44) 949-85-72,2025-08-02
3993,Морозова Ольга Игоревна,+375 (33) 919-12-84,2024-11-13
3994,Козлов Евгений Павлович,+375 (25) 640-62-69,2025-02-24
3995,Жуков Николай Михайлович,+375 (29) 180-00-29,2025-05-07
3996,Лазарева Татьяна Олеговна,+375 (33) 412-41-29,2025-01-25
3997,Сидоров Григорий Дмитриевич,+375 (25) 278-20-23,2025-05-29
3998,Лазарева Наталья Викторовна,+375 (29) 175-77-46,2025-11-13
3999,Котов Глеб Викторович,+375 (33) 933-85-90,2025-06-17
4000,Цветков Павел Владимирович,+375 (44) 252-31-92,2025-03-07
4001,Беляев Владимир Юрьевич,+375 (29) 929-61-76,2025-02-23
4002,Комарова Дарья Юрьевна,+375 (44) 861-58-67,2026-05-25
4003,Цветкова Ирина Андреевна,+375 (33) 591-06-95,2025-07-03
4004,Ильина Ксения Максимовна,+375 (29) 860-48-14,2024-10-20
4005,Поляков Алексей Сергеевич,+375 (33) 261-64-07,2025-03-27
4006,Островский Сергей Олегович,+375 (29) 644-61-96,2024-11-21
4007,Гусева Александра Михайловна,+375 (29) 670-27-32,2025-06-02
4008,Захарова София Михайловна,+375 (33) 581-67-90,2025-06-17
4009,Алексеева Валерия Дмитриевна,+375 (44) 694-06-31,2026-04-28
4010,Степанов Олег Сергеевич,+375 (29) 291-63-58,2025-03-21
4011,Попов Олег Алексеевич,+375 (25) 260-83-03,2024-12-20
4012,Рогова Ирина Петровна,+375 (25) 202-31-96,2025-04-01
4013,Сорокин Кирилл Петрович,+375 (44) 269-29-08,2025-06-15
4014,Воробьёва Алёна Владимировна,+375 (29) 666-39-00,2024-10-15
4015,Захаров Тимофей Игоревич,+375 (44) 218-33-06,2025-03-06
4016,Ильина Анастасия Сергеевна,+375 (44) 919-05-54,2025-05-10
4017,Николаева Мария Игоревна,+375 (44) 932-43-52,2025-09-27
4018,Цветков Александр Дмитриевич,+375 (29) 543-83-91,2025-03-09
4019,Ковалёв Павел Алексеевич,+375 (25) 686-00-13,2026-06-06
4020,Соболева Евгения Ивановна,+375 (33) 113-99-98,2024-10-27
4021,Сидоров Игорь Владимирович,+375 (29) 947-66-45,2025-07-08
4022,Островский Александр Петрович,+375 (44) 798-51-91,2026-02-25
4023,Степанова Валерия Петровна,+375 (33) 382-41-45,2025-12-19
4024,Лазарев Иван Дмитриевич,+375 (29) 167-26-46,2025-03-14
4025,Григорьев Олег Викторович,+375 (29) 214-37-36,2026-08-06
4026,Комарова Марина Владимировна,+375 (29) 981-07-87,2025-08-23
4027,Ершов Григорий Евгеньевич,+375 (25) 553-72-08,2025-04-10
4028,Ильин Максим Николаевич,+375 (44) 201-44-09,2026-03-07
4029,Ершова Вера Андреевна,+375 (33) 949-81-07,2026-02-27
4030,Соколов Константин Юрьевич,+375 (33) 848-55-30,2025-05-20
4031,Морозова Лариса Николаевна,+375 (44) 578-21-04,2025-01-05
4032,Ковалевский Глеб Андреевич,+375 (29) 757-73-04,2024-10-12
4033,Рябов Виктор Дмитриевич,+375 (25) 858-44-09,2025-04-04
4034,Новикова Лариса Николаевна,+375 (29) 679-28-14,2026-07-08
4035,Богданов Максим Игоревич,+375 (29) 965-48-59,2025-05-22
4036,Сергеева Юлия Игоревна,+375 (44) 579-74-59,2025-08-12
4037,Иванов Илья Александрович,+375 (44) 677-29-82,2025-09-11
4038,Ильин Иван Евгеньевич,+375 (44) 371-84-32,2024-11-30
4039,Орлова Ирина Михайловна,+375 (29) 352-72-75,2025-09-17
4040,Новиков Станислав Олегович,+375 (44) 399-37-69,2025-10-08
4041,Белова Дарья Ивановна,+375 (29) 707-41-10,2025-07-02
4042,Белов Евгений Максимович,+375 (29) 418-05-57,2025-01-20
4043,Кузнецов Евгений Викторович,+375 (29) 956-22-90,2024-10-18
4044,Пономарёв Михаил Павлович,+375 (29) 231-41-70,2024-12-31
4045,Беляева Милана Николаевна,+375 (33) 655-79-17,2025-01-07
4046,Сидоров Игорь Олегович,+375 (29) 910-00-39,2025-06-26
4047,Петров Григорий Николаевич,+375 (44) 248-92-69,2025-02-24
4048,Островский Николай Юрьевич,+375 (29) 701-34-20,2025-02-08
4049,Козлов Даниил Петрович,+375 (29) 100-83-05,2026-03-06
4050,Лукашевич Тимофей Павлович,+375 (44) 274-76-51,2025-09-17
4051,Волкова Марина Дмитриевна,+375 (44) 166-66-08,2024-11-01
4052,Соколова Елена Алексеевна,+375 (29) 373-96-84,2025-07-21
4053,Сергеев Глеб Александрович,+375 (29) 477-49-70,2024-10-10
4054,Сидоренко Наталья Павловна,+375 (29) 666-88-87,2026-04-12
4055,Попов Михаил Сергеевич,+375 (33) 157-18-73,2025-09-24
4056,Орлов Тимофей Николаевич,+375 (44) 651-63-61,2025-01-04
4057,Цветков Олег Олегович,+375 (29) 164-48-37,2025-02-11
4058,Кузнецов Руслан Алексеевич,+375 (33) 513-73-52,2026-08-29
4059,Зайцев Антон Максимович,+375 (44) 775-42-42,2024-12-08
4060,Комаров Александр Михайлович,+375 (33) 521-84-53,2025-08-21
4061,Журавлёв Никита Андреевич,+375 (29) 371-53-92,2025-07-02
4062,Журавлёва Александра Олеговна,+375 (33) 725-01-79,2024-10-19
4063,Соболева Светлана Дмитриевна,+375 (44) 996-82-72,2025-11-30
4064,Лазарева София Викторовна,+375 (44) 690-65-49,2025-08-21
4065,Петров Максим Николаевич,+375 (44) 366-51-07,2025-08-09
4066,Фёдорова Надежда Ивановна,+375 (29) 376-91-49,2025-06-29
4067,Ковалевский Егор Максимович,+375 (25) 299-48-17,2026-03-24
4068,Соболев Юрий Максимович,+375 (25) 741-73-59,2025-07-26
4069,Фёдорова Александра Михайловна,+375 (33) 423-83-18,2025-03-06
4070,Никитин Даниил Иванович,+375 (29) 966-01-90,2026-01-28
4071,Рябова Милана Павловна,+375 (33) 771-41-83,2025-06-18
4072,Поляков Руслан Петрович,+375 (29) 547-06-17,2026-06-27
4073,Котова Вера Игоревна,+375 (29) 415-88-96,2025-10-27
4074,Сорокина Ольга Андреевна,+375 (29) 238-12-49,2024-10-10
4075,Кузнецова Ирина Владимировна,+375 (25) 301-34-24,2024-11-26
4076,Журавлёв Станислав Павлович,+375 (44) 968-83-04,2025-05-29
4077,Петрова Виктория Владимировна,+375 (25) 596-44-47,2025-03-22
4078,Григорьев Николай Павлович,+375 (25) 847-59-77,2025-03-30
4079,Фролов Виктор Николаевич,+375 (29) 764-63-78,2026-07-09
4080,Новикова Анастасия Ивановна,+375 (44) 331-19-54,2025-01-01
4081,Фролова Надежда Андреевна,+375 (33) 384-51-95,2024-11-04
4082,Журавлёва Милана Максимовна,+375 (33) 745-27-51,2025-03-13
4083,Лазарев Даниил Николаевич,+375 (29) 125-22-14,2024-10-30
4084,Орлов Максим Андреевич,+375 (44) 356-35-13,2025-01-02
4085,Семёнова Татьяна Петровна,+375 (33) 933-06-00,2026-06-15
4086,Никитин Дмитрий Викторович,+375 (33) 423-44-71,2025-02-01
4087,Волкова Ксения Ивановна,+375 (33) 909-99-65,2025-05-31
4088,Медведев Виктор Максимович,+375 (44) 527-56-73,2025-02-20
4089,Зайцева Ксения Олеговна,+375 (33) 429-60-76,2025-05-23
4090,Киселёва София Викторовна,+375 (33) 954-94-65,2026-02-11
4091,Степанова Мария Дмитриевна,+375 (25) 591-60-19,2025-06-30
4092,Волков Артём Павлович,+375 (44) 862-91-93,2024-12-13
4093,Фролов Павел Дмитриевич,+375 (44) 580-64-83,2025-03-06
4094,Никитина Елена Михайловна,+375 (33) 644-07-30,2025-01-14
4095,Петрова Александра Евгеньевна,+375 (33) 465-76-75,2025-07-12
4096,Максимов Михаил Александрович,+375 (29) 281-30-92,2026-01-24
4097,Соболева Дарья Игоревна,+375 (29) 407-25-09,2026-08-31
4098,Крылов Ярослав Евгеньевич,+375 (29) 771-00-42,2025-08-08
4099,Королёва Юлия Владимировна,+375 (33) 310-49-70,2025-05-26
4100,Пономарёва Милана Петровна,+375 (29) 224-13-07,2025-01-26
4101,Ковалёв Михаил Павлович,+375 (33) 821-39-04,2024-11-16
4102,Воробьёва Дарья Владимировна,+375 (29) 885-78-63,2025-01-04
4103,Воробьёв Андрей Игоревич,+375 (25) 422-07-17,2025-04-11
4104,Комарова Алёна Олеговна,+375 (33) 109-27-64,2025-06-13
4105,Тарасова Ирина Александровна,+375 (29) 590-23-21,2024-11-02
4106,Цветков Денис Алексеевич,+375 (29) 384-20-24,2024-11-15
4107,Яковлева Татьяна Максимовна,+375 (29) 867-88-97,2024-11-07
4108,Гусев Даниил Сергеевич,+375 (44) 741-53-23,2025-06-11
4109,Рябов Глеб Сергеевич,+375 (29) 105-42-15,2025-04-24
4110,Рябов Сергей Иванович,+375 (44) 911-03-40,2025-07-04
4111,Климович Полина Николаевна,+375 (29) 711-08-03,2025-11-13
4112,Комарова Екатерина Игоревна,+375 (29) 466-88-78,2024-11-18
4113,Фёдорова Алина Сергеевна,+375 (44) 409-53-41,2025-07-29
4114,Иванов Антон Максимович,+375 (29) 544-56-39,2025-07-02
4115,Волкова Лариса Сергеевна,+375 (29) 890-29-89,2025-03-13
4116,Королёва София Евгеньевна,+375 (33) 366-92-11,2025-05-02
4117,Журавлёв Евгений Сергеевич,+375 (33) 750-66-27,2025-04-16
4118,Королёва Александра Олеговна,+375 (29) 967-74-84,2025-05-19
4119,Рогов Евгений Павлович,+375 (29) 824-93-48,2025-01-28
4120,Пономарёва Александра Александровна,+375 (29) 121-55-68,2024-11-07
4121,Шевченко Егор Павлович,+375 (44) 430-33-98,2026-08-22
4122,Беляев Игорь Андреевич,+375 (44) 966-75-50,2025-04-17
4123,Орлова Надежда Сергеевна,+375 (29) 925-33-22,2024-12-02
4124,Журавлёв Андрей Викторович,+375 (44) 901-03-47,2025-01-20
4125,Лазарев Игорь Петрович,+375 (29) 777-17-94,2025-07-21
4126,Алексеева Анна Михайловна,+375 (44) 940-90-85,2024-12-15
4127,Новицкий Игорь Евгеньевич,+375 (44) 906-68-20,2025-05-26
4128,Цветков Ярослав Сергеевич,+375 (29) 513-22-56,2025-02-13
4129,Белов Павел Евгеньевич,+375 (44) 567-62-03,2025-01-10
4130,Королёв Сергей Алексеевич,+375 (25) 529-69-84,2024-10-21
4131,Ильина Алёна Алексеевна,+375 (29) 276-84-75,2024-10-19
4132,Гусева Наталья Петровна,+375 (44) 419-86-31,2024-12-12
4133,Фролова София Евгеньевна,+375 (33) 901-25-52,2025-03-30
4134,Медведева Милана Павловна,+375 (44) 489-94-75,2025-05-07
4135,Иванова Ольга Александровна,+375 (44) 581-77-74,2026-05-15
4136,Захарова Алёна Алексеевна,+375 (29) 619-56-91,2026-09-15
4137,Григорьева Надежда Юрьевна,+375 (33) 217-32-45,2025-07-18
4138,Степанов Сергей Андреевич,+375 (44) 590-71-82,2025-03-23
4139,Белова Вера Николаевна,+375 (44) 111-21-19,2025-01-25
4140,Григорьев Игорь Дмитриевич,+375 (29) 547-09-45,2025-09-22
4141,Новицкий Егор Игоревич,+375 (29) 321-15-00,2025-02-11
4142,Соколов Антон Алексеевич,+375 (33) 402-93-48,2025-06-28
4143,Королёва Анастасия Владимировна,+375 (44) 241-90-93,2025-06-20
4144,Лукашевич Даниил Олегович,+375 (33) 963-95-87,2025-12-23
4145,Ильин Антон Максимович,+375 (44) 733-92-71,2025-09-27
4146,Киселёв Илья Игоревич,+375 (33) 659-29-70,2025-08-04
4147,Фёдорова Алёна Юрьевна,+375 (33) 397-98-69,2025-04-17
4148,Воробьёва Александра Евгеньевна,+375 (33) 460-60-56,2025-03-01
4149,Ильин Михаил Павлович,+375 (25) 950-43-81,2025-08-22
4150,Данилова Вера Олеговна,+375 (29) 607-47-36,2026-06-08
4151,Павлов Евгений Иванович,+375 (33) 609-71-64,2026-06-14
4152,Воробьёв Дмитрий Владимирович,+375 (29) 957-93-41,2025-03-19
4153,Рогов Игорь Евгеньевич,+375 (25) 252-99-82,2025-06-13
4154,Рогов Игорь Петрович,+375 (33) 988-87-63,2025-09-30
4155,Воробьёв Артём Дмитриевич,+375 (29) 770-83-92,2025-03-21
4156,Титов Александр Николаевич,+375 (29) 107-77-12,2024-11-25
4157,Гусев Иван Андреевич,+375 (29) 435-34-87,2025-03-01
4158,Белова Людмила Дмитриевна,+375 (25) 804-76-46,2025-05-21
4159,Волков Роман Сергеевич,+375 (29) 703-63-39,2025-04-07
4160,Кузнецов Виктор Максимович,+375 (33) 538-97-73,2025-08-10
4161,Герасимов Андрей Павлович,+375 (29) 967-91-07,2026-04-02
4162,Смирнова Марина Владимировна,+375 (25) 585-96-04,2025-04-24
4163,Герасимова Светлана Олеговна,+375 (33) 283-79-98,2026-04-05
4164,Соколов Глеб Юрьевич,+375 (44) 224-00-17,2025-04-06
4165,Волкова Алина Сергеевна,+375 (29) 515-84-36,2026-03-12
4166,Иванов Егор Иванович,+375 (25) 946-10-37,2025-02-10
4167,Ильин Константин Николаевич,+375 (29) 712-92-94,2025-09-22
4168,Орлова Марина Сергеевна,+375 (44) 595-79-81,2025-03-23
4169,Орлова Анастасия Павловна,+375 (33) 683-80-94,2026-08-18
4170,Комаров Никита Юрьевич,+375 (25) 530-89-44,2025-09-15
4171,Климович Евгения Александровна,+375 (29) 880-16-14,2025-05-13
4172,Титов Алексей Максимович,+375 (29) 573-67-91,2026-06-05
4173,Журавлёв Фёдор Павлович,+375 (29) 179-10-29,2025-05-23
4174,Воробьёв Кирилл Олегович,+375 (44) 865-81-39,2026-02-14
4175,Куликова Дарья Андреевна,+375 (33) 856-26-27,2025-07-12
4176,Кузнецова Полина Максимовна,+375 (44) 202-49-97,2025-09-02
4177,Михайлов Руслан Андреевич,+375 (29) 720-85-09,2025-06-06
4178,Попова Валерия Алексеевна,+375 (29) 581-48-45,2024-12-22
4179,Петрова Татьяна Алексеевна,+375 (33) 930-19-89,2024-10-07
4180,Павлов Кирилл Юрьевич,+375 (29) 605-92-55,2025-02-02
4181,Волкова Виктория Владимировна,+375 (33) 757-24-61,2024-12-01
4182,Комарова Ирина Ивановна,+375 (44) 465-44-71,2026-06-03
4183,Поляков Виктор Владимирович,+375 (33) 304-61-52,2026-04-11
4184,Морозова Полина Сергеевна,+375 (29) 890-26-84,2025-04-28
4185,Королёва Виктория Сергеевна,+375 (29) 558-42-91,2025-09-08
4186,Андреева Елена Николаевна,+375 (29) 269-69-44,2025-05-04
4187,Ильин Андрей Петрович,+375 (33) 440-00-32,2026-06-22
4188,Ковалевский Юрий Алексеевич,+375 (29) 280-12-06,2025-03-19
4189,Баранов Даниил Юрьевич,+375 (29) 207-89-93,2024-12-26
4190,Михайлов Никита Иванович,+375 (44) 558-28-27,2025-09-12
4191,Фёдорова Евгения Евгеньевна,+375 (33) 792-49-78,2026-08-21
4192,Зайцев Константин Викторович,+375 (29) 966-44-28,2026-06-01
4193,Фролова Людмила Петровна,+375 (33) 126-71-64,2025-05-22
4194,Лазарев Даниил Андреевич,+375 (44) 327-86-53,2026-05-12
4195,Беляев Иван Петрович,+375 (29) 750-53-31,2025-04-15
4196,Алексеева Марина Олеговна,+375 (44) 965-44-09,2025-02-01
4197,Степанов Глеб Павлович,+375 (33) 645-85-77,2025-12-18
4198,Смирнов Артём Александрович,+375 (29) 579-11-32,2025-05-01
4199,Лукашевич Анна Олеговна,+375 (29) 476-77-15,2024-10-13
4200,Жуков Егор Юрьевич,+375 (44) 923-61-13,2026-07-19
4201,Сорокин Глеб Евгеньевич,+375 (29) 195-80-01,2025-12-27
4202,Соболева Виктория Ивановна,+375 (29) 209-87-16,2025-01-01
4203,Лебедева Милана Алексеевна,+375 (44) 228-74-41,2025-02-04
4204,Котов Николай Игоревич,+375 (44) 552-84-85,2026-03-06
4205,Григорьева Татьяна Николаевна,+375 (29) 625-39-93,2024-11-18
4206,Климович Наталья Дмитриевна,+375 (29) 931-33-40,2026-02-10
4207,Сидоренко Иван Олегович,+375 (29) 901-32-40,2025-07-01
4208,Борисов Фёдор Алексеевич,+375 (44) 952-43-55,2025-08-05
4209,Тарасова Светлана Николаевна,+375 (33) 665-01-24,2025-07-25
4210,Ершова Валерия Михайловна,+375 (29) 876-62-44,2026-04-08
4211,Степанов Владимир Викторович,+375 (29) 108-55-88,2026-06-04
4212,Гусева София Дмитриевна,+375 (29) 239-64-48,2025-02-08
4213,Соболев Тимофей Владимирович,+375 (44) 880-74-34,2024-11-20
4214,Шевченко Сергей Михайлович,+375 (33) 579-17-58,2026-03-05
4215,Зайцева Ирина Михайловна,+375 (44) 589-14-01,2025-02-16
4216,Сергеев Станислав Максимович,+375 (29) 385-44-45,2025-08-20
4217,Жуков Роман Викторович,+375 (29) 288-26-78,2025-11-19
4218,Орлов Павел Викторович,+375 (33) 789-77-01,2026-03-31
4219,Киселёва Марина Павловна,+375 (25) 193-90-77,2026-03-04
4220,Иванова Виктория Ивановна,+375 (44) 870-51-45,2025-03-06
4221,Орлов Павел Иванович,+375 (44) 491-64-88,2025-05-13
4222,Борисов Станислав Дмитриевич,+375 (25) 623-01-16,2026-02-10
4223,Островский Тимофей Сергеевич,+375 (33) 289-94-38,2024-11-29
4224,Яковлева Марина Владимировна,+375 (29) 435-28-28,2025-07-28
4225,Тарасов Алексей Павлович,+375 (44) 429-59-43,2026-09-18
4226,Журавлёва Надежда Павловна,+375 (44) 434-02-35,2025-01-08
4227,Павлов Григорий Владимирович,+375 (25) 362-43-16,2026-05-21
4228,Павлов Виктор Александрович,+375 (29) 458-83-59,2024-10-24
4229,Яковлев Андрей Владимирович,+375 (29) 989-22-69,2025-10-31
4230,Журавлёва Анна Владимировна,+375 (44) 527-81-64,2025-02-23
4231,Богданов Илья Олегович,+375 (29) 383-80-72,2025-08-14
4232,Петрова Виктория Максимовна,+375 (33) 537-09-90,2026-06-04
4233,Рябова Екатерина Ивановна,+375 (29) 669-74-42,2025-02-08
4234,Борисов Илья Игоревич,+375 (29) 121-16-02,2025-01-25
4235,Ершов Кирилл Юрьевич,+375 (44) 100-85-81,2025-01-23
4236,Ильин Егор Сергеевич,+375 (29) 350-25-61,2026-09-14
4237,Козлов Иван Александрович,+375 (33) 815-72-45,2026-03-29
4238,Орлова София Петровна,+375 (44) 714-22-41,2025-09-13
4239,Баранова Виктория Евгеньевна,+375 (33) 440-79-33,2024-11-23
4240,Кузьмин Александр Олегович,+375 (44) 614-67-25,2025-06-12
4241,Мельник Руслан Юрьевич,+375 (44) 904-63-80,2025-10-02
4242,Воробьёв Андрей Игоревич,+375 (44) 675-90-93,2025-12-21
4243,Комарова Наталья Михайловна,+375 (29) 278-57-86,2025-12-06
4244,Павлова Дарья Ивановна,+375 (44) 478-40-52,2025-05-03
4245,Захаров Сергей Алексеевич,+375 (29) 874-60-10,2024-12-02
4246,Фролова Анна Александровна,+375 (44) 378-96-34,2026-07-16
4247,Шевченко Владимир Евгеньевич,+375 (25) 868-88-51,2026-09-09
4248,Воробьёва Екатерина Павловна,+375 (44) 153-13-63,2025-03-29
4249,Титова Елена Дмитриевна,+375 (29) 448-84-99,2025-06-01
4250,Полякова Надежда Ивановна,+375 (44) 874-77-02,2025-03-26
4251,Смирнова Мария Максимовна,+375 (44) 140-54-42,2025-05-15
4252,Соболев Ярослав Дмитриевич,+375 (25) 931-43-48,2025-09-29
4253,Новикова Милана Игоревна,+375 (25) 574-11-80,2024-10-28
4254,Сидорова Валерия Михайловна,+375 (33) 561-81-61,2025-02-10
4255,Козлов Андрей Петрович,+375 (29) 690-56-09,2026-02-06
4256,Шевченко Виктория Олеговна,+375 (44) 294-48-18,2025-08-22
4257,Ершов Ярослав Павлович,+375 (29) 754-11-95,2025-12-23
4258,Жукова Наталья Игоревна,+375 (29) 948-14-24,2025-04-09
4259,Ершова Наталья Николаевна,+375 (29) 656-76-39,2025-02-06
4260,Фролова Виктория Андреевна,+375 (29) 311-72-07,2025-06-27
4261,Алексеев Игорь Андреевич,+375 (29) 485-07-34,2025-01-02
4262,Журавлёва Надежда Сергеевна,+375 (29) 628-91-56,2025-05-10
4263,Кузнецов Юрий Михайлович,+375 (44) 957-68-59,2025-09-26
4264,Захаров Максим Алексеевич,+375 (44) 464-26-03,2026-03-24
4265,Цветкова Александра Евгеньевна,+375 (44) 675-85-99,2025-10-23
4266,Рогов Станислав Юрьевич,+375 (29) 222-20-04,2025-09-25
4267,Макарова Татьяна Александровна,+375 (44) 301-32-95,2025-08-14
4268,Зайцева Александра Ивановна,+375 (29) 730-76-59,2025-06-19
4269,Соболев Евгений Петрович,+375 (44) 811-73-57,2025-03-27
4270,Попова Юлия Юрьевна,+375 (29) 396-52-11,2024-10-04
4271,Данилов Юрий Евгеньевич,+375 (29) 902-73-91,2025-07-13
4272,Никитин Юрий Сергеевич,+375 (29) 780-22-43,2025-09-10
4273,Ершова Юлия Олеговна,+375 (33) 540-81-00,2025-07-23
4274,Белова Александра Евгеньевна,+375 (29) 222-88-79,2025-10-10
4275,Козлов Артём Павлович,+375 (29) 691-24-34,2026-06-22
4276,Королёва Ксения Павловна,+375 (44) 525-28-38,2025-06-05
4277,Андреева Марина Владимировна,+375 (44) 899-29-17,2026-03-03
4278,Ильина Екатерина Алексеевна,+375 (29) 244-05-79,2025-05-15
4279,Павлова Виктория Павловна,+375 (29) 330-37-20,2025-02-11
4280,Киселёв Григорий Алексеевич,+375 (33) 867-09-56,2025-11-15
4281,Николаева Марина Павловна,+375 (44) 284-17-85,2026-06-21
4282,Мельник Юлия Евгеньевна,+375 (33) 432-62-39,2025-10-18
4283,Макаров Сергей Николаевич,+375 (33) 101-25-46,2025-05-02
4284,Морозов Владимир Михайлович,+375 (33) 664-05-52,2025-11-09
4285,Сидоров Артём Александрович,+375 (29) 721-10-54,2025-09-26
4286,Павлов Григорий Александрович,+375 (25) 485-63-63,2025-02-07
4287,Иванова Надежда Михайловна,+375 (29) 830-89-05,2025-06-13
4288,Медведева Александра Игоревна,+375 (25) 752-34-54,2025-11-20
4289,Григорьев Олег Александрович,+375 (33) 268-15-69,2025-02-22
4290,Жукова Людмила Юрьевна,+375 (29) 540-40-23,2024-10-19
4291,Орлов Никита Владимирович,+375 (44) 960-25-72,2026-02-03
4292,Николаева София Петровна,+375 (25) 920-34-19,2024-10-08
4293,Зайцев Максим Алексеевич,+375 (29) 465-01-34,2025-05-03
4294,Воробьёв Михаил Викторович,+375 (29) 928-04-98,2025-08-18
4295,Лукашевич Игорь Игоревич,+375 (33) 377-93-06,2025-07-14
4296,Шевченко Мария Игоревна,+375 (29) 301-28-55,2025-12-13
4297,Королёв Евгений Михайлович,+375 (33) 247-40-64,2025-06-13
4298,Королёв Андрей Андреевич,+375 (25) 536-34-95,2025-07-17
4299,Никитин Александр Владимирович,+375 (29) 231-67-15,2025-08-06
4300,Николаев Олег Владимирович,+375 (33) 890-23-29,2025-07-24
4301,Воробьёва Мария Ивановна,+375 (29) 749-24-52,2025-12-17
4302,Кузнецова Елена Сергеевна,+375 (44) 315-21-40,2025-04-04
4303,Павлова Наталья Ивановна,+375 (44) 735-52-09,2026-04-12
4304,Макаров Игорь Юрьевич,+375 (33) 135-60-70,2025-03-09
4305,Воробьёв Григорий Владимирович,+375 (33) 547-43-80,2024-11-27
4306,Яковлева Людмила Владимировна,+375 (44) 653-53-00,2025-04-28
4307,Новиков Евгений Алексеевич,+375 (44) 760-72-18,2025-06-06
4308,Захарова Юлия Викторовна,+375 (29) 346-05-06,2025-06-23
4309,Соболев Олег Дмитриевич,+375 (29) 314-69-06,2025-12-06
4310,Лебедева Наталья Евгеньевна,+375 (33) 943-16-16,2025-06-21
4311,Тарасова Милана Олеговна,+375 (29) 450-74-75,2024-10-28
4312,Сорокина Милана Ивановна,+375 (33) 807-27-82,2024-10-03
4313,Кузнецов Роман Николаевич,+375 (29) 661-20-83,2025-05-28
4314,Лазарев Иван Алексеевич,+375 (44) 116-47-22,2024-10-28
4315,Цветкова Полина Юрьевна,+375 (44) 114-55-97,2026-04-21
4316,Андреев Алексей Андреевич,+375 (29) 335-89-59,2025-09-03
4317,Иванов Никита Александрович,+375 (29) 672-44-62,2025-04-04
4318,Степанова Лариса Ивановна,+375 (29) 703-37-78,2025-02-03
4319,Сидоренко Александр Николаевич,+375 (29) 832-83-85,2025-04-29
4320,Белова Мария Владимировна,+375 (25) 438-95-70,2025-04-17
4321,Максимов Александр Андреевич,+375 (33) 480-60-78,2025-04-03
4322,Сидоренко Олег Петрович,+375 (33) 439-63-78,2025-01-22
4323,Тарасова Лариса Петровна,+375 (44) 900-68-09,2025-11-21
4324,Королёв Михаил Олегович,+375 (25) 895-32-16,2025-02-25
4325,Смирнова Марина Викторовна,+375 (33) 471-02-65,2025-07-04
4326,Сергеев Даниил Максимович,+375 (29) 514-12-87,2024-11-10
4327,Шевченко Михаил Николаевич,+375 (44) 336-30-43,2025-08-31
4328,Климович Валерия Ивановна,+375 (29) 690-02-75,2025-09-06
4329,Семёнов Роман Викторович,+375 (33) 187-48-89,2025-09-17
4330,Лазарева Алина Петровна,+375 (44) 285-23-86,2026-06-16
4331,Кузнецов Артём Сергеевич,+375 (29) 907-52-71,2025-02-21
4332,Тарасов Олег Андреевич,+375 (29) 414-59-14,2024-10-06
4333,Крылов Алексей Николаевич,+375 (29) 418-53-43,2025-04-18
4334,Григорьев Ярослав Сергеевич,+375 (44) 275-39-42,2025-07-26
4335,Ильин Алексей Максимович,+375 (44) 619-07-99,2025-05-19
4336,Островская Лариса Александровна,+375 (29) 584-32-94,2025-08-15
4337,Цветкова Юлия Николаевна,+375 (44) 468-20-84,2025-04-11
4338,Петров Николай Сергеевич,+375 (33) 895-67-50,2025-01-07
4339,Попова Мария Владимировна,+375 (44) 834-20-99,2026-07-18
4340,Пономарёва Милана Андреевна,+375 (44) 816-80-56,2026-03-05
4341,Шевченко Надежда Владимировна,+375 (29) 888-94-67,2025-07-09
4342,Волков Владимир Павлович,+375 (29) 553-02-46,2025-01-28
4343,Сорокин Денис Максимович,+375 (44) 688-69-34,2025-12-16
4344,Журавлёва Валерия Александровна,+375 (25) 688-21-91,2026-09-02
4345,Сидоренко Валерия Максимовна,+375 (29) 822-15-27,2026-08-05
4346,Григорьев Виктор Павлович,+375 (44) 559-13-29,2025-01-20
4347,Рогова Мария Викторовна,+375 (44) 236-10-49,2025-07-24
4348,Климович Фёдор Максимович,+375 (29) 868-05-79,2025-08-12
4349,Крылов Константин Викторович,+375 (25) 179-07-48,2026-08-03
4350,Медведев Александр Александрович,+375 (25) 983-20-85,2025-02-20
4351,Котова Милана Евгеньевна,+375 (33) 580-99-96,2025-02-17
4352,Петров Кирилл Павлович,+375 (29) 848-74-17,2024-12-21
4353,Соколов Роман Николаевич,+375 (29) 884-23-10,2025-06-10
4354,Степанова Екатерина Алексеевна,+375 (33) 182-79-63,2024-11-19
4355,Медведев Иван Викторович,+375 (25) 790-39-53,2025-04-20
4356,Лукашевич Мария Максимовна,+375 (33) 684-25-36,2025-07-03
4357,Медведев Олег Дмитриевич,+375 (44) 979-29-76,2025-01-05
4358,Воробьёв Глеб Дмитриевич,+375 (33) 595-30-25,2025-08-15
4359,Лукашевич Людмила Ивановна,+375 (33) 242-67-08,2025-05-06
4360,Попова Татьяна Олеговна,+375 (33) 560-62-06,2026-09-09
4361,Соколова Алёна Максимовна,+375 (44) 238-06-61,2024-12-23
4362,Соболева Дарья Петровна,+375 (33) 516-17-66,2025-06-29
4363,Островский Кирилл Алексеевич,+375 (33) 498-96-26,2025-08-01
4364,Степанова Татьяна Ивановна,+375 (33) 914-27-82,2025-09-19
4365,Новиков Юрий Максимович,+375 (44) 507-51-40,2025-08-29
4366,Смирнова Людмила Олеговна,+375 (29) 655-44-65,2024-12-03
4367,Котов Константин Игоревич,+375 (33) 746-60-15,2024-12-18
4368,Тарасов Егор Сергеевич,+375 (29) 289-48-18,2025-03-30
4369,Григорьев Иван Петрович,+375 (29) 153-20-61,2025-03-06
4370,Орлов Павел Николаевич,+375 (33) 741-17-74,2025-06-03
4371,Богданов Кирилл Евгеньевич,+375 (33) 857-19-55,2025-07-22
4372,Медведев Константин Дмитриевич,+375 (29) 545-74-16,2025-09-26
4373,Поляков Сергей Максимович,+375 (44) 560-20-71,2025-01-28
4374,Баранова Анастасия Ивановна,+375 (44) 939-20-88,2025-09-18
4375,Степанова Татьяна Александровна,+375 (29) 130-03-45,2025-08-23
4376,Алексеева Надежда Викторовна,+375 (44) 922-47-76,2026-05-25
4377,Борисов Максим Петрович,+375 (29) 409-34-19,2025-11-26
4378,Журавлёв Максим Иванович,+375 (29) 407-50-97,2025-04-05
4379,Соболев Максим Юрьевич,+375 (44) 239-83-31,2025-07-13
4380,Тарасов Константин Владимирович,+375 (29) 571-50-87,2025-08-07
4381,Фёдорова Евгения Юрьевна,+375 (29) 884-35-23,2025-04-13
4382,Медведев Павел Павлович,+375 (44) 511-75-45,2025-12-03
4383,Григорьева Вера Евгеньевна,+375 (33) 717-99-57,2025-03-20
4384,Андреева Мария Михайловна,+375 (33) 334-93-01,2025-11-30
4385,Крылов Кирилл Юрьевич,+375 (25) 878-88-79,2025-07-08
4386,Титова Евгения Михайловна,+375 (33) 259-00-18,2025-08-20
4387,Киселёв Руслан Сергеевич,+375 (29) 319-95-96,2026-08-20
4388,Романов Денис Алексеевич,+375 (44) 296-57-42,2025-06-22
4389,Павлов Никита Андреевич,+375 (25) 303-25-08,2025-12-19
4390,Никитина Вера Александровна,+375 (29) 415-17-62,2025-03-14
4391,Мельник Валерия Дмитриевна,+375 (29) 958-73-91,2026-08-07
4392,Новицкая Людмила Павловна,+375 (29) 655-97-78,2025-07-16
4393,Кудрявцева Юлия Юрьевна,+375 (33) 290-63-20,2025-01-18
4394,Беляева Дарья Максимовна,+375 (44) 237-53-30,2025-12-05
4395,Куликова Анастасия Ивановна,+375 (25) 304-94-08,2025-05-29
4396,Лебедев Антон Сергеевич,+375 (44) 179-90-44,2025-04-09
4397,Медведев Илья Михайлович,+375 (44) 753-37-01,2026-03-04
4398,Титов Роман Максимович,+375 (25) 258-58-56,2025-04-30
4399,Козлова Надежда Алексеевна,+375 (33) 259-53-57,2025-10-02
4400,Сергеев Виктор Викторович,+375 (44) 581-44-32,2025-08-15
4401,Соболева Полина Николаевна,+375 (29) 616-24-42,2025-03-08
4402,Воробьёва Анна Николаевна,+375 (33) 122-86-97,2025-09-16
4403,Гусева Людмила Игоревна,+375 (44) 793-35-40,2025-02-22
4404,Мельник Станислав Николаевич,+375 (33) 926-78-53,2026-07-24
4405,Соболев Руслан Николаевич,+375 (29) 596-51-68,2025-07-29
4406,Фролова Милана Алексеевна,+375 (25) 218-16-59,2025-05-26
4407,Кудрявцев Денис Петрович,+375 (29) 354-34-29,2025-02-18
4408,Алексеев Роман Николаевич,+375 (29) 919-96-41,2025-01-11
4409,Алексеева Екатерина Викторовна,+375 (29) 818-30-79,2025-04-12
4410,Кудрявцев Дмитрий Викторович,+375 (33) 301-79-82,2026-07-10
4411,Морозова Лариса Юрьевна,+375 (29) 577-81-49,2026-06-23
4412,Сидорова Марина Владимировна,+375 (33) 916-94-86,2026-01-23
4413,Николаев Виктор Александрович,+375 (29) 730-22-87,2025-08-29
4414,Сорокина Татьяна Александровна,+375 (29) 662-79-87,2025-01-12
4415,Сорокин Станислав Викторович,+375 (44) 662-21-10,2025-05-13
4416,Борисова Виктория Михайловна,+375 (25) 807-55-90,2025-09-29
4417,Гусев Глеб Иванович,+375 (33) 116-68-60,2025-01-20
4418,Мельник Андрей Олегович,+375 (33) 430-07-56,2025-09-21
4419,Баранов Егор Викторович,+375 (33) 835-61-87,2025-05-19
4420,Степанов Владимир Викторович,+375 (29) 505-48-35,2026-08-20
4421,Сорокин Фёдор Евгеньевич,+375 (29) 514-00-19,2026-09-14
4422,Волкова Светлана Павловна,+375 (25) 988-98-47,2026-02-15
4423,Зайцева Полина Игоревна,+375 (29) 432-34-83,2025-08-28
4424,Зайцев Даниил Олегович,+375 (44) 981-62-27,2026-04-10
4425,Михайлова Милана Алексеевна,+375 (29) 758-24-65,2024-10-03
4426,Волкова Ксения Евгеньевна,+375 (25) 922-11-71,2025-09-16
4427,Воробьёв Даниил Иванович,+375 (33) 211-28-57,2025-04-15
4428,Климович Лариса Алексеевна,+375 (29) 809-49-61,2024-12-12
4429,Макарова Анна Дмитриевна,+375 (33) 944-81-10,2025-06-16
4430,Фролов Юрий Владимирович,+375 (33) 758-39-49,2025-04-04
4431,Ильин Владимир Иванович,+375 (29) 826-66-49,2024-11-28
4432,Николаев Даниил Андреевич,+375 (44) 684-28-02,2025-01-08
4433,Цветкова Валерия Владимировна,+375 (44) 501-80-79,2026-07-08
4434,Крылова Лариса Юрьевна,+375 (33) 218-95-38,2024-12-30
4435,Тарасов Николай Андреевич,+375 (29) 870-51-21,2025-01-27
4436,Соколова Татьяна Павловна,+375 (29) 669-48-99,2025-03-30
4437,Комаров Евгений Максимович,+375 (25) 680-39-90,2026-02-01
4438,Никитина Валерия Алексеевна,+375 (33) 656-43-03,2024-10-28
4439,Лазарева Александра Евгеньевна,+375 (44) 218-78-52,2024-11-15
4440,Никитина Марина Игоревна,+375 (29) 286-65-25,2024-10-04
4441,Рогова Юлия Владимировна,+375 (29) 537-92-43,2025-01-27
4442,Воробьёва Алёна Владимировна,+375 (44) 624-52-46,2025-05-22
4443,Кузьмин Ярослав Олегович,+375 (29) 299-51-04,2025-08-21
4444,Алексеев Григорий Александрович,+375 (29) 784-04-35,2025-08-16
4445,Морозова Светлана Сергеевна,+375 (29) 466-46-22,2024-10-18
4446,Лазарев Андрей Дмитриевич,+375 (44) 688-34-48,2025-05-21
4447,Смирнова Светлана Евгеньевна,+375 (25) 926-30-73,2025-08-21
4448,Мельник Дарья Андреевна,+375 (33) 669-31-33,2025-07-11
4449,Соколов Даниил Петрович,+375 (29) 462-14-80,2025-09-23
4450,Лебедев Виктор Викторович,+375 (25) 348-08-28,2025-03-21
4451,Зайцев Артём Павлович,+375 (33) 462-47-87,2025-02-27
4452,Мельник Ольга Дмитриевна,+375 (29) 408-40-95,2025-05-15
4453,Сидоренко Алёна Александровна,+375 (29) 300-00-29,2025-01-02
4454,Ковалевский Игорь Евгеньевич,+375 (33) 776-44-44,2025-04-08
4455,Николаев Юрий Игоревич,+375 (25) 242-93-45,2024-10-15
4456,Ковалевский Егор Иванович,+375 (44) 508-95-25,2024-12-26
4457,Баранов Сергей Юрьевич,+375 (29) 883-40-18,2025-09-03
4458,Иванова Милана Игоревна,+375 (29) 235-81-68,2025-06-22
4459,Кузьмин Руслан Павлович,+375 (29) 949-72-32,2024-12-29
4460,Богданов Юрий Евгеньевич,+375 (44) 979-06-65,2026-03-10
4461,Фёдорова Алина Андреевна,+375 (29) 781-82-60,2024-12-30
4462,Ершова Дарья Игоревна,+375 (33) 567-84-08,2025-05-31
4463,Зайцев Денис Максимович,+375 (33) 334-09-82,2026-06-24
4464,Орлова Алёна Ивановна,+375 (29) 193-25-50,2024-12-18
4465,Ильин Антон Павлович,+375 (29) 171-92-99,2024-12-18
4466,Кузнецов Антон Юрьевич,+375 (33) 927-15-86,2025-02-09
4467,Никитина Татьяна Алексеевна,+375 (44) 202-39-17,2025-11-11
4468,Цветков Станислав Алексеевич,+375 (29) 928-74-37,2026-07-17
4469,Романов Максим Владимирович,+375 (29) 330-86-76,2025-01-08
4470,Сидорова Полина Максимовна,+375 (44) 402-59-46,2025-10-29
4471,Жуков Дмитрий Александрович,+375 (33) 602-86-18,2025-01-30
4472,Кудрявцева Ирина Викторовна,+375 (29) 167-45-82,2025-07-30
4473,Беляев Тимофей Евгеньевич,+375 (44) 216-41-12,2025-01-07
4474,Новицкая Анастасия Евгеньевна,+375 (29) 762-89-08,2025-01-09
4475,Максимова Анастасия Петровна,+375 (44) 377-77-42,2024-11-22
4476,Кузьмин Кирилл Максимович,+375 (29) 411-00-32,2026-07-27
4477,Кузьмина Вера Петровна,+375 (29) 840-45-57,2025-01-06
4478,Лукашевич Милана Олеговна,+375 (44) 757-42-75,2025-05-07
4479,Павлова Мария Ивановна,+375 (33) 761-69-61,2025-01-19
4480,Гусев Денис Юрьевич,+375 (33) 351-68-74,2025-01-20
4481,Захаров Антон Петрович,+375 (29) 941-79-80,2024-12-20
4482,Киселёва Алина Игоревна,+375 (33) 451-02-04,2026-03-29
4483,Комарова Елена Петровна,+375 (33) 928-60-04,2025-09-29
4484,Лебедева Дарья Владимировна,+375 (29) 192-22-20,2024-12-20
4485,Беляев Алексей Викторович,+375 (29) 726-27-94,2024-12-15
4486,Макарова Милана Павловна,+375 (33) 641-88-65,2026-04-11
4487,Крылов Юрий Павлович,+375 (44) 928-55-35,2026-04-28
4488,Киселёва Юлия Викторовна,+375 (29) 178-84-28,2025-01-10
4489,Волков Антон Олегович,+375 (29) 276-88-50,2025-04-17
4490,Крылов Виктор Игоревич,+375 (44) 182-87-89,2025-05-02
4491,Макарова Елена Максимовна,+375 (29) 736-44-28,2026-01-28
4492,Ковалевский Фёдор Петрович,+375 (29) 257-42-34,2025-12-27
4493,Лебедева Людмила Андреевна,+375 (29) 849-20-11,2026-07-13
4494,Петров Игорь Евгеньевич,+375 (25) 927-83-68,2024-12-02
4495,Ковалевская Светлана Владимировна,+375 (33) 512-56-19,2025-06-03
4496,Лебедева Мария Максимовна,+375 (33) 281-02-13,2025-08-11
4497,Иванова Юлия Андреевна,+375 (33) 193-09-75,2024-11-14
4498,Григорьева София Андреевна,+375 (29) 519-43-47,2025-07-06
4499,Комаров Ярослав Николаевич,+375 (29) 108-20-01,2025-07-18
4500,Куликов Константин Александрович,+375 (29) 226-90-77,2025-06-24
4501,Гусева Екатерина Ивановна,+375 (33) 674-80-88,2026-08-14
4502,Белов Андрей Юрьевич,+375 (29) 890-05-91,2026-02-07
4503,Куликов Павел Юрьевич,+375 (44) 153-29-33,2025-10-03
4504,Михайлова Виктория Викторовна,+375 (29) 303-58-70,2026-03-27
4505,Воробьёва Александра Сергеевна,+375 (33) 402-23-58,2025-07-13
4506,Воробьёв Руслан Дмитриевич,+375 (25) 293-16-96,2025-07-22
4507,Козлова Елена Викторовна,+375 (25) 597-65-76,2024-11-02
4508,Яковлев Константин Игоревич,+375 (29) 194-52-86,2025-02-25
4509,Сергеева Ольга Игоревна,+375 (29) 385-53-22,2025-09-25
4510,Петрова Дарья Евгеньевна,+375 (29) 920-29-46,2025-08-24
4511,Баранов Руслан Иванович,+375 (44) 841-36-96,2026-03-20
4512,Поляков Максим Алексеевич,+375 (33) 358-93-41,2025-06-24
4513,Иванов Константин Владимирович,+375 (29) 903-08-94,2025-10-22
4514,Белова Виктория Викторовна,+375 (44) 825-87-66,2026-01-13
4515,Островский Руслан Сергеевич,+375 (29) 461-54-50,2026-06-22
4516,Титов Глеб Игоревич,+375 (33) 313-41-92,2025-05-08
4517,Петров Михаил Максимович,+375 (33) 179-82-65,2026-02-09
4518,Яковлев Сергей Иванович,+375 (29) 844-54-43,2025-11-19
4519,Гусев Антон Сергеевич,+375 (25) 778-53-71,2026-08-09
4520,Богданов Егор Павлович,+375 (44) 274-49-68,2024-12-13
4521,Попов Николай Николаевич,+375 (25) 580-08-99,2024-10-30
4522,Шевченко Даниил Дмитриевич,+375 (25) 664-01-82,2026-06-07
4523,Журавлёва Александра Дмитриевна,+375 (33) 631-04-33,2025-08-25
4524,Ершов Егор Сергеевич,+375 (29) 729-35-48,2025-03-08
4525,Петров Илья Сергеевич,+375 (29) 685-78-66,2025-02-15
4526,Сидоренко Светлана Владимировна,+375 (44) 609-73-21,2025-09-02
4527,Куликова Ольга Дмитриевна,+375 (25) 929-61-41,2024-10-18
4528,Куликова Анна Дмитриевна,+375 (44) 621-49-00,2026-01-25
4529,Шевченко Даниил Павлович,+375 (44) 936-23-92,2026-07-13
4530,Кузьмина Валерия Юрьевна,+375 (29) 796-30-65,2026-01-25
4531,Фёдорова Светлана Сергеевна,+375 (33) 918-57-76,2025-03-12
4532,Фёдоров Дмитрий Петрович,+375 (44) 537-63-35,2025-01-26
4533,Ковалевская Светлана Дмитриевна,+375 (33) 922-34-48,2025-04-03
4534,Сергеев Алексей Дмитриевич,+375 (25) 837-86-74,2024-12-30
4535,Захарова Людмила Сергеевна,+375 (33) 127-94-97,2025-09-01
4536,Борисова Алина Евгеньевна,+375 (33) 812-53-99,2025-10-23
4537,Богданова Лариса Викторовна,+375 (33) 152-82-29,2026-08-25
4538,Титов Александр Петрович,+375 (25) 528-40-56,2025-07-27
4539,Новицкий Владимир Игоревич,+375 (44) 376-22-38,2025-03-30
4540,Морозова Анастасия Алексеевна,+375 (29) 776-74-72,2025-04-20
4541,Новицкая Надежда Сергеевна,+375 (33) 887-75-67,2025-08-06
4542,Беляев Никита Дмитриевич,+375 (25) 876-61-80,2024-12-13
4543,Белов Константин Дмитриевич,+375 (25) 889-83-83,2025-06-12
4544,Петров Виктор Максимович,+375 (44) 760-98-63,2024-11-18
4545,Лазарева Виктория Владимировна,+375 (29) 281-69-05,2025-09-25
4546,Комаров Евгений Петрович,+375 (29) 776-38-67,2026-01-20
4547,Баранов Ярослав Николаевич,+375 (44) 356-00-07,2025-06-14
4548,Захарова Надежда Максимовна,+375 (25) 110-12-57,2025-02-25
4549,Пономарёв Алексей Викторович,+375 (33) 748-17-17,2025-05-07
4550,Новицкий Алексей Игоревич,+375 (33) 215-16-01,2025-08-04
4551,Романов Дмитрий Владимирович,+375 (44) 900-51-51,2025-03-06
4552,Зайцев Виктор Юрьевич,+375 (44) 801-81-84,2026-04-02
4553,Никитина Екатерина Павловна,+375 (33) 661-40-92,2026-06-05
4554,Смирнов Ярослав Алексеевич,+375 (44) 173-74-96,2025-06-30
4555,Крылова Валерия Игоревна,+375 (25) 300-35-63,2025-04-09
4556,Белов Максим Павлович,+375 (29) 800-20-62,2025-01-08
4557,Рябова Ксения Игоревна,+375 (44) 176-76-47,2025-08-12
4558,Волкова Мария Андреевна,+375 (25) 342-67-69,2025-07-08
4559,Гусев Константин Андреевич,+375 (29) 986-62-59,2026-02-06
4560,Никитина Ксения Олеговна,+375 (29) 183-03-25,2025-02-18
4561,Герасимов Даниил Игоревич,+375 (44) 222-43-78,2025-08-31
4562,Иванова Юлия Максимовна,+375 (44) 686-26-44,2025-02-02
4563,Сидорова Виктория Владимировна,+375 (29) 103-17-57,2025-04-28
4564,Котова Анастасия Владимировна,+375 (33) 891-61-81,2026-03-08
4565,Сорокина Алина Евгеньевна,+375 (29) 888-53-97,2024-11-20
4566,Максимова Алёна Максимовна,+375 (33) 790-72-66,2024-12-06
4567,Попова Евгения Ивановна,+375 (33) 691-10-66,2024-12-11
4568,Алексеев Руслан Петрович,+375 (44) 446-60-87,2026-08-01
4569,Захарова Анна Викторовна,+375 (29) 474-90-98,2025-07-07
4570,Ковалевская Александра Игоревна,+375 (33) 542-05-81,2024-11-22
4571,Соболева Лариса Викторовна,+375 (44) 789-80-53,2025-07-28
4572,Пономарёва Людмила Александровна,+375 (29) 339-28-22,2025-06-02
4573,Белова Людмила Ивановна,+375 (29) 973-78-75,2026-05-31
4574,Рогова Александра Александровна,+375 (29) 532-48-92,2025-01-02
4575,Орлов Виктор Евгеньевич,+375 (44) 195-20-83,2025-03-04
4576,Тарасов Дмитрий Михайлович,+375 (33) 398-45-01,2025-03-10
4577,Рябов Павел Евгеньевич,+375 (33) 601-45-69,2025-05-16
4578,Рогов Никита Николаевич,+375 (44) 439-18-78,2025-02-26
4579,Максимов Руслан Дмитриевич,+375 (44) 698-49-52,2026-09-27
4580,Зайцева Лариса Евгеньевна,+375 (33) 781-15-13,2025-04-09
4581,Журавлёва Екатерина Петровна,+375 (29) 362-17-17,2025-03-01
4582,Макаров Константин Владимирович,+375 (33) 281-01-49,2025-02-23
4583,Богданова Екатерина Игоревна,+375 (44) 425-69-95,2025-06-02
4584,Климович Анна Олеговна,+375 (29) 208-92-34,2025-08-12
4585,Новицкий Максим Евгеньевич,+375 (44) 330-08-41,2025-06-13
4586,Андреева Виктория Дмитриевна,+375 (25) 617-45-65,2025-05-04
4587,Петрова Виктория Николаевна,+375 (29) 171-64-80,2025-08-03
4588,Богданов Олег Алексеевич,+375 (44) 890-66-46,2026-04-01
4589,Сорокина Алёна Владимировна,+375 (44) 557-77-42,2024-10-18
4590,Кузнецова Александра Евгеньевна,+375 (29) 440-80-03,2025-06-20
4591,Воробьёва Евгения Викторовна,+375 (29) 230-93-78,2025-01-04
4592,Морозова Марина Максимовна,+375 (29) 808-66-46,2025-08-15
4593,Новицкий Сергей Михайлович,+375 (29) 206-60-67,2024-10-11
4594,Макаров Кирилл Юрьевич,+375 (44) 348-90-53,2025-07-15
4595,Ковалёва Вера Михайловна,+375 (29) 843-88-20,2025-05-10
4596,Титова Евгения Михайловна,+375 (44) 483-11-49,2026-07-10
4597,Иванова Екатерина Олеговна,+375 (44) 889-36-72,2025-12-31
4598,Сергеев Дмитрий Викторович,+375 (33) 812-06-42,2025-03-14
4599,Лукашевич Милана Ивановна,+375 (29) 251-39-81,2026-03-27
4600,Журавлёва Ольга Петровна,+375 (29) 242-05-80,2026-01-03
4601,Михайлов Олег Андреевич,+375 (33) 788-47-23,2025-09-21
4602,Иванов Евгений Владимирович,+375 (33) 425-97-06,2024-12-17
4603,Данилов Даниил Викторович,+375 (33) 428-52-08,2025-06-27
4604,Крылов Андрей Юрьевич,+375 (29) 753-46-00,2024-11-03
4605,Ковалевский Руслан Евгеньевич,+375 (25) 325-81-21,2024-10-27
4606,Захаров Юрий Дмитриевич,+375 (29) 858-75-29,2024-11-13
4607,Куликов Алексей Павлович,+375 (29) 648-36-75,2026-09-20
4608,Цветкова Анастасия Сергеевна,+375 (25) 967-33-60,2024-12-04
4609,Ершова Валерия Александровна,+375 (29) 915-87-21,2025-10-18
4610,Цветкова Ольга Петровна,+375 (25) 153-65-42,2024-10-03
4611,Тарасов Глеб Олегович,+375 (44) 888-25-91,2025-05-27
4612,Лукашевич Александр Петрович,+375 (29) 723-70-16,2026-04-23
4613,Сидоров Дмитрий Алексеевич,+375 (44) 162-61-12,2025-09-28
4614,Соколова Евгения Александровна,+375 (33) 601-73-36,2024-10-14
4615,Лазарев Егор Дмитриевич,+375 (44) 342-63-51,2025-02-26
4616,Захарова Ксения Петровна,+375 (33) 434-70-95,2024-10-19
4617,Сергеева Вера Игоревна,+375 (44) 471-85-22,2025-05-25
4618,Лукашевич Александр Олегович,+375 (25) 675-62-77,2025-06-08
4619,Сидоренко Антон Владимирович,+375 (33) 259-18-46,2025-03-24
4620,Соболев Павел Дмитриевич,+375 (29) 388-88-69,2024-11-19
4621,Волкова Мария Петровна,+375 (33) 990-40-38,2025-03-14
4622,Соколова Виктория Игоревна,+375 (33) 207-60-30,2024-12-15
4623,Морозова Татьяна Павловна,+375 (29) 567-37-31,2025-07-14
4624,Герасимова Лариса Михайловна,+375 (29) 416-79-73,2024-12-21
4625,Соболев Руслан Андреевич,+375 (33) 817-53-33,2025-01-06
4626,Фролова Ольга Юрьевна,+375 (33) 133-86-96,2024-11-07
4627,Лебедева Дарья Юрьевна,+375 (29) 939-63-99,2025-09-09
4628,Беляева Людмила Павловна,+375 (33) 914-56-30,2025-05-13
4629,Киселёв Максим Иванович,+375 (44) 282-34-51,2025-08-29
4630,Пономарёв Игорь Иванович,+375 (44) 866-06-99,2026-01-31
4631,Смирнова Мария Дмитриевна,+375 (44) 126-80-19,2024-12-28
4632,Крылова Евгения Михайловна,+375 (29) 302-92-18,2025-02-09
4633,Попов Антон Дмитриевич,+375 (44) 993-63-45,2024-12-30
4634,Яковлев Алексей Викторович,+375 (33) 583-85-65,2025-01-04
4635,Климович Ирина Алексеевна,+375 (44) 825-93-90,2024-10-03
4636,Павлова Светлана Ивановна,+375 (29) 202-82-73,2024-11-13
4637,Ершов Глеб Павлович,+375 (33) 704-49-22,2025-03-01
4638,Сергеев Максим Павлович,+375 (44) 662-83-41,2024-11-15
4639,Николаева Анна Петровна,+375 (44) 850-96-26,2025-09-13
4640,Борисова Мария Михайловна,+375 (29) 286-90-89,2026-06-10
4641,Максимова Анна Петровна,+375 (29) 999-83-58,2025-03-24
4642,Гусева Елена Павловна,+375 (44) 434-14-51,2025-10-17
4643,Волкова Ольга Павловна,+375 (44) 127-26-12,2025-03-31
4644,Медведева Екатерина Игоревна,+375 (33) 884-98-22,2026-07-30
4645,Островская Татьяна Алексеевна,+375 (29) 716-99-90,2025-01-09
4646,Кузьмина Алёна Евгеньевна,+375 (29) 553-82-53,2024-10-19
4647,Николаева Алина Петровна,+375 (29) 443-49-57,2025-09-25
4648,Шевченко Анна Олеговна,+375 (33) 549-71-47,2025-09-07
4649,Григорьев Григорий Александрович,+375 (29) 983-40-50,2025-02-01
4650,Жукова Елена Алексеевна,+375 (33) 749-14-63,2025-03-12
4651,Романов Фёдор Николаевич,+375 (29) 746-57-27,2025-03-14
4652,Фролов Глеб Юрьевич,+375 (29) 739-02-12,2025-08-29
4653,Киселёв Дмитрий Олегович,+375 (33) 184-92-80,2026-09-18
4654,Яковлева Алёна Юрьевна,+375 (33) 660-02-21,2025-03-07
4655,Попова Надежда Алексеевна,+375 (44) 696-07-79,2024-11-25
4656,Семёнов Константин Петрович,+375 (29) 447-00-99,2025-05-11
4657,Захарова Алёна Андреевна,+375 (33) 381-30-07,2025-05-27
4658,Рябова Ирина Сергеевна,+375 (29) 408-01-32,2025-10-13
4659,Сидорова Валерия Юрьевна,+375 (33) 178-18-04,2025-03-08
4660,Кузнецов Егор Игоревич,+375 (33) 281-28-73,2025-02-06
4661,Иванов Даниил Максимович,+375 (33) 438-93-09,2025-06-20
4662,Яковлева Ольга Игоревна,+375 (44) 803-97-78,2025-01-07
4663,Киселёв Алексей Максимович,+375 (44) 191-67-99,2024-10-23
4664,Смирнов Максим Павлович,+375 (33) 904-18-79,2026-04-04
4665,Фролова Ольга Владимировна,+375 (44) 654-01-68,2025-03-05
4666,Сорокина Александра Владимировна,+375 (44) 793-32-63,2025-01-20
4667,Иванова Светлана Юрьевна,+375 (44) 386-12-29,2025-09-24
4668,Ершов Роман Петрович,+375 (33) 912-17-27,2025-07-27
4669,Лукашевич Даниил Максимович,+375 (25) 586-47-26,2026-01-08
4670,Титов Игорь Викторович,+375 (29) 460-25-79,2025-08-11
4671,Новицкий Николай Юрьевич,+375 (29) 331-88-84,2025-05-24
4672,Титова Ксения Петровна,+375 (29) 602-43-93,2025-08-08
4673,Попов Павел Дмитриевич,+375 (29) 958-68-59,2024-11-07
4674,Козлов Тимофей Максимович,+375 (33) 436-66-96,2025-02-24
4675,Кузнецов Дмитрий Иванович,+375 (29) 963-14-91,2025-06-02
4676,Белова Алина Петровна,+375 (44) 617-37-77,2026-06-12
4677,Ковалёва Елена Николаевна,+375 (44) 460-20-15,2025-09-24
4678,Кузьмина Марина Игоревна,+375 (29) 694-43-08,2025-02-25
4679,Куликова Наталья Юрьевна,+375 (25) 410-65-68,2025-01-24
4680,Сидоренко Даниил Михайлович,+375 (29) 899-42-38,2024-12-09
4681,Иванов Фёдор Игоревич,+375 (29) 642-44-90,2025-07-11
4682,Мельник Алексей Сергеевич,+375 (44) 575-83-74,2025-02-27
4683,Фёдорова Людмила Ивановна,+375 (44) 672-21-79,2024-12-24
4684,Новицкая Елена Ивановна,+375 (25) 907-80-13,2026-03-05
4685,Новикова Милана Евгеньевна,+375 (44) 777-28-05,2025-07-28
4686,Лебедев Даниил Викторович,+375 (29) 246-15-77,2024-10-09
4687,Козлов Фёдор Владимирович,+375 (29) 970-46-85,2025-06-23
4688,Белова Александра Алексеевна,+375 (29) 280-98-98,2025-05-11
4689,Климович Руслан Олегович,+375 (33) 586-31-80,2025-07-22
4690,Баранов Илья Михайлович,+375 (29) 805-48-99,2026-03-02
4691,Волкова Ксения Сергеевна,+375 (44) 632-26-58,2025-06-29
4692,Григорьева Дарья Михайловна,+375 (29) 932-77-66,2025-08-12
4693,Степанова Екатерина Алексеевна,+375 (29) 270-19-08,2026-03-03
4694,Никитина Елена Михайловна,+375 (44) 531-42-84,2025-02-24
4695,Поляков Денис Андреевич,+375 (44) 885-52-38,2025-05-11
4696,Жукова Александра Александровна,+375 (44) 131-22-91,2025-03-15
4697,Морозов Егор Николаевич,+375 (44) 295-25-28,2025-02-22
4698,Алексеев Егор Александрович,+375 (44) 343-94-46,2025-07-25
4699,Пономарёв Олег Евгеньевич,+375 (33) 936-04-21,2025-06-14
4700,Романов Игорь Сергеевич,+375 (25) 285-06-61,2024-11-13
4701,Котова Лариса Владимировна,+375 (29) 358-30-22,2025-09-26
4702,Островский Игорь Николаевич,+375 (44) 856-42-78,2024-10-16
4703,Журавлёва Елена Евгеньевна,+375 (29) 431-38-57,2026-01-29
4704,Фёдоров Олег Алексеевич,+375 (29) 740-19-09,2025-06-30
4705,Сорокин Николай Викторович,+375 (29) 683-90-51,2025-06-05
4706,Фролова Юлия Алексеевна,+375 (44) 356-86-45,2025-07-17
4707,Беляева Ксения Андреевна,+375 (25) 118-77-67,2025-03-10
4708,Соболев Александр Андреевич,+375 (33) 343-89-28,2025-07-14
4709,Фёдоров Максим Сергеевич,+375 (25) 307-86-48,2024-12-16
4710,Морозов Егор Павлович,+375 (29) 699-37-97,2025-05-12
4711,Фёдорова Алина Евгеньевна,+375 (29) 123-65-14,2024-10-12
4712,Ковалевский Станислав Олегович,+375 (29) 479-29-44,2024-11-23
4713,Рогов Михаил Викторович,+375 (33) 458-59-75,2025-05-07
4714,Максимова Марина Михайловна,+375 (44) 762-41-86,2025-02-25
4715,Беляев Никита Викторович,+375 (29) 841-15-83,2025-09-22
4716,Жуков Ярослав Михайлович,+375 (33) 762-97-57,2025-09-06
4717,Богданов Николай Евгеньевич,+375 (44) 741-05-24,2025-03-30
4718,Новикова Надежда Петровна,+375 (33) 202-50-01,2025-04-11
4719,Михайлова Наталья Петровна,+375 (29) 845-79-12,2025-05-08
4720,Морозов Олег Дмитриевич,+375 (44) 416-62-25,2025-08-29
4721,Григорьев Олег Александрович,+375 (33) 754-08-96,2024-11-28
4722,Ершова Алина Дмитриевна,+375 (33) 447-30-28,2025-05-05
4723,Сидоров Егор Владимирович,+375 (44) 832-86-82,2025-04-12
4724,Лебедева Виктория Ивановна,+375 (44) 707-61-47,2026-05-19
4725,Куликов Тимофей Максимович,+375 (44) 551-58-87,2025-04-02
4726,Козлова Людмила Юрьевна,+375 (29) 765-45-26,2026-07-24
4727,Николаева Ксения Алексеевна,+375 (44) 760-55-46,2024-12-26
4728,Ильин Кирилл Максимович,+375 (44) 398-82-09,2025-03-14
4729,Гусева Милана Андреевна,+375 (25) 801-24-42,2025-08-01
4730,Иванов Роман Максимович,+375 (29) 365-17-78,2024-11-15
4731,Никитина Валерия Михайловна,+375 (29) 570-37-64,2025-06-19
4732,Соболева Юлия Павловна,+375 (33) 985-67-01,2025-11-17
4733,Цветков Роман Максимович,+375 (44) 593-80-60,2025-09-16
4734,Сорокин Виктор Викторович,+375 (29) 144-31-55,2024-12-22
4735,Беляев Максим Сергеевич,+375 (29) 292-15-51,2025-05-12
4736,Попов Иван Евгеньевич,+375 (29) 834-07-15,2025-09-22
4737,Комарова Екатерина Игоревна,+375 (25) 953-24-30,2026-07-26
4738,Сергеева София Михайловна,+375 (25) 697-38-17,2025-06-11
4739,Козлова Виктория Владимировна,+375 (33) 125-04-32,2024-10-09
4740,Смирнов Сергей Юрьевич,+375 (29) 573-09-20,2026-08-24
4741,Богданова Мария Александровна,+375 (33) 968-51-74,2025-11-15
4742,Попова Полина Андреевна,+375 (29) 631-64-52,2025-01-21
4743,Петров Павел Юрьевич,+375 (25) 111-57-43,2025-02-22
4744,Куликова Марина Ивановна,+375 (29) 103-95-19,2026-05-06
4745,Поляков Виктор Сергеевич,+375 (33) 532-06-00,2025-05-28
4746,Алексеева Юлия Сергеевна,+375 (29) 547-87-44,2025-04-04
4747,Соколова Мария Юрьевна,+375 (25) 107-79-44,2025-08-08
4748,Киселёва Евгения Олеговна,+375 (33) 269-98-96,2026-05-25
4749,Сидорова Вера Николаевна,+375 (29) 430-20-63,2026-03-31
4750,Герасимов Антон Михайлович,+375 (33) 150-52-57,2024-10-23
4751,Воробьёва Дарья Николаевна,+375 (44) 522-80-31,2024-12-12
4752,Ковалёв Артём Владимирович,+375 (29) 578-18-35,2025-02-11
4753,Мельник Тимофей Павлович,+375 (29) 944-89-42,2025-08-18
4754,Борисова Елена Викторовна,+375 (29) 946-47-88,2026-04-13
4755,Данилов Михаил Игоревич,+375 (33) 985-04-45,2025-08-08
4756,Макаров Руслан Евгеньевич,+375 (29) 113-97-36,2025-04-01
4757,Климович Татьяна Олеговна,+375 (29) 134-85-54,2024-12-19
4758,Соболев Иван Владимирович,+375 (33) 201-08-24,2025-08-06
4759,Яковлева Алёна Викторовна,+375 (29) 483-10-99,2026-01-29
4760,Захаров Михаил Павлович,+375 (29) 821-15-65,2025-09-13
4761,Герасимова Татьяна Игоревна,+375 (33) 211-68-91,2026-06-12
4762,Волков Дмитрий Олегович,+375 (29) 485-42-58,2025-02-24
4763,Михайлов Антон Петрович,+375 (29) 856-41-07,2024-12-02
4764,Ершов Олег Петрович,+375 (29) 109-59-65,2024-12-21
4765,Кузьмин Михаил Евгеньевич,+375 (29) 983-13-43,2025-03-20
4766,Жукова Анна Андреевна,+375 (29) 148-84-95,2025-09-17
4767,Яковлев Александр Юрьевич,+375 (33) 513-20-57,2025-06-15
4768,Кузнецова Лариса Дмитриевна,+375 (29) 500-84-73,2024-12-18
4769,Лазарева Анна Павловна,+375 (33) 679-60-02,2025-09-01
4770,Королёва Анна Павловна,+375 (25) 453-08-55,2025-01-16
4771,Андреев Денис Иванович,+375 (29) 424-56-74,2025-01-17
4772,Жуков Игорь Андреевич,+375 (44) 148-49-06,2024-12-30
4773,Макарова Полина Игоревна,+375 (29) 747-16-18,2025-07-13
4774,Козлов Иван Андреевич,+375 (44) 265-40-78,2026-03-06
4775,Козлов Сергей Дмитриевич,+375 (33) 239-11-09,2025-07-20
4776,Мельник Марина Евгеньевна,+375 (29) 654-21-06,2025-05-10
4777,Ковалёва Екатерина Игоревна,+375 (29) 517-16-93,2025-03-23
4778,Гусев Илья Викторович,+375 (44) 333-28-26,2026-06-06
4779,Белов Артём Петрович,+375 (29) 606-29-15,2025-03-07
4780,Полякова Юлия Алексеевна,+375 (25) 619-69-17,2025-07-05
4781,Королёв Даниил Юрьевич,+375 (25) 511-47-14,2026-01-09
4782,Мельник Светлана Дмитриевна,+375 (33) 214-59-64,2025-06-12
4783,Мельник Никита Игоревич,+375 (44) 759-28-77,2026-03-12
4784,Рогова Виктория Петровна,+375 (25) 803-84-75,2025-06-06
4785,Орлова Ксения Николаевна,+375 (44) 350-68-53,2026-02-13
4786,Борисова Анастасия Александровна,+375 (29) 720-94-16,2026-09-22
4787,Киселёв Михаил Михайлович,+375 (33) 919-50-96,2026-09-15
4788,Никитина Алёна Максимовна,+375 (44) 638-88-88,2025-07-24
4789,Полякова Мария Сергеевна,+375 (33) 764-10-18,2026-09-27
4790,Михайлова Валерия Максимовна,+375 (33) 468-50-50,2026-04-28
4791,Максимов Артём Юрьевич,+375 (25) 894-43-25,2025-07-28
4792,Тарасова Валерия Максимовна,+375 (44) 396-19-34,2024-12-18
4793,Котова Алина Викторовна,+375 (33) 799-57-14,2026-01-18
4794,Максимова София Игоревна,+375 (33) 499-44-78,2025-05-28
4795,Петров Фёдор Сергеевич,+375 (33) 852-71-16,2025-05-31
4796,Ильина Светлана Александровна,+375 (29) 819-81-32,2024-10-20
4797,Ковалёва Надежда Евгеньевна,+375 (25) 217-25-77,2025-01-13
4798,Николаев Глеб Александрович,+375 (29) 796-73-21,2025-07-05
4799,Рябов Роман Петрович,+375 (29) 903-04-63,2024-11-02
4800,Смирнов Роман Игоревич,+375 (29) 194-70-31,2025-05-05
4801,Крылова Вера Олеговна,+375 (29) 673-29-83,2026-04-26
4802,Богданов Сергей Юрьевич,+375 (25) 192-50-10,2024-12-08
4803,Андреев Ярослав Петрович,+375 (44) 915-51-52,2024-11-17
4804,Зайцев Евгений Евгеньевич,+375 (33) 838-57-48,2025-04-22
4805,Волков Максим Сергеевич,+375 (33) 195-92-42,2025-10-28
4806,Яковлев Станислав Игоревич,+375 (29) 892-89-84,2025-12-08
4807,Соколов Григорий Юрьевич,+375 (44) 868-53-67,2024-11-24
4808,Попова Юлия Юрьевна,+375 (25) 909-37-80,2025-05-19
4809,Жуков Денис Викторович,+375 (33) 234-10-84,2025-06-25
4810,Киселёв Юрий Павлович,+375 (33) 871-04-09,2025-04-01
4811,Григорьев Глеб Николаевич,+375 (29) 707-53-76,2025-06-25
4812,Рогова Наталья Павловна,+375 (33) 325-86-31,2025-02-16
4813,Смирнова Лариса Андреевна,+375 (29) 536-30-69,2025-01-01
4814,Фролов Евгений Игоревич,+375 (29) 126-98-07,2025-05-05
4815,Лебедев Иван Андреевич,+375 (44) 461-38-16,2024-12-19
4816,Цветкова Вера Сергеевна,+375 (44) 894-25-78,2026-09-11
4817,Комаров Николай Петрович,+375 (33) 467-73-07,2024-10-11
4818,Новикова Юлия Максимовна,+375 (33) 941-69-56,2025-06-26
4819,Воробьёва Людмила Андреевна,+375 (33) 888-70-54,2025-01-16
4820,Андреев Даниил Николаевич,+375 (29) 526-94-39,2026-07-08
4821,Рябов Николай Иванович,+375 (33) 574-64-81,2024-10-21
4822,Ершова Елена Павловна,+375 (25) 504-05-60,2025-07-12
4823,Рябова Светлана Алексеевна,+375 (29) 830-08-86,2025-07-21
4824,Петрова Виктория Евгеньевна,+375 (29) 169-03-38,2024-11-18
4825,Котов Кирилл Евгеньевич,+375 (29) 732-52-46,2026-02-16
4826,Кузьмин Илья Юрьевич,+375 (33) 992-71-41,2025-01-01
4827,Козлов Тимофей Дмитриевич,+375 (29) 595-84-05,2025-04-10
4828,Ковалевский Антон Юрьевич,+375 (33) 678-46-70,2025-05-04
4829,Фролова Марина Сергеевна,+375 (29) 523-71-51,2025-01-30
4830,Попова Ольга Максимовна,+375 (29) 455-06-73,2025-01-01
4831,Кузьмин Дмитрий Андреевич,+375 (33) 664-11-83,2025-06-22
4832,Лукашевич Илья Викторович,+375 (29) 834-91-17,2025-09-28
4833,Ершова Виктория Александровна,+375 (33) 408-02-63,2025-09-04
4834,Семёнов Егор Павлович,+375 (29) 737-63-18,2025-11-13
4835,Никитин Юрий Олегович,+375 (33) 540-26-42,2026-07-22
4836,Павлова Евгения Дмитриевна,+375 (29) 422-93-50,2025-10-29
4837,Макарова Валерия Олеговна,+375 (33) 510-90-74,2025-02-17
4838,Семёнов Максим Максимович,+375 (33) 365-88-06,2025-04-12
4839,Ершова Ирина Павловна,+375 (44) 892-58-90,2025-07-01
4840,Климович Ольга Алексеевна,+375 (25) 454-86-79,2026-08-01
4841,Смирнов Алексей Викторович,+375 (29) 411-54-09,2025-01-09
4842,Королёв Тимофей Павлович,+375 (33) 504-55-42,2024-10-14
4843,Фёдорова Милана Евгеньевна,+375 (33) 196-81-63,2024-12-03
4844,Цветкова Полина Юрьевна,+375 (29) 952-24-66,2025-10-28
4845,Морозова Елена Петровна,+375 (29) 976-96-28,2026-06-17
4846,Андреева Ирина Алексеевна,+375 (33) 636-11-34,2026-08-20
4847,Семёнов Дмитрий Евгеньевич,+375 (44) 408-52-35,2024-11-16
4848,Сидоренко Сергей Олегович,+375 (29) 815-06-41,2025-02-20
4849,Попова Алёна Андреевна,+375 (44) 209-02-24,2024-11-30
4850,Захаров Кирилл Петрович,+375 (33) 746-08-18,2025-06-20
4851,Козлова Виктория Алексеевна,+375 (29) 871-84-06,2026-03-28
4852,Королёв Никита Алексеевич,+375 (44) 916-35-04,2025-08-10
4853,Данилов Юрий Максимович,+375 (29) 834-36-68,2025-03-21
4854,Цветкова Милана Владимировна,+375 (44) 374-69-81,2024-10-15
4855,Сидорова Алёна Михайловна,+375 (25) 446-10-77,2025-02-14
4856,Данилов Егор Евгеньевич,+375 (44) 541-48-70,2024-12-09
4857,Белова Александра Владимировна,+375 (29) 774-98-81,2025-04-12
4858,Ершова Ксения Петровна,+375 (44) 455-64-73,2026-04-16
4859,Островская Анна Андреевна,+375 (29) 140-15-61,2024-10-22
4860,Козлова Милана Игоревна,+375 (44) 225-02-96,2025-07-13
4861,Андреев Кирилл Андреевич,+375 (29) 382-86-54,2024-11-20
4862,Сидоренко Дарья Андреевна,+375 (29) 257-57-11,2025-09-24
4863,Морозова София Викторовна,+375 (29) 175-83-03,2025-02-26
4864,Михайлова Наталья Владимировна,+375 (29) 325-42-38,2026-07-03
4865,Сергеев Михаил Иванович,+375 (25) 807-70-35,2025-06-13
4866,Рогов Дмитрий Иванович,+375 (44) 680-15-66,2026-08-06
4867,Белов Григорий Андреевич,+375 (29) 578-16-46,2025-02-01
4868,Ковалёв Максим Александрович,+375 (44) 273-40-00,2025-08-11
4869,Фролов Руслан Алексеевич,+375 (33) 186-32-70,2025-08-11
4870,Козлова Полина Михайловна,+375 (29) 828-68-58,2025-08-19
4871,Орлова Наталья Юрьевна,+375 (33) 782-70-79,2026-05-02
4872,Комарова Александра Александровна,+375 (29) 551-98-68,2025-09-05
4873,Ильина Юлия Александровна,+375 (44) 736-30-00,2025-06-26
4874,Захаров Глеб Павлович,+375 (33) 400-38-06,2024-12-25
4875,Богданова Александра Олеговна,+375 (29) 268-06-68,2026-02-28
4876,Ильин Константин Олегович,+375 (44) 674-52-10,2024-12-18
4877,Ковалевская Ирина Андреевна,+375 (33) 428-23-35,2026-03-30
4878,Николаева Алина Петровна,+375 (29) 980-31-88,2025-01-20
4879,Новицкая Валерия Михайловна,+375 (44) 513-17-03,2026-03-02
4880,Ершова Валерия Андреевна,+375 (25) 749-09-39,2025-09-11
4881,Захарова Елена Алексеевна,+375 (44) 258-68-79,2024-11-04
4882,Богданов Павел Михайлович,+375 (33) 545-36-70,2026-01-02
4883,Волкова Милана Павловна,+375 (44) 216-06-26,2025-05-12
4884,Сорокин Александр Павлович,+375 (33) 856-32-71,2025-04-20
4885,Гусев Владимир Максимович,+375 (44) 486-49-23,2025-04-23
4886,Жукова Марина Игоревна,+375 (29) 516-57-17,2025-08-04
4887,Иванов Руслан Николаевич,+375 (29) 152-67-82,2025-07-08
4888,Мельник Александра Андреевна,+375 (44) 688-33-48,2025-06-15
4889,Зайцева Евгения Евгеньевна,+375 (44) 478-83-41,2026-05-19
4890,Ильина Анастасия Алексеевна,+375 (29) 606-16-67,2026-09-16
4891,Макаров Илья Петрович,+375 (29) 280-91-59,2025-04-10
4892,Ковалевский Евгений Михайлович,+375 (29) 159-13-43,2025-06-02
4893,Соболев Владимир Павлович,+375 (33) 179-34-14,2026-01-28
4894,Сидоров Юрий Игоревич,+375 (25) 791-26-42,2024-10-12
4895,Максимова Наталья Сергеевна,+375 (29) 571-04-68,2025-01-26
4896,Медведев Константин Сергеевич,+375 (33) 832-62-36,2025-04-10
4897,Кузнецов Роман Михайлович,+375 (29) 981-75-62,2025-01-10
4898,Жукова Дарья Петровна,+375 (25) 753-21-34,2025-05-18
4899,Сидорова Татьяна Николаевна,+375 (29) 499-83-80,2025-07-14
4900,Титова Елена Олеговна,+375 (29) 664-69-41,2025-12-21
4901,Волкова Екатерина Владимировна,+375 (29) 228-21-62,2024-12-23
4902,Иванов Константин Юрьевич,+375 (29) 234-21-81,2025-02-05
4903,Романова Людмила Викторовна,+375 (44) 587-14-12,2025-03-08
4904,Ершова Марина Николаевна,+375 (44) 231-36-30,2025-09-30
4905,Куликов Сергей Михайлович,+375 (44) 295-69-42,2026-06-03
4906,Киселёв Григорий Алексеевич,+375 (29) 861-93-96,2025-02-17
4907,Степанов Олег Павлович,+375 (29) 517-10-54,2025-11-06
4908,Морозов Виктор Алексеевич,+375 (29) 498-75-80,2025-07-04
4909,Смирнов Глеб Игоревич,+375 (29) 985-14-37,2024-10-08
4910,Волкова Ксения Павловна,+375 (33) 611-93-92,2025-05-17
4911,Смирнов Кирилл Андреевич,+375 (29) 986-48-71,2025-06-23
4912,Данилова Мария Евгеньевна,+375 (44) 304-56-64,2026-05-27
4913,Королёва Анастасия Игоревна,+375 (25) 260-12-92,2025-04-08
4914,Павлов Руслан Сергеевич,+375 (33) 678-20-14,2025-03-11
4915,Захаров Константин Евгеньевич,+375 (44) 393-73-53,2025-02-06
4916,Куликов Максим Андреевич,+375 (44) 215-75-84,2025-05-19
4917,Козлова Наталья Андреевна,+375 (29) 134-05-00,2025-10-18
4918,Островский Николай Викторович,+375 (29) 702-71-25,2025-07-31
4919,Климович Елена Петровна,+375 (44) 498-24-40,2024-10-23
4920,Цветкова Ксения Павловна,+375 (44) 778-09-04,2025-03-30
4921,Журавлёва Вера Ивановна,+375 (33) 454-22-03,2025-05-01
4922,Сергеева Людмила Петровна,+375 (33) 646-32-92,2025-06-06
4923,Фролова Валерия Сергеевна,+375 (44) 644-81-23,2025-01-10
4924,Сорокин Михаил Петрович,+375 (33) 549-10-07,2024-11-01
4925,Волкова Елена Александровна,+375 (44) 930-66-95,2024-12-24
4926,Зайцев Глеб Алексеевич,+375 (44) 253-13-58,2025-03-19
4927,Максимов Игорь Олегович,+375 (29) 347-30-53,2026-01-24
4928,Кудрявцева Татьяна Евгеньевна,+375 (29) 752-35-15,2024-11-18
4929,Рябов Константин Андреевич,+375 (44) 785-94-40,2024-11-22
4930,Морозова Евгения Михайловна,+375 (33) 179-57-06,2025-05-11
4931,Кудрявцев Иван Евгеньевич,+375 (29) 519-95-01,2024-10-14
4932,Соколова Марина Сергеевна,+375 (29) 881-97-68,2025-10-15
4933,Богданова Анна Максимовна,+375 (33) 356-42-37,2024-11-26
4934,Лебедева Людмила Владимировна,+375 (44) 194-72-61,2025-09-10
4935,Семёнов Алексей Сергеевич,+375 (29) 785-98-04,2026-01-02
4936,Королёва София Михайловна,+375 (29) 634-65-32,2025-10-20
4937,Иванов Михаил Дмитриевич,+375 (29) 990-03-24,2026-02-16
4938,Павлова Анастасия Андреевна,+375 (33) 202-32-74,2025-09-02
4939,Ершов Игорь Максимович,+375 (29) 845-97-83,2025-08-31
4940,Морозова София Олеговна,+375 (33) 993-76-43,2025-09-19
4941,Романова Юлия Петровна,+375 (33) 592-03-26,2025-07-22
4942,Сидоренко Анастасия Андреевна,+375 (29) 358-10-29,2024-10-30
4943,Жукова Виктория Ивановна,+375 (44) 559-51-08,2026-06-11
4944,Козлов Артём Юрьевич,+375 (33) 782-36-45,2025-01-12
4945,Морозов Евгений Николаевич,+375 (44) 639-77-63,2025-06-16
4946,Никитина София Алексеевна,+375 (25) 257-78-18,2025-02-14
4947,Киселёва Надежда Сергеевна,+375 (33) 986-61-30,2024-12-20
4948,Титова Вера Николаевна,+375 (44) 881-84-05,2025-03-20
4949,Куликов Денис Иванович,+375 (29) 907-50-43,2024-11-22
4950,Захаров Михаил Павлович,+375 (25) 612-38-52,2025-03-07
4951,Кудрявцев Максим Николаевич,+375 (29) 640-85-52,2025-06-04
4952,Петров Игорь Владимирович,+375 (33) 483-83-35,2025-02-09
4953,Соколова Елена Павловна,+375 (29) 326-85-12,2024-10-21
4954,Иванова Татьяна Владимировна,+375 (44) 386-12-44,2024-12-03
4955,Беляев Илья Викторович,+375 (25) 788-26-73,2025-04-02
4956,Журавлёва Ольга Михайловна,+375 (25) 583-86-54,2025-02-25
4957,Островская Татьяна Александровна,+375 (29) 487-76-53,2024-10-09
4958,Куликова Евгения Михайловна,+375 (29) 304-72-33,2024-12-31
4959,Петров Роман Максимович,+375 (33) 447-27-02,2025-10-28
4960,Попов Руслан Олегович,+375 (29) 664-04-32,2025-06-20
4961,Журавлёв Глеб Андреевич,+375 (33) 241-29-59,2024-11-04
4962,Киселёва Вера Максимовна,+375 (33) 715-95-51,2026-08-14
4963,Шевченко Анна Ивановна,+375 (33) 946-97-40,2026-03-23
4964,Степанова Марина Андреевна,+375 (25) 645-42-90,2025-09-19
4965,Шевченко Роман Иванович,+375 (44) 397-92-36,2025-08-19
4966,Новикова Наталья Сергеевна,+375 (25) 916-90-57,2026-06-26
4967,Максимов Евгений Петрович,+375 (44) 704-90-36,2025-08-03
4968,Сергеев Олег Андреевич,+375 (33) 185-65-12,2024-11-13
4969,Кузьмин Александр Петрович,+375 (29) 867-72-98,2024-11-01
4970,Сорокин Никита Максимович,+375 (33) 187-36-16,2025-10-10
4971,Орлова Ирина Александровна,+375 (29) 654-25-52,2024-12-02
4972,Королёв Сергей Сергеевич,+375 (44) 623-56-34,2025-08-10
4973,Данилова Юлия Игоревна,+375 (29) 862-25-18,2024-12-17
4974,Журавлёв Константин Сергеевич,+375 (44) 954-84-57,2025-12-02
4975,Котов Михаил Алексеевич,+375 (44) 501-56-78,2025-09-16
4976,Гусев Фёдор Андреевич,+375 (25) 201-06-22,2026-06-11
4977,Данилова Евгения Сергеевна,+375 (29) 953-25-90,2024-12-04
4978,Шевченко Артём Владимирович,+375 (29) 859-50-56,2026-02-10
4979,Петров Илья Максимович,+375 (29) 429-02-41,2026-09-23
4980,Куликов Дмитрий Михайлович,+375 (44) 383-81-05,2024-11-29
4981,Никитин Михаил Юрьевич,+375 (44) 703-30-27,2025-06-15
4982,Кудрявцев Роман Дмитриевич,+375 (44) 699-84-88,2025-04-14
4983,Лебедева Ксения Олеговна,+375 (29) 718-05-70,2026-01-09
4984,Лазарева Дарья Олеговна,+375 (33) 977-83-88,2024-10-10
4985,Гусева Людмила Николаевна,+375 (25) 689-96-22,2024-12-16
4986,Герасимов Иван Игоревич,+375 (29) 801-32-88,2026-02-21
4987,Иванов Виктор Алексеевич,+375 (29) 432-02-48,2025-01-08
4988,Иванова Наталья Владимировна,+375 (25) 711-53-29,2026-04-08
4989,Королёва Дарья Максимовна,+375 (44) 955-04-17,2025-08-09
4990,Котов Кирилл Евгеньевич,+375 (25) 871-68-43,2025-07-03
4991,Григорьев Тимофей Викторович,+375 (29) 312-04-56,2025-09-17
4992,Климович Виктор Николаевич,+375 (33) 584-64-23,2025-04-05
4993,Максимова Елена Ивановна,+375 (29) 907-93-53,2025-04-03
4994,Тарасов Владимир Павлович,+375 (29) 817-79-38,2026-05-12
4995,Лебедева Елена Максимовна,+375 (44) 463-16-08,2025-02-01
4996,Романова Дарья Евгеньевна,+375 (44) 571-44-17,2025-09-27
4997,Герасимов Фёдор Алексеевич,+375 (33) 650-69-14,2025-12-22
4998,Данилова Дарья Алексеевна,+375 (29) 628-00-05,2026-01-19
4999,Яковлев Михаил Игоревич,+375 (44) 148-22-38,2024-12-07
5000,Ковалевская Анастасия Евгеньевна,+375 (33) 461-91-19,2026-03-27
